memory_initialization_radix=2;
memory_initialization_vector=
000000000000000000000000000000000000000000000000011111101001001110011100
000000000000000000000000000000000000000000000000011111001001001110011110
000000000000000000000000000000000000000000000000011111001000111110011100
000000000000000000000000000000000000000000000000011101001001000010011100
000000000000000000000000000000000000000000000000011100101000100110010111
000000000000000000000000000000000000000000000000011010011000001110010010
000000000000000000000000000000000000000000000000011010011000010010010010
000000000000000000000000000000000000000000000000011010010111111110010000
000000000000000000000000000000000000000000000000011001011000000110001111
000000000000000000000000000000000000000000000000011001010111111010010000
000000000000000000000000000000000000000000000000011011001000001110010001
000000000000000000000000000000000000000000000000010111000111011010000110
000000000000000000000000000000000000000000000000010101000110111010000001
000000000000000000000000000000000000000000000000010101000110101110000000
000000000000000000000000000000000000000000000000010011100110011001111101
000000000000000000000000000000000000000000000000010011000110001101111001
000000000000000000000000000000000000000000000000010010110110001001111000
000000000000000000000000000000000000000000000000010011110110100001111111
000000000000000000000000000000000000000000000000010011110110011101111110
000000000000000000000000000000000000000000000000010011000110100110000000
000000000000000000000000000000000000000000000000010101010110101010000001
000000000000000000000000000000000000000000000000010100110110111010000100
000000000000000000000000000000000000000000000000010101010110101110000100
000000000000000000000000000000000000000000000000010101010110100110000001
000000000000000000000000000000000000000000000000010011100110101101111111
000000000000000000000000000000000000000000000000010101000110110010000010
000000000000000000000000000000000000000000000000010100110110100110000011
000000000000000000000000000000000000000000000000010010010110011101111110
000000000000000000000000000000000000000000000000010100000110110010000011
000000000000000000000000000000000000000000000000010011110110100110000000
000000000000000000000000000000000000000000000000010011110110011001111111
000000000000000000000000000000000000000000000000010100110110101010000010
000000000000000000000000000000000000000000000000010100000110011110000001
000000000000000000000000000000000000000000000000010100110110101010000001
000000000000000000000000000000000000000000000000010010100110011001111100
000000000000000000000000000000000000000000000000010100110110110110000010
000000000000000000000000000000000000000000000000010101010110110010000001
000000000000000000000000000000000000000000000000010001110110101001111110
000000000000000000000000000000000000000000000000010100000110011001111111
000000000000000000000000000000000000000000000000010100010110100010000000
000000000000000000000000000000000000000000000000010011100110100001111111
000000000000000000000000000000000000000000000000010101110110101110000001
000000000000000000000000000000000000000000000000010101100110111110000101
000000000000000000000000000000000000000000000000010110100111010010001010
000000000000000000000000000000000000000000000000011000010111100010001111
000000000000000000000000000000000000000000000000010111000111101010001001
000000000000000000000000000000000000000000000000011011011000000010010010
000000000000000000000000000000000000000000000000011100001000011110010110
000000000000000000000000000000000000000000000000011011011000010110010110
000000000000000000000000000000000000000000000000011011001000011010010110
000000000000000000000000000000000000000000000000011010001000001010010011
000000000000000000000000000000000000000000000000011011011000000010010011
000000000000000000000000000000000000000000000000011011011000001010010010
000000000000000000000000000000000000000000000000011000110111110010001110
000000000000000000000000000000000000000000000000011001011000000010010010
000000000000000000000000000000000000000000000000011010010111111110001111
000000000000000000000000000000000000000000000000011010100111110110001101
000000000000000000000000000000000000000000000000011000100111101010001010
000000000000000000000000000000000000000000000000010110010111010110001000
000000000000000000000000000000000000000000000000010110110111001010000101
000000000000000000000000000000000000000000000000010111000111011010000010
000000000000000000000000000000000000000000000000010101100111000010000000
000000000000000000000000000000000000000000000000010100100110011001111010
000000000000000000000000000000000000000000000000010101010110001101111001
000000000000000000000000000000000000000000000000010010110110001101110110
000000000000000000000000000000000000000000000000010010100110001101111001
000000000000000000000000000000000000000000000000010001100110000101110111
000000000000000000000000000000000000000000000000010000100101110001110100
000000000000000000000000000000000000000000000000010000110101100101110010
000000000000000000000000000000000000000000000000010001010101101001110100
000000000000000000000000000000000000000000000000010011100101110101110011
000000000000000000000000000000000000000000000000010010010101110101110100
000000000000000000000000000000000000000000000000010000100101100001101110
000000000000000000000000000000000000000000000000010001010101011101101101
000000000000000000000000000000000000000000000000010011000101101001110000
000000000000000000000000000000000000000000000000011110011000111110011100
000000000000000000000000000000000000000000000000011111011001000010011101
000000000000000000000000000000000000000000000000011111011000111010011101
000000000000000000000000000000000000000000000000011110011000110010011010
000000000000000000000000000000000000000000000000011101001000110010011011
000000000000000000000000000000000000000000000000011100001000011010010101
000000000000000000000000000000000000000000000000011010101000010010010010
000000000000000000000000000000000000000000000000011001100111111110010000
000000000000000000000000000000000000000000000000011000100111101110001101
000000000000000000000000000000000000000000000000010111010111101110001010
000000000000000000000000000000000000000000000000011001110111111110001110
000000000000000000000000000000000000000000000000010111000111001010000101
000000000000000000000000000000000000000000000000010101100110111010000010
000000000000000000000000000000000000000000000000010100010110011101111101
000000000000000000000000000000000000000000000000010001110110010101111010
000000000000000000000000000000000000000000000000010011010110010001111011
000000000000000000000000000000000000000000000000010010000110001101111011
000000000000000000000000000000000000000000000000010011000110011001111101
000000000000000000000000000000000000000000000000010011010110010101111101
000000000000000000000000000000000000000000000000010100000110011110000000
000000000000000000000000000000000000000000000000010011000110011101111101
000000000000000000000000000000000000000000000000010011000110011001111101
000000000000000000000000000000000000000000000000010010100110011101111110
000000000000000000000000000000000000000000000000010010110110100110000000
000000000000000000000000000000000000000000000000010011000110011101111110
000000000000000000000000000000000000000000000000010011010110011110000000
000000000000000000000000000000000000000000000000010011110110111110000010
000000000000000000000000000000000000000000000000010010110110101010000001
000000000000000000000000000000000000000000000000010100010110101010000001
000000000000000000000000000000000000000000000000010011110110110010000101
000000000000000000000000000000000000000000000000010010100110011010000010
000000000000000000000000000000000000000000000000010100100110110010000100
000000000000000000000000000000000000000000000000010100110110101110000010
000000000000000000000000000000000000000000000000010010100110010001111101
000000000000000000000000000000000000000000000000010011000110010101111101
000000000000000000000000000000000000000000000000010100000110100001111110
000000000000000000000000000000000000000000000000010100110110101110000011
000000000000000000000000000000000000000000000000010100000110011101111111
000000000000000000000000000000000000000000000000010100110110101010000001
000000000000000000000000000000000000000000000000010011100110011001111101
000000000000000000000000000000000000000000000000010011110110101010000001
000000000000000000000000000000000000000000000000010100110110100110000001
000000000000000000000000000000000000000000000000010100100110110110000001
000000000000000000000000000000000000000000000000010111010111010110001000
000000000000000000000000000000000000000000000000011000100111110010010000
000000000000000000000000000000000000000000000000011010001000000110010010
000000000000000000000000000000000000000000000000011010011000010110010010
000000000000000000000000000000000000000000000000011010111000010010010010
000000000000000000000000000000000000000000000000011011111000010110010100
000000000000000000000000000000000000000000000000011011001000010110010100
000000000000000000000000000000000000000000000000011010001000010010010101
000000000000000000000000000000000000000000000000011001100111111110010011
000000000000000000000000000000000000000000000000011000110111111010001101
000000000000000000000000000000000000000000000000011000010111100010001001
000000000000000000000000000000000000000000000000011000100111111110001101
000000000000000000000000000000000000000000000000010111000111011110001001
000000000000000000000000000000000000000000000000011000110111100110001001
000000000000000000000000000000000000000000000000010101010111000010000101
000000000000000000000000000000000000000000000000010110100111001010000110
000000000000000000000000000000000000000000000000010110000111000110000101
000000000000000000000000000000000000000000000000010101010110111110000100
000000000000000000000000000000000000000000000000010100100110101101111111
000000000000000000000000000000000000000000000000010010100110010101111000
000000000000000000000000000000000000000000000000010011000110001001111010
000000000000000000000000000000000000000000000000010011000110001101111010
000000000000000000000000000000000000000000000000010001100101111101110011
000000000000000000000000000000000000000000000000010001100101101001110011
000000000000000000000000000000000000000000000000010000110101100101110010
000000000000000000000000000000000000000000000000010001000101110001110101
000000000000000000000000000000000000000000000000010001110101101001110000
000000000000000000000000000000000000000000000000010011100110000001111000
000000000000000000000000000000000000000000000000010000110101110001110010
000000000000000000000000000000000000000000000000010001000101110001110000
000000000000000000000000000000000000000000000000010001110101011101110000
000000000000000000000000000000000000000000000000001111100101010101101110
000000000000000000000000000000000000000000000000011101111000110110011100
000000000000000000000000000000000000000000000000011110101000111110011101
000000000000000000000000000000000000000000000000011110111000111110011101
000000000000000000000000000000000000000000000000011110011000110110011100
000000000000000000000000000000000000000000000000011100111000101110011010
000000000000000000000000000000000000000000000000011011001000010010010011
000000000000000000000000000000000000000000000000011100001000100010010110
000000000000000000000000000000000000000000000000011010001000001010010010
000000000000000000000000000000000000000000000000011001000111110010001101
000000000000000000000000000000000000000000000000011000100111101110001100
000000000000000000000000000000000000000000000000011000110111111010001100
000000000000000000000000000000000000000000000000010110100111010010000100
000000000000000000000000000000000000000000000000010110000111001010000101
000000000000000000000000000000000000000000000000010011010110101010000000
000000000000000000000000000000000000000000000000010010000101111001111001
000000000000000000000000000000000000000000000000010010100110011101111101
000000000000000000000000000000000000000000000000010011000110011001111110
000000000000000000000000000000000000000000000000010100110110100110000010
000000000000000000000000000000000000000000000000010010110110011110000001
000000000000000000000000000000000000000000000000010100100110101110000010
000000000000000000000000000000000000000000000000010011010110011001111110
000000000000000000000000000000000000000000000000010010110110011101111110
000000000000000000000000000000000000000000000000010010100110011001111110
000000000000000000000000000000000000000000000000010011100110110010000001
000000000000000000000000000000000000000000000000010100100110101010000001
000000000000000000000000000000000000000000000000010011010110100010000001
000000000000000000000000000000000000000000000000010100010110111010000100
000000000000000000000000000000000000000000000000010011110110110110000011
000000000000000000000000000000000000000000000000010010000110110010000011
000000000000000000000000000000000000000000000000010100100110101110000100
000000000000000000000000000000000000000000000000010001110110011001111110
000000000000000000000000000000000000000000000000010100110110101110000001
000000000000000000000000000000000000000000000000010100100110101010000010
000000000000000000000000000000000000000000000000010011010110011101111111
000000000000000000000000000000000000000000000000010011100110011001111110
000000000000000000000000000000000000000000000000010011010110011101111110
000000000000000000000000000000000000000000000000010001110110011001111100
000000000000000000000000000000000000000000000000010100010110101010000001
000000000000000000000000000000000000000000000000010011010110111110000001
000000000000000000000000000000000000000000000000010100110110101110000010
000000000000000000000000000000000000000000000000010011010110110110000011
000000000000000000000000000000000000000000000000010011100110111010000110
000000000000000000000000000000000000000000000000010100110110101110000010
000000000000000000000000000000000000000000000000010111000111010110001001
000000000000000000000000000000000000000000000000010111100111111010001101
000000000000000000000000000000000000000000000000011010001000010010010101
000000000000000000000000000000000000000000000000011011111000010010010111
000000000000000000000000000000000000000000000000011101001000100110011000
000000000000000000000000000000000000000000000000011100101000011110010110
000000000000000000000000000000000000000000000000011011101000010010010100
000000000000000000000000000000000000000000000000011001000111111110010010
000000000000000000000000000000000000000000000000011000110111100110001110
000000000000000000000000000000000000000000000000011001000111111010001110
000000000000000000000000000000000000000000000000011010010111111110001110
000000000000000000000000000000000000000000000000010110110111110110001010
000000000000000000000000000000000000000000000000010101110111000110000101
000000000000000000000000000000000000000000000000010111010111010010000110
000000000000000000000000000000000000000000000000011000000111010010000111
000000000000000000000000000000000000000000000000010111010111010010000111
000000000000000000000000000000000000000000000000010110100111000110000100
000000000000000000000000000000000000000000000000010101010111000010000011
000000000000000000000000000000000000000000000000010011010110101010000000
000000000000000000000000000000000000000000000000010100100110101010000000
000000000000000000000000000000000000000000000000010100110110011001111101
000000000000000000000000000000000000000000000000010011110110001001111011
000000000000000000000000000000000000000000000000010001010101110001110101
000000000000000000000000000000000000000000000000010001110101101001110100
000000000000000000000000000000000000000000000000010001010101101001110011
000000000000000000000000000000000000000000000000010001000101101101110001
000000000000000000000000000000000000000000000000010001110101100101110001
000000000000000000000000000000000000000000000000010010000101111001110101
000000000000000000000000000000000000000000000000010000010101101001110000
000000000000000000000000000000000000000000000000010001000101101101110000
000000000000000000000000000000000000000000000000010000110101101001110000
000000000000000000000000000000000000000000000000010000000101010001101101
000000000000000000000000000000000000000000000000011110111000110010011100
000000000000000000000000000000000000000000000000011110101001000110011101
000000000000000000000000000000000000000000000000011110011001000110011101
000000000000000000000000000000000000000000000000011110001000111110011100
000000000000000000000000000000000000000000000000011100101000101110011010
000000000000000000000000000000000000000000000000011011001000001010010010
000000000000000000000000000000000000000000000000011100001000011010010100
000000000000000000000000000000000000000000000000011001111000000110010001
000000000000000000000000000000000000000000000000011010010111111010010000
000000000000000000000000000000000000000000000000010111010111011110001011
000000000000000000000000000000000000000000000000011000010111101110001010
000000000000000000000000000000000000000000000000010110000111001110000010
000000000000000000000000000000000000000000000000010101000110110010000011
000000000000000000000000000000000000000000000000010011110110011001111110
000000000000000000000000000000000000000000000000010010100110011001111100
000000000000000000000000000000000000000000000000010011110110011101111111
000000000000000000000000000000000000000000000000010100010110100110000001
000000000000000000000000000000000000000000000000010101010110101110000011
000000000000000000000000000000000000000000000000010100000110110101111110
000000000000000000000000000000000000000000000000010011100110101110000001
000000000000000000000000000000000000000000000000010010100110011001111110
000000000000000000000000000000000000000000000000010100110110101010000010
000000000000000000000000000000000000000000000000010100010110101110000011
000000000000000000000000000000000000000000000000010100010111000010000110
000000000000000000000000000000000000000000000000010100000111000010000101
000000000000000000000000000000000000000000000000010100110110110110000011
000000000000000000000000000000000000000000000000010101010110111110000110
000000000000000000000000000000000000000000000000010101010110110010000101
000000000000000000000000000000000000000000000000010010010110110110000001
000000000000000000000000000000000000000000000000010100100110100110000010
000000000000000000000000000000000000000000000000010100010110100110000010
000000000000000000000000000000000000000000000000010011110110101010000010
000000000000000000000000000000000000000000000000010011010110100010000000
000000000000000000000000000000000000000000000000010011010110011001111110
000000000000000000000000000000000000000000000000010011010110100110000001
000000000000000000000000000000000000000000000000010101010110101010000000
000000000000000000000000000000000000000000000000010100000110100010000000
000000000000000000000000000000000000000000000000010011100110110010000010
000000000000000000000000000000000000000000000000010011100110111010000100
000000000000000000000000000000000000000000000000010101010110110010000101
000000000000000000000000000000000000000000000000010101110111000010000100
000000000000000000000000000000000000000000000000010110100111001010001000
000000000000000000000000000000000000000000000000010111000111010110000110
000000000000000000000000000000000000000000000000011001010111111110001110
000000000000000000000000000000000000000000000000011010001000010110010010
000000000000000000000000000000000000000000000000011010111000010110010101
000000000000000000000000000000000000000000000000011011101000010110010011
000000000000000000000000000000000000000000000000011100111000100010010110
000000000000000000000000000000000000000000000000011011001000011010010101
000000000000000000000000000000000000000000000000011010011000000110010100
000000000000000000000000000000000000000000000000011010001000010110010010
000000000000000000000000000000000000000000000000011010101000011010010100
000000000000000000000000000000000000000000000000011010101000010110010010
000000000000000000000000000000000000000000000000011010001000000010001111
000000000000000000000000000000000000000000000000010111010111010110001000
000000000000000000000000000000000000000000000000010111000111011010001001
000000000000000000000000000000000000000000000000010110010111010010000111
000000000000000000000000000000000000000000000000010110110111001110000110
000000000000000000000000000000000000000000000000011000110111100010001000
000000000000000000000000000000000000000000000000010111100111011010001001
000000000000000000000000000000000000000000000000010110100111001110000110
000000000000000000000000000000000000000000000000010101110110111010000010
000000000000000000000000000000000000000000000000010101000110110001111111
000000000000000000000000000000000000000000000000010010110110010101111000
000000000000000000000000000000000000000000000000010010110110001001111010
000000000000000000000000000000000000000000000000010001110101111001110111
000000000000000000000000000000000000000000000000010000010101101101110010
000000000000000000000000000000000000000000000000010000110101101001110011
000000000000000000000000000000000000000000000000010000000101100001110000
000000000000000000000000000000000000000000000000010010000101111001110010
000000000000000000000000000000000000000000000000010001010101101101110011
000000000000000000000000000000000000000000000000010001010101011101110001
000000000000000000000000000000000000000000000000001111110101101101110010
000000000000000000000000000000000000000000000000001111000101100101110001
000000000000000000000000000000000000000000000000010001000101101101110000
000000000000000000000000000000000000000000000000011110011001000010011101
000000000000000000000000000000000000000000000000011100101000111110011011
000000000000000000000000000000000000000000000000011011011000011110010110
000000000000000000000000000000000000000000000000011101001000110110011100
000000000000000000000000000000000000000000000000011100001000100010010111
000000000000000000000000000000000000000000000000011100101000011110010110
000000000000000000000000000000000000000000000000011100101000011010010101
000000000000000000000000000000000000000000000000011001101000000010010001
000000000000000000000000000000000000000000000000011001100111111010001110
000000000000000000000000000000000000000000000000010110100111100110001011
000000000000000000000000000000000000000000000000010111110111100010001000
000000000000000000000000000000000000000000000000010100000111000010000010
000000000000000000000000000000000000000000000000010100010110101110000000
000000000000000000000000000000000000000000000000010010010110010101111100
000000000000000000000000000000000000000000000000010000010110000101111001
000000000000000000000000000000000000000000000000010001110101111101111011
000000000000000000000000000000000000000000000000010001100110001001111011
000000000000000000000000000000000000000000000000010010110110011101111101
000000000000000000000000000000000000000000000000010010110110110110000001
000000000000000000000000000000000000000000000000010100000110110010000000
000000000000000000000000000000000000000000000000010011000110101110000010
000000000000000000000000000000000000000000000000010100000110110010000100
000000000000000000000000000000000000000000000000010011000110111110000110
000000000000000000000000000000000000000000000000010110100110111010000101
000000000000000000000000000000000000000000000000010101010110101110000101
000000000000000000000000000000000000000000000000010101000110110010000100
000000000000000000000000000000000000000000000000010101000111001010000101
000000000000000000000000000000000000000000000000010100100111000110000101
000000000000000000000000000000000000000000000000010100110111001010000110
000000000000000000000000000000000000000000000000010100010110100101111101
000000000000000000000000000000000000000000000000010010000110100101111111
000000000000000000000000000000000000000000000000010001000110001001111011
000000000000000000000000000000000000000000000000010011100110100001111111
000000000000000000000000000000000000000000000000010001110110011001111100
000000000000000000000000000000000000000000000000010010100110101101111101
000000000000000000000000000000000000000000000000010100110110110010000010
000000000000000000000000000000000000000000000000010100110110100110000001
000000000000000000000000000000000000000000000000010010110110011101111111
000000000000000000000000000000000000000000000000010011100110101101111111
000000000000000000000000000000000000000000000000010101010110101110000100
000000000000000000000000000000000000000000000000010101100111001010000110
000000000000000000000000000000000000000000000000011000100111101110001110
000000000000000000000000000000000000000000000000011010101000001010010001
000000000000000000000000000000000000000000000000011011001000100010010100
000000000000000000000000000000000000000000000000011100111000110010011001
000000000000000000000000000000000000000000000000011100101000100110011001
000000000000000000000000000000000000000000000000011011101000011110010101
000000000000000000000000000000000000000000000000011001011000010110010100
000000000000000000000000000000000000000000000000010111101000000110010010
000000000000000000000000000000000000000000000000011001010111111110010010
000000000000000000000000000000000000000000000000011011011000011010011000
000000000000000000000000000000000000000000000000011011001000010110010100
000000000000000000000000000000000000000000000000011001010111111010010000
000000000000000000000000000000000000000000000000011001101000010010010010
000000000000000000000000000000000000000000000000011000110111111110001111
000000000000000000000000000000000000000000000000010111000111110010001010
000000000000000000000000000000000000000000000000010110010111011010000111
000000000000000000000000000000000000000000000000010110100111010110001010
000000000000000000000000000000000000000000000000010110010111010110000110
000000000000000000000000000000000000000000000000010111100111101010001001
000000000000000000000000000000000000000000000000010101100111010110000100
000000000000000000000000000000000000000000000000010101010110111110000010
000000000000000000000000000000000000000000000000010100100110101010000010
000000000000000000000000000000000000000000000000010001100110001001111000
000000000000000000000000000000000000000000000000010011000110001001111000
000000000000000000000000000000000000000000000000010001110101110101110010
000000000000000000000000000000000000000000000000010000100101111001110100
000000000000000000000000000000000000000000000000010001110101111101110011
000000000000000000000000000000000000000000000000010000110101011101110000
000000000000000000000000000000000000000000000000010000010101101101110000
000000000000000000000000000000000000000000000000010001000101100001110000
000000000000000000000000000000000000000000000000010010010101100001110010
000000000000000000000000000000000000000000000000010001100101111101110100
000000000000000000000000000000000000000000000000010000010101101101110010
000000000000000000000000000000000000000000000000001111100101101001110000
000000000000000000000000000000000000000000000000011101111000111110011101
000000000000000000000000000000000000000000000000011100011000110010011001
000000000000000000000000000000000000000000000000011011101000010110010101
000000000000000000000000000000000000000000000000011011011000011010010111
000000000000000000000000000000000000000000000000011010011000011010010100
000000000000000000000000000000000000000000000000011010011000011010010011
000000000000000000000000000000000000000000000000011010111000001010010011
000000000000000000000000000000000000000000000000011000110111111010010001
000000000000000000000000000000000000000000000000011000100111101110001101
000000000000000000000000000000000000000000000000011000000111100110001101
000000000000000000000000000000000000000000000000010111100111100010001011
000000000000000000000000000000000000000000000000010100110110110101111111
000000000000000000000000000000000000000000000000010001100110000001111010
000000000000000000000000000000000000000000000000010010010110001101111011
000000000000000000000000000000000000000000000000010010100110001001111010
000000000000000000000000000000000000000000000000010010000110011001111011
000000000000000000000000000000000000000000000000010010010110011101111110
000000000000000000000000000000000000000000000000010100110110100010000100
000000000000000000000000000000000000000000000000010001110110100001111111
000000000000000000000000000000000000000000000000010010000110011001111110
000000000000000000000000000000000000000000000000010010110110100001111110
000000000000000000000000000000000000000000000000010010110110011110000010
000000000000000000000000000000000000000000000000010100100111000010000101
000000000000000000000000000000000000000000000000010101000110111110000110
000000000000000000000000000000000000000000000000010100000110110110000011
000000000000000000000000000000000000000000000000010100100110110110000011
000000000000000000000000000000000000000000000000010101010111000010000100
000000000000000000000000000000000000000000000000010100110111001010000010
000000000000000000000000000000000000000000000000010100100111000010000110
000000000000000000000000000000000000000000000000010101000110110010000011
000000000000000000000000000000000000000000000000010011100110100010000001
000000000000000000000000000000000000000000000000010010000110011010000010
000000000000000000000000000000000000000000000000010011010110100010000011
000000000000000000000000000000000000000000000000010011100110010001111110
000000000000000000000000000000000000000000000000010110000110101110000011
000000000000000000000000000000000000000000000000010101110111000110000101
000000000000000000000000000000000000000000000000010101010110111110000100
000000000000000000000000000000000000000000000000010100100110110110000001
000000000000000000000000000000000000000000000000010101000110111010000100
000000000000000000000000000000000000000000000000010110010111010110001001
000000000000000000000000000000000000000000000000010111000111010110001000
000000000000000000000000000000000000000000000000011001010111111110001110
000000000000000000000000000000000000000000000000011011011000010110010100
000000000000000000000000000000000000000000000000011100011000101010011000
000000000000000000000000000000000000000000000000011100111000111110011011
000000000000000000000000000000000000000000000000011011111000110010011001
000000000000000000000000000000000000000000000000011010011000011110011000
000000000000000000000000000000000000000000000000011001101000011110011001
000000000000000000000000000000000000000000000000011001001000000010010010
000000000000000000000000000000000000000000000000011010111000001110010100
000000000000000000000000000000000000000000000000011010111000011010010100
000000000000000000000000000000000000000000000000011001111000001010010010
000000000000000000000000000000000000000000000000010111010111110010001101
000000000000000000000000000000000000000000000000011010100111101110001101
000000000000000000000000000000000000000000000000011001110111101110010000
000000000000000000000000000000000000000000000000011000100111100010001101
000000000000000000000000000000000000000000000000010110100111010110001010
000000000000000000000000000000000000000000000000010110000111000110000110
000000000000000000000000000000000000000000000000010111110111001110000110
000000000000000000000000000000000000000000000000011000010111100110001001
000000000000000000000000000000000000000000000000010101010111001010000101
000000000000000000000000000000000000000000000000010011110110111010000000
000000000000000000000000000000000000000000000000010011110110101101111111
000000000000000000000000000000000000000000000000010001010101101101110100
000000000000000000000000000000000000000000000000010001110101111001110110
000000000000000000000000000000000000000000000000010000110101101101110001
000000000000000000000000000000000000000000000000001110110101101101110000
000000000000000000000000000000000000000000000000010001010110000001110111
000000000000000000000000000000000000000000000000010000100101101101110010
000000000000000000000000000000000000000000000000001111010101011101101111
000000000000000000000000000000000000000000000000001110010101011101101110
000000000000000000000000000000000000000000000000010001110101110101110010
000000000000000000000000000000000000000000000000010001110110000001110101
000000000000000000000000000000000000000000000000010001110110000101111001
000000000000000000000000000000000000000000000000010001010101101101110001
000000000000000000000000000000000000000000000000011100001000101010011000
000000000000000000000000000000000000000000000000011101101000101110011010
000000000000000000000000000000000000000000000000011100011000100110011001
000000000000000000000000000000000000000000000000011100101000101110011001
000000000000000000000000000000000000000000000000011100111000100010010111
000000000000000000000000000000000000000000000000011010001000010010010010
000000000000000000000000000000000000000000000000011000101000010110010001
000000000000000000000000000000000000000000000000011000110111111110010010
000000000000000000000000000000000000000000000000011001000111111110001110
000000000000000000000000000000000000000000000000010111110111100110001011
000000000000000000000000000000000000000000000000010101110111010010001001
000000000000000000000000000000000000000000000000010011110110101101111100
000000000000000000000000000000000000000000000000010000010110000101110111
000000000000000000000000000000000000000000000000010100100110101010000011
000000000000000000000000000000000000000000000000010001100110001101111011
000000000000000000000000000000000000000000000000010001000110001001111100
000000000000000000000000000000000000000000000000010010110110101110000001
000000000000000000000000000000000000000000000000010011010110101010000000
000000000000000000000000000000000000000000000000010011000110101110000001
000000000000000000000000000000000000000000000000010100000110011001111111
000000000000000000000000000000000000000000000000010011110110011110000000
000000000000000000000000000000000000000000000000010100000110110110000100
000000000000000000000000000000000000000000000000010101000110111010000100
000000000000000000000000000000000000000000000000010100000110111010000001
000000000000000000000000000000000000000000000000010101000110111010000101
000000000000000000000000000000000000000000000000010101010111000110000110
000000000000000000000000000000000000000000000000010100110111000110000111
000000000000000000000000000000000000000000000000010110000111001110000110
000000000000000000000000000000000000000000000000010100010110110110000011
000000000000000000000000000000000000000000000000010101000110101110000001
000000000000000000000000000000000000000000000000010101010110111010000110
000000000000000000000000000000000000000000000000010101100110111010000101
000000000000000000000000000000000000000000000000010100010110101110000010
000000000000000000000000000000000000000000000000010011010110100001111110
000000000000000000000000000000000000000000000000010101010110110110000011
000000000000000000000000000000000000000000000000010100000110110010000011
000000000000000000000000000000000000000000000000010010010110110001111111
000000000000000000000000000000000000000000000000010010100110110010000011
000000000000000000000000000000000000000000000000010100000111000110000111
000000000000000000000000000000000000000000000000010111010111011010001001
000000000000000000000000000000000000000000000000011000110111101010001100
000000000000000000000000000000000000000000000000011000110111111010001101
000000000000000000000000000000000000000000000000011011001000011010010100
000000000000000000000000000000000000000000000000011100101000111010011010
000000000000000000000000000000000000000000000000011101001000110110011010
000000000000000000000000000000000000000000000000011011001000100010011011
000000000000000000000000000000000000000000000000011011011000011010011010
000000000000000000000000000000000000000000000000011001011000001010010101
000000000000000000000000000000000000000000000000011011001000011110010111
000000000000000000000000000000000000000000000000011100011000101010010111
000000000000000000000000000000000000000000000000011010001000001110010011
000000000000000000000000000000000000000000000000010110110111110110001011
000000000000000000000000000000000000000000000000011000000111111010001100
000000000000000000000000000000000000000000000000011001011000000110001111
000000000000000000000000000000000000000000000000011000111000000110010000
000000000000000000000000000000000000000000000000011000100111101110001101
000000000000000000000000000000000000000000000000010101100111011010000111
000000000000000000000000000000000000000000000000010101000110111110000110
000000000000000000000000000000000000000000000000010110110111011110001000
000000000000000000000000000000000000000000000000010111100111011110000110
000000000000000000000000000000000000000000000000010111010111010010000100
000000000000000000000000000000000000000000000000010010110110100001111011
000000000000000000000000000000000000000000000000010100010110101001111110
000000000000000000000000000000000000000000000000010010000110010101111001
000000000000000000000000000000000000000000000000010010000110000101111001
000000000000000000000000000000000000000000000000010001010101110001110100
000000000000000000000000000000000000000000000000010001110101111101110101
000000000000000000000000000000000000000000000000010001110101111001110011
000000000000000000000000000000000000000000000000010001010101110101110010
000000000000000000000000000000000000000000000000010000000101011101101111
000000000000000000000000000000000000000000000000010001100101101101110011
000000000000000000000000000000000000000000000000010001110101110101110001
000000000000000000000000000000000000000000000000010010000101110001110110
000000000000000000000000000000000000000000000000010001110101111101111000
000000000000000000000000000000000000000000000000010001110110000101110011
000000000000000000000000000000000000000000000000011010001000010110010011
000000000000000000000000000000000000000000000000011011011000100010010101
000000000000000000000000000000000000000000000000011100011000101110011001
000000000000000000000000000000000000000000000000011100101000101010011000
000000000000000000000000000000000000000000000000011011111000011010010101
000000000000000000000000000000000000000000000000011010011000001110010001
000000000000000000000000000000000000000000000000011010101000010110010011
000000000000000000000000000000000000000000000000011001000111111110001111
000000000000000000000000000000000000000000000000011000100111011010001010
000000000000000000000000000000000000000000000000010110100111010010001000
000000000000000000000000000000000000000000000000010100110111001110000110
000000000000000000000000000000000000000000000000010001110110101101111011
000000000000000000000000000000000000000000000000010000100110001001111001
000000000000000000000000000000000000000000000000010010110110011110000001
000000000000000000000000000000000000000000000000010010000110011101111111
000000000000000000000000000000000000000000000000010001000110010001111011
000000000000000000000000000000000000000000000000010001110110011001111110
000000000000000000000000000000000000000000000000010100100110101010000001
000000000000000000000000000000000000000000000000010011000110100010000010
000000000000000000000000000000000000000000000000010010110110100110000010
000000000000000000000000000000000000000000000000010010110110110010000010
000000000000000000000000000000000000000000000000010100100110111010000101
000000000000000000000000000000000000000000000000010101010110111110000110
000000000000000000000000000000000000000000000000010101110111000010000010
000000000000000000000000000000000000000000000000010101110111001110000110
000000000000000000000000000000000000000000000000010100100111001110000110
000000000000000000000000000000000000000000000000010110010111000110001001
000000000000000000000000000000000000000000000000010100100111001110000101
000000000000000000000000000000000000000000000000010100000110111010000011
000000000000000000000000000000000000000000000000010101110110110110000110
000000000000000000000000000000000000000000000000010100110111000010000110
000000000000000000000000000000000000000000000000010101010111000010000111
000000000000000000000000000000000000000000000000010100010110100110000001
000000000000000000000000000000000000000000000000010100100110101110000010
000000000000000000000000000000000000000000000000010011100111000010000110
000000000000000000000000000000000000000000000000010011110110101110000010
000000000000000000000000000000000000000000000000010100110110110110000100
000000000000000000000000000000000000000000000000010101000110110110000010
000000000000000000000000000000000000000000000000010110010111010110001000
000000000000000000000000000000000000000000000000011000100111101010001100
000000000000000000000000000000000000000000000000011000110111110010010000
000000000000000000000000000000000000000000000000011010011000010110010011
000000000000000000000000000000000000000000000000011100101000111010011000
000000000000000000000000000000000000000000000000011110101001000110011101
000000000000000000000000000000000000000000000000011101101001000110011101
000000000000000000000000000000000000000000000000011010001000100110011001
000000000000000000000000000000000000000000000000011001101000011010011001
000000000000000000000000000000000000000000000000011010001000011010011001
000000000000000000000000000000000000000000000000011011111000101010011010
000000000000000000000000000000000000000000000000011010101000010110010101
000000000000000000000000000000000000000000000000011001001000010110010010
000000000000000000000000000000000000000000000000011000110111111110001101
000000000000000000000000000000000000000000000000011000110111100110001100
000000000000000000000000000000000000000000000000010111110111100110001100
000000000000000000000000000000000000000000000000011001100111101110001011
000000000000000000000000000000000000000000000000010110110111010110000111
000000000000000000000000000000000000000000000000010110110111001110001000
000000000000000000000000000000000000000000000000010111010111011010001000
000000000000000000000000000000000000000000000000010110010111010110000111
000000000000000000000000000000000000000000000000010110110111011110001010
000000000000000000000000000000000000000000000000010110000111001110000101
000000000000000000000000000000000000000000000000010100100110101001111011
000000000000000000000000000000000000000000000000010011100110011101111101
000000000000000000000000000000000000000000000000010001000110010001111001
000000000000000000000000000000000000000000000000010010000110000001110110
000000000000000000000000000000000000000000000000010001000101111001110100
000000000000000000000000000000000000000000000000010001110101111001110110
000000000000000000000000000000000000000000000000010001010101110001110110
000000000000000000000000000000000000000000000000010000100101110101110001
000000000000000000000000000000000000000000000000010001000101111001110100
000000000000000000000000000000000000000000000000010001000101101101110100
000000000000000000000000000000000000000000000000010001010101110001110011
000000000000000000000000000000000000000000000000010011100101110101110100
000000000000000000000000000000000000000000000000010001110101110001110011
000000000000000000000000000000000000000000000000010001010101101001110010
000000000000000000000000000000000000000000000000011100011000011110010110
000000000000000000000000000000000000000000000000011011111000011110010111
000000000000000000000000000000000000000000000000011011101000011110010111
000000000000000000000000000000000000000000000000011011001000011110010101
000000000000000000000000000000000000000000000000011011001000011010010101
000000000000000000000000000000000000000000000000011000010111111010001111
000000000000000000000000000000000000000000000000011000100111111010001111
000000000000000000000000000000000000000000000000010111100111011110001011
000000000000000000000000000000000000000000000000010101110111001010000110
000000000000000000000000000000000000000000000000010100010111000110000100
000000000000000000000000000000000000000000000000010100010110110010000001
000000000000000000000000000000000000000000000000010010010110011101111100
000000000000000000000000000000000000000000000000001111110110010001111010
000000000000000000000000000000000000000000000000010010100110010101111110
000000000000000000000000000000000000000000000000010010100110010001111111
000000000000000000000000000000000000000000000000010001110110010001111101
000000000000000000000000000000000000000000000000010000000110001101111101
000000000000000000000000000000000000000000000000010011100110011001111111
000000000000000000000000000000000000000000000000010010100110100101111101
000000000000000000000000000000000000000000000000010010110110101010000000
000000000000000000000000000000000000000000000000010011100110110110000011
000000000000000000000000000000000000000000000000010101110110111110000101
000000000000000000000000000000000000000000000000010101000111010110000110
000000000000000000000000000000000000000000000000010101000111010010000110
000000000000000000000000000000000000000000000000010101100110111110000100
000000000000000000000000000000000000000000000000010101010111001010000100
000000000000000000000000000000000000000000000000010101100110111110000110
000000000000000000000000000000000000000000000000010100100110111110000110
000000000000000000000000000000000000000000000000010101000110111010000101
000000000000000000000000000000000000000000000000010101010111001010000101
000000000000000000000000000000000000000000000000010100100111001110000101
000000000000000000000000000000000000000000000000010011000110111010000011
000000000000000000000000000000000000000000000000010011010110011001111110
000000000000000000000000000000000000000000000000010101010111001110000101
000000000000000000000000000000000000000000000000010110100111000110000110
000000000000000000000000000000000000000000000000010101010111001010000110
000000000000000000000000000000000000000000000000010111010111010110001000
000000000000000000000000000000000000000000000000010111110111011010001011
000000000000000000000000000000000000000000000000011001010111101010001110
000000000000000000000000000000000000000000000000011000110111111110010000
000000000000000000000000000000000000000000000000011010101000010010010011
000000000000000000000000000000000000000000000000011010001000001110010010
000000000000000000000000000000000000000000000000011011101000100110010111
000000000000000000000000000000000000000000000000011101001000111110011101
000000000000000000000000000000000000000000000000011100011000111110011101
000000000000000000000000000000000000000000000000011001011000010110011000
000000000000000000000000000000000000000000000000011011111000101010011101
000000000000000000000000000000000000000000000000011011111000100110011001
000000000000000000000000000000000000000000000000011100001000101110011000
000000000000000000000000000000000000000000000000011011001000011010010011
000000000000000000000000000000000000000000000000011100011000101010010111
000000000000000000000000000000000000000000000000011001001000000010010000
000000000000000000000000000000000000000000000000011000100111010110001001
000000000000000000000000000000000000000000000000010111100111010010000111
000000000000000000000000000000000000000000000000011000100111100110001010
000000000000000000000000000000000000000000000000011010000111101010001011
000000000000000000000000000000000000000000000000010110100111100010001010
000000000000000000000000000000000000000000000000010110100111010110000110
000000000000000000000000000000000000000000000000010101100111010110001000
000000000000000000000000000000000000000000000000010111100111010110001000
000000000000000000000000000000000000000000000000010101100111000010000011
000000000000000000000000000000000000000000000000010101000110101001111111
000000000000000000000000000000000000000000000000010011000110011001111110
000000000000000000000000000000000000000000000000010000010101111001110111
000000000000000000000000000000000000000000000000001111110101101001110010
000000000000000000000000000000000000000000000000010000110101100101110010
000000000000000000000000000000000000000000000000010000100101110001110010
000000000000000000000000000000000000000000000000010001010101101001110010
000000000000000000000000000000000000000000000000010001010101110001110001
000000000000000000000000000000000000000000000000001111100101110001110010
000000000000000000000000000000000000000000000000010001010101110001110010
000000000000000000000000000000000000000000000000010001100101110001110010
000000000000000000000000000000000000000000000000010001110101111101110110
000000000000000000000000000000000000000000000000010000010101100001110000
000000000000000000000000000000000000000000000000010001110101111001110100
000000000000000000000000000000000000000000000000011011101000100010010101
000000000000000000000000000000000000000000000000011010101000010110010011
000000000000000000000000000000000000000000000000011011111000011110010111
000000000000000000000000000000000000000000000000011000111000001110010010
000000000000000000000000000000000000000000000000010111110111110010001111
000000000000000000000000000000000000000000000000010111000111100010001101
000000000000000000000000000000000000000000000000010110100111010010000111
000000000000000000000000000000000000000000000000010011010110110010000100
000000000000000000000000000000000000000000000000010011110110110010000100
000000000000000000000000000000000000000000000000010101000110110010000011
000000000000000000000000000000000000000000000000010100100110110110000010
000000000000000000000000000000000000000000000000010100010110101101111110
000000000000000000000000000000000000000000000000010001010101111101111000
000000000000000000000000000000000000000000000000010010010110011110000000
000000000000000000000000000000000000000000000000010001100110011001111110
000000000000000000000000000000000000000000000000010010110110011001111111
000000000000000000000000000000000000000000000000010001010110001001111101
000000000000000000000000000000000000000000000000010011010110011010000000
000000000000000000000000000000000000000000000000010101010110110010000100
000000000000000000000000000000000000000000000000010101010110111110000010
000000000000000000000000000000000000000000000000010100010110111010000010
000000000000000000000000000000000000000000000000010101100111000110000100
000000000000000000000000000000000000000000000000010101010111000110000111
000000000000000000000000000000000000000000000000010100110111010010000110
000000000000000000000000000000000000000000000000010100100111001010000111
000000000000000000000000000000000000000000000000010101100110111110000110
000000000000000000000000000000000000000000000000010100010110101110000011
000000000000000000000000000000000000000000000000010100000110110010000100
000000000000000000000000000000000000000000000000010101010110111110000011
000000000000000000000000000000000000000000000000010101100111000110000110
000000000000000000000000000000000000000000000000010101010111001110000110
000000000000000000000000000000000000000000000000010100110110110110000011
000000000000000000000000000000000000000000000000010011100110110101111111
000000000000000000000000000000000000000000000000010101010111000110000110
000000000000000000000000000000000000000000000000010110000111000110000111
000000000000000000000000000000000000000000000000010101100111010010001000
000000000000000000000000000000000000000000000000010111010111101110001001
000000000000000000000000000000000000000000000000011001100111101110001101
000000000000000000000000000000000000000000000000011010001000001010010001
000000000000000000000000000000000000000000000000011000111000010110010010
000000000000000000000000000000000000000000000000011001011000011010010011
000000000000000000000000000000000000000000000000011010101000010110010011
000000000000000000000000000000000000000000000000011011111000101010011000
000000000000000000000000000000000000000000000000011100111000111010011100
000000000000000000000000000000000000000000000000011101111000111010011101
000000000000000000000000000000000000000000000000011011101000011010011010
000000000000000000000000000000000000000000000000011100101000100110011010
000000000000000000000000000000000000000000000000011100101000101110011010
000000000000000000000000000000000000000000000000011011101000011010010111
000000000000000000000000000000000000000000000000011011101000101010010111
000000000000000000000000000000000000000000000000011010001000001110010011
000000000000000000000000000000000000000000000000011001101000000110010000
000000000000000000000000000000000000000000000000011000110111110110010000
000000000000000000000000000000000000000000000000011001010111111110010001
000000000000000000000000000000000000000000000000011000111000000010001110
000000000000000000000000000000000000000000000000011011010111111010001110
000000000000000000000000000000000000000000000000011000010111101010001010
000000000000000000000000000000000000000000000000010101010110111110000110
000000000000000000000000000000000000000000000000010101010111010010001001
000000000000000000000000000000000000000000000000010111110111011110001011
000000000000000000000000000000000000000000000000010110100111010010000100
000000000000000000000000000000000000000000000000010100010110111010000000
000000000000000000000000000000000000000000000000010011110110011001111011
000000000000000000000000000000000000000000000000010010110110001101111010
000000000000000000000000000000000000000000000000010001100101110001110101
000000000000000000000000000000000000000000000000010000000101101001110001
000000000000000000000000000000000000000000000000010000010101101001110010
000000000000000000000000000000000000000000000000010000100101111001110001
000000000000000000000000000000000000000000000000010001000101110101110010
000000000000000000000000000000000000000000000000010001110101110101110100
000000000000000000000000000000000000000000000000010001110101110001110100
000000000000000000000000000000000000000000000000010000100101110001110101
000000000000000000000000000000000000000000000000001111110101111001110100
000000000000000000000000000000000000000000000000010001000101111101110101
000000000000000000000000000000000000000000000000001111110101100101110011
000000000000000000000000000000000000000000000000011011011000011110010101
000000000000000000000000000000000000000000000000011011001000010110010011
000000000000000000000000000000000000000000000000011011101000010110010101
000000000000000000000000000000000000000000000000011001111000001110010001
000000000000000000000000000000000000000000000000011000110111111110001101
000000000000000000000000000000000000000000000000011000100111110010001100
000000000000000000000000000000000000000000000000010111010111100110001011
000000000000000000000000000000000000000000000000010011110111000110000101
000000000000000000000000000000000000000000000000010011010110110010000010
000000000000000000000000000000000000000000000000010010100110100101111111
000000000000000000000000000000000000000000000000010010000110100101111100
000000000000000000000000000000000000000000000000010010010110100001111100
000000000000000000000000000000000000000000000000010001100110011001111010
000000000000000000000000000000000000000000000000010100100110100110000000
000000000000000000000000000000000000000000000000010100100110110010000010
000000000000000000000000000000000000000000000000010001110110011101111101
000000000000000000000000000000000000000000000000010010010110100010000000
000000000000000000000000000000000000000000000000010011000110100010000000
000000000000000000000000000000000000000000000000010011100110101010000000
000000000000000000000000000000000000000000000000010110000111010110000101
000000000000000000000000000000000000000000000000010101100111001110000101
000000000000000000000000000000000000000000000000010100000111010010000101
000000000000000000000000000000000000000000000000010101000111001110000110
000000000000000000000000000000000000000000000000010101010111010110000101
000000000000000000000000000000000000000000000000010100110111010010000101
000000000000000000000000000000000000000000000000010101010111000010000100
000000000000000000000000000000000000000000000000010101000111000010000011
000000000000000000000000000000000000000000000000010110010111001110000110
000000000000000000000000000000000000000000000000010110000111010110000110
000000000000000000000000000000000000000000000000010101010111000010000100
000000000000000000000000000000000000000000000000010010110110101001111111
000000000000000000000000000000000000000000000000010101010110111010000011
000000000000000000000000000000000000000000000000010110010111000110000111
000000000000000000000000000000000000000000000000010110110111001010000110
000000000000000000000000000000000000000000000000010101000111010010000110
000000000000000000000000000000000000000000000000010110000111000010000111
000000000000000000000000000000000000000000000000010111000111110110001011
000000000000000000000000000000000000000000000000011000010111101010010000
000000000000000000000000000000000000000000000000011001001000000110001111
000000000000000000000000000000000000000000000000011010011000000010010010
000000000000000000000000000000000000000000000000011011011000100110010101
000000000000000000000000000000000000000000000000011100011000110010011010
000000000000000000000000000000000000000000000000011100101000111010011100
000000000000000000000000000000000000000000000000011101111001010010011110
000000000000000000000000000000000000000000000000011101111001010010011110
000000000000000000000000000000000000000000000000011101011001000110011110
000000000000000000000000000000000000000000000000011100001000101110011010
000000000000000000000000000000000000000000000000011010001000100010010100
000000000000000000000000000000000000000000000000011010101000011010010110
000000000000000000000000000000000000000000000000011001111000001110010011
000000000000000000000000000000000000000000000000011000000111100110001100
000000000000000000000000000000000000000000000000011001000111111010001110
000000000000000000000000000000000000000000000000011000110111111110001111
000000000000000000000000000000000000000000000000011001101000000110010000
000000000000000000000000000000000000000000000000011001010111101110001100
000000000000000000000000000000000000000000000000011001100111111010001100
000000000000000000000000000000000000000000000000011000100111101010001100
000000000000000000000000000000000000000000000000010101000111001110000010
000000000000000000000000000000000000000000000000010110010111001110000110
000000000000000000000000000000000000000000000000010110000111001110000110
000000000000000000000000000000000000000000000000010101100111010010000111
000000000000000000000000000000000000000000000000010110000111000010000100
000000000000000000000000000000000000000000000000010010000110010101111100
000000000000000000000000000000000000000000000000010010100110001001111011
000000000000000000000000000000000000000000000000010010000110000101111010
000000000000000000000000000000000000000000000000010001100110000101110101
000000000000000000000000000000000000000000000000010001100110000101110111
000000000000000000000000000000000000000000000000010001010110000001110110
000000000000000000000000000000000000000000000000001111110101100001110010
000000000000000000000000000000000000000000000000010001110101111101110110
000000000000000000000000000000000000000000000000010001100101101101110101
000000000000000000000000000000000000000000000000010001010101111001110110
000000000000000000000000000000000000000000000000010010000101100101110101
000000000000000000000000000000000000000000000000001110110101011101101101
000000000000000000000000000000000000000000000000010000000101101001110000
000000000000000000000000000000000000000000000000011011011000011110010101
000000000000000000000000000000000000000000000000011100001000011110010110
000000000000000000000000000000000000000000000000011010111000010110010010
000000000000000000000000000000000000000000000000011000111000000110001111
000000000000000000000000000000000000000000000000011000110111110110001110
000000000000000000000000000000000000000000000000011000100111110110001100
000000000000000000000000000000000000000000000000010110010111100110001010
000000000000000000000000000000000000000000000000010100110111000110000110
000000000000000000000000000000000000000000000000010011010110101110000001
000000000000000000000000000000000000000000000000010011010110101110000011
000000000000000000000000000000000000000000000000010100000110011101111111
000000000000000000000000000000000000000000000000010100100110101101111101
000000000000000000000000000000000000000000000000010010100110010001110111
000000000000000000000000000000000000000000000000010011010110110001111111
000000000000000000000000000000000000000000000000010011100110100101111111
000000000000000000000000000000000000000000000000010010110110101110000001
000000000000000000000000000000000000000000000000010011010110100101111111
000000000000000000000000000000000000000000000000010011010110011101111110
000000000000000000000000000000000000000000000000010011110110110010000011
000000000000000000000000000000000000000000000000010101110111001110000101
000000000000000000000000000000000000000000000000010110010111000010000101
000000000000000000000000000000000000000000000000010100010110111110000011
000000000000000000000000000000000000000000000000010100110110111110000011
000000000000000000000000000000000000000000000000010101000111010110000110
000000000000000000000000000000000000000000000000010100100110110010000010
000000000000000000000000000000000000000000000000010101010110111110000110
000000000000000000000000000000000000000000000000010101000111001010000111
000000000000000000000000000000000000000000000000010101100111001010000110
000000000000000000000000000000000000000000000000010100010111000010000011
000000000000000000000000000000000000000000000000010100110110101010000010
000000000000000000000000000000000000000000000000010100100110110010000001
000000000000000000000000000000000000000000000000010100100110110110000000
000000000000000000000000000000000000000000000000010101010111000010000110
000000000000000000000000000000000000000000000000010101100111010010001000
000000000000000000000000000000000000000000000000010101010111010010000110
000000000000000000000000000000000000000000000000010111100111010110001100
000000000000000000000000000000000000000000000000011000000111110010001110
000000000000000000000000000000000000000000000000011000110111111110001101
000000000000000000000000000000000000000000000000011000111000001010010001
000000000000000000000000000000000000000000000000011010000111111110010011
000000000000000000000000000000000000000000000000011001111000010110010110
000000000000000000000000000000000000000000000000011011001000111110011011
000000000000000000000000000000000000000000000000011101011001001010011101
000000000000000000000000000000000000000000000000011101011001001010011111
000000000000000000000000000000000000000000000000011100101001001010011111
000000000000000000000000000000000000000000000000011011101000101010011001
000000000000000000000000000000000000000000000000011011001000011110010111
000000000000000000000000000000000000000000000000011010011000010110010011
000000000000000000000000000000000000000000000000011010111000010010010101
000000000000000000000000000000000000000000000000011010001000001110010010
000000000000000000000000000000000000000000000000011000110111110110001101
000000000000000000000000000000000000000000000000011010011000010010010010
000000000000000000000000000000000000000000000000011011011000011010010100
000000000000000000000000000000000000000000000000011100001000010110010100
000000000000000000000000000000000000000000000000011001111000000010001111
000000000000000000000000000000000000000000000000011010001000001110010010
000000000000000000000000000000000000000000000000011001111000001010010000
000000000000000000000000000000000000000000000000011000010111101110001011
000000000000000000000000000000000000000000000000010110110111001010000110
000000000000000000000000000000000000000000000000010110100111001010000101
000000000000000000000000000000000000000000000000010101100111000010000110
000000000000000000000000000000000000000000000000010100000110101110000011
000000000000000000000000000000000000000000000000010011000110011101111101
000000000000000000000000000000000000000000000000010011010110011001111100
000000000000000000000000000000000000000000000000010011110110001101111011
000000000000000000000000000000000000000000000000010001110110001101111011
000000000000000000000000000000000000000000000000010001110110000101110101
000000000000000000000000000000000000000000000000010001000101111001110101
000000000000000000000000000000000000000000000000001111110101110101110101
000000000000000000000000000000000000000000000000010000000110000001110111
000000000000000000000000000000000000000000000000010000010101100001110001
000000000000000000000000000000000000000000000000010001010101100101110100
000000000000000000000000000000000000000000000000010000010101100001110001
000000000000000000000000000000000000000000000000010000000101011101110000
000000000000000000000000000000000000000000000000010001000101101101110011
000000000000000000000000000000000000000000000000011100111000110110010110
000000000000000000000000000000000000000000000000011010111000010010010101
000000000000000000000000000000000000000000000000011001001000010110010010
000000000000000000000000000000000000000000000000011000010111110010001101
000000000000000000000000000000000000000000000000010111100111011110001100
000000000000000000000000000000000000000000000000010111100111011110001100
000000000000000000000000000000000000000000000000010101010111010010000101
000000000000000000000000000000000000000000000000010011100110111010000100
000000000000000000000000000000000000000000000000010011100110110010000001
000000000000000000000000000000000000000000000000010010100110101110000000
000000000000000000000000000000000000000000000000010010110110100001111011
000000000000000000000000000000000000000000000000010011010110100001111011
000000000000000000000000000000000000000000000000010010000110001101111011
000000000000000000000000000000000000000000000000010011110110011110000000
000000000000000000000000000000000000000000000000010011110110011001111110
000000000000000000000000000000000000000000000000010011000110011001111110
000000000000000000000000000000000000000000000000010011110110011101111110
000000000000000000000000000000000000000000000000010011000110110010000010
000000000000000000000000000000000000000000000000010100010110111010000010
000000000000000000000000000000000000000000000000010101110111000110000110
000000000000000000000000000000000000000000000000010101110110111110000101
000000000000000000000000000000000000000000000000010110100111000110000110
000000000000000000000000000000000000000000000000010101100111000110000100
000000000000000000000000000000000000000000000000010011100111000110000100
000000000000000000000000000000000000000000000000010011100110110110000001
000000000000000000000000000000000000000000000000010101010110110110000100
000000000000000000000000000000000000000000000000010100110111010010000101
000000000000000000000000000000000000000000000000010100010111000110000100
000000000000000000000000000000000000000000000000010100110111001010000101
000000000000000000000000000000000000000000000000010100110110110010000011
000000000000000000000000000000000000000000000000010101100110111110000110
000000000000000000000000000000000000000000000000010100110110110010000011
000000000000000000000000000000000000000000000000010110100111001110000110
000000000000000000000000000000000000000000000000010110110111010010001000
000000000000000000000000000000000000000000000000010101110111010110001000
000000000000000000000000000000000000000000000000010110110111010110001000
000000000000000000000000000000000000000000000000010110110111101110001100
000000000000000000000000000000000000000000000000011001011000000010010000
000000000000000000000000000000000000000000000000011010001000001010010010
000000000000000000000000000000000000000000000000011011101000010110010110
000000000000000000000000000000000000000000000000011100101000110110011011
000000000000000000000000000000000000000000000000011100101000111110011011
000000000000000000000000000000000000000000000000011110111001001110011111
000000000000000000000000000000000000000000000000011101011001000010011101
000000000000000000000000000000000000000000000000011110001001001010011111
000000000000000000000000000000000000000000000000011101011000111110011110
000000000000000000000000000000000000000000000000011101101001000010011101
000000000000000000000000000000000000000000000000011100011000111110011010
000000000000000000000000000000000000000000000000011011001000100010010101
000000000000000000000000000000000000000000000000011001101000001010010101
000000000000000000000000000000000000000000000000011001111000000110010010
000000000000000000000000000000000000000000000000011010011000001110010100
000000000000000000000000000000000000000000000000011001011000001010010001
000000000000000000000000000000000000000000000000011010011000000010001111
000000000000000000000000000000000000000000000000011000101000000110010000
000000000000000000000000000000000000000000000000011010111000001110010010
000000000000000000000000000000000000000000000000011001000111111110001110
000000000000000000000000000000000000000000000000011000110111101110001011
000000000000000000000000000000000000000000000000010111000111100010001010
000000000000000000000000000000000000000000000000010111010111010110001000
000000000000000000000000000000000000000000000000010100110111000110000101
000000000000000000000000000000000000000000000000010100000110100110000001
000000000000000000000000000000000000000000000000010100100110011110000000
000000000000000000000000000000000000000000000000010011100110011001111101
000000000000000000000000000000000000000000000000010010110101111101110111
000000000000000000000000000000000000000000000000010001010110000101111000
000000000000000000000000000000000000000000000000010001110110000101111010
000000000000000000000000000000000000000000000000010000000101111001110111
000000000000000000000000000000000000000000000000010001110101111001110110
000000000000000000000000000000000000000000000000010000010101110001110011
000000000000000000000000000000000000000000000000001111110101100001110000
000000000000000000000000000000000000000000000000010001100101100101110010
000000000000000000000000000000000000000000000000010000000101101101110011
000000000000000000000000000000000000000000000000010000100101110001110011
000000000000000000000000000000000000000000000000010001010101101101110011
000000000000000000000000000000000000000000000000011011111000101010010111
000000000000000000000000000000000000000000000000011010111000010010010011
000000000000000000000000000000000000000000000000011010101000010110010011
000000000000000000000000000000000000000000000000011000110111111010001111
000000000000000000000000000000000000000000000000010110100111011110001110
000000000000000000000000000000000000000000000000010101100111010010001000
000000000000000000000000000000000000000000000000010100110110111110000100
000000000000000000000000000000000000000000000000010100010110110110000011
000000000000000000000000000000000000000000000000010011110110011001111110
000000000000000000000000000000000000000000000000010010000110011101111110
000000000000000000000000000000000000000000000000010011010110011001111101
000000000000000000000000000000000000000000000000010100000110011101111101
000000000000000000000000000000000000000000000000010010010110001001111000
000000000000000000000000000000000000000000000000010011100110101101111111
000000000000000000000000000000000000000000000000010011010110100010000000
000000000000000000000000000000000000000000000000010101010110110010000100
000000000000000000000000000000000000000000000000010011000110011101111101
000000000000000000000000000000000000000000000000010010110110100010000000
000000000000000000000000000000000000000000000000010100100110111110000110
000000000000000000000000000000000000000000000000010100100111001010000111
000000000000000000000000000000000000000000000000010110010111001010000101
000000000000000000000000000000000000000000000000010101110111000010000100
000000000000000000000000000000000000000000000000010011100110110110000100
000000000000000000000000000000000000000000000000010100000110101010000001
000000000000000000000000000000000000000000000000010101000110101110000010
000000000000000000000000000000000000000000000000010110000111000110000111
000000000000000000000000000000000000000000000000010100110111001110000100
000000000000000000000000000000000000000000000000010011110110111110000100
000000000000000000000000000000000000000000000000010011110110111110000010
000000000000000000000000000000000000000000000000010101000110101110000000
000000000000000000000000000000000000000000000000010101010111000110000101
000000000000000000000000000000000000000000000000010100010110110010000011
000000000000000000000000000000000000000000000000010110010111000110000110
000000000000000000000000000000000000000000000000010110110111010010000111
000000000000000000000000000000000000000000000000010110000111001010000111
000000000000000000000000000000000000000000000000010111010111011010000111
000000000000000000000000000000000000000000000000011000110111111010001110
000000000000000000000000000000000000000000000000011001111000010010010010
000000000000000000000000000000000000000000000000011011101000011110011000
000000000000000000000000000000000000000000000000011101011001000010011101
000000000000000000000000000000000000000000000000011100101000110110011011
000000000000000000000000000000000000000000000000011100111001000010011101
000000000000000000000000000000000000000000000000011100011000111110011101
000000000000000000000000000000000000000000000000011011101000111010011101
000000000000000000000000000000000000000000000000011101001001001110011111
000000000000000000000000000000000000000000000000011110001001001110100000
000000000000000000000000000000000000000000000000011110011001010010011111
000000000000000000000000000000000000000000000000011101001001000110011101
000000000000000000000000000000000000000000000000011010001000101010011001
000000000000000000000000000000000000000000000000011001101000010110010011
000000000000000000000000000000000000000000000000011001100111111110010010
000000000000000000000000000000000000000000000000011001101000001110010010
000000000000000000000000000000000000000000000000011000001000000110010010
000000000000000000000000000000000000000000000000011000010111111010001101
000000000000000000000000000000000000000000000000011001000111111110001111
000000000000000000000000000000000000000000000000011001011000001010001110
000000000000000000000000000000000000000000000000011000100111111110001110
000000000000000000000000000000000000000000000000011000111000000110001111
000000000000000000000000000000000000000000000000010111110111011110000111
000000000000000000000000000000000000000000000000010101100111001110000110
000000000000000000000000000000000000000000000000010100110111001010000110
000000000000000000000000000000000000000000000000010100100110101110000000
000000000000000000000000000000000000000000000000010010000110011101111011
000000000000000000000000000000000000000000000000010010010110000101111000
000000000000000000000000000000000000000000000000010000100101111001111001
000000000000000000000000000000000000000000000000010000010101111101110111
000000000000000000000000000000000000000000000000010001000101111001111000
000000000000000000000000000000000000000000000000010001000101110001110100
000000000000000000000000000000000000000000000000010001000101101101110100
000000000000000000000000000000000000000000000000010001010101110101110110
000000000000000000000000000000000000000000000000001111110101101001110010
000000000000000000000000000000000000000000000000010001010101101101110100
000000000000000000000000000000000000000000000000001111110101101101110010
000000000000000000000000000000000000000000000000001111100101011101110000
000000000000000000000000000000000000000000000000010001110101010101101111
000000000000000000000000000000000000000000000000011100101000100010010110
000000000000000000000000000000000000000000000000011011001000011010010011
000000000000000000000000000000000000000000000000011010011000001110010011
000000000000000000000000000000000000000000000000011000000111110010001111
000000000000000000000000000000000000000000000000010101010111010010001010
000000000000000000000000000000000000000000000000010101010110111110000110
000000000000000000000000000000000000000000000000010100010110110010001000
000000000000000000000000000000000000000000000000010011010110100010000001
000000000000000000000000000000000000000000000000010001110110010001111011
000000000000000000000000000000000000000000000000010001110110100001111110
000000000000000000000000000000000000000000000000010010000110011001111110
000000000000000000000000000000000000000000000000010011010110011001111010
000000000000000000000000000000000000000000000000010001100110001101110101
000000000000000000000000000000000000000000000000010100000110101001111110
000000000000000000000000000000000000000000000000010010000110011001111011
000000000000000000000000000000000000000000000000010001110110010101111011
000000000000000000000000000000000000000000000000010011010110011001111100
000000000000000000000000000000000000000000000000010011100110110110000000
000000000000000000000000000000000000000000000000010101000110101110000100
000000000000000000000000000000000000000000000000010101100110110110000110
000000000000000000000000000000000000000000000000010100010110100010000000
000000000000000000000000000000000000000000000000010010110110100110000001
000000000000000000000000000000000000000000000000010010010110101101111110
000000000000000000000000000000000000000000000000010100100110110110000001
000000000000000000000000000000000000000000000000010100110111001010000110
000000000000000000000000000000000000000000000000010101010111001110000110
000000000000000000000000000000000000000000000000010011010110111110000100
000000000000000000000000000000000000000000000000010100100111000010000110
000000000000000000000000000000000000000000000000010011100110110110000100
000000000000000000000000000000000000000000000000010100000110110110000001
000000000000000000000000000000000000000000000000010101010111000110000101
000000000000000000000000000000000000000000000000010101000111010010000110
000000000000000000000000000000000000000000000000010110000111010110001010
000000000000000000000000000000000000000000000000010111110111011010001011
000000000000000000000000000000000000000000000000010111010111101010001001
000000000000000000000000000000000000000000000000011000010111110010010010
000000000000000000000000000000000000000000000000011000001000001010010011
000000000000000000000000000000000000000000000000011001001000010110010110
000000000000000000000000000000000000000000000000011100101000111110011101
000000000000000000000000000000000000000000000000011100111000111110011101
000000000000000000000000000000000000000000000000011100101000110110011100
000000000000000000000000000000000000000000000000011100011000111010011100
000000000000000000000000000000000000000000000000011101111001001110100000
000000000000000000000000000000000000000000000000011100101001001110011111
000000000000000000000000000000000000000000000000011101101001010010011111
000000000000000000000000000000000000000000000000011101101001001010011111
000000000000000000000000000000000000000000000000011101101001001010011101
000000000000000000000000000000000000000000000000011100101000111110011101
000000000000000000000000000000000000000000000000011011011000011010011000
000000000000000000000000000000000000000000000000011010111000100110010101
000000000000000000000000000000000000000000000000011001001000001010010001
000000000000000000000000000000000000000000000000011001011000001010001110
000000000000000000000000000000000000000000000000010111110111111110001110
000000000000000000000000000000000000000000000000011000000111101110001111
000000000000000000000000000000000000000000000000011001100111111110010010
000000000000000000000000000000000000000000000000011011001000000010010000
000000000000000000000000000000000000000000000000010101110111011010000110
000000000000000000000000000000000000000000000000011000100111110010001100
000000000000000000000000000000000000000000000000010111000111011110000110
000000000000000000000000000000000000000000000000010101010111010010000101
000000000000000000000000000000000000000000000000010101010111001010000101
000000000000000000000000000000000000000000000000010010110110100101111111
000000000000000000000000000000000000000000000000010010010110011001111100
000000000000000000000000000000000000000000000000010001100110000001111000
000000000000000000000000000000000000000000000000010001010101111001111011
000000000000000000000000000000000000000000000000010001000101111001110110
000000000000000000000000000000000000000000000000010001010101110001110101
000000000000000000000000000000000000000000000000010000010101111001110111
000000000000000000000000000000000000000000000000010001010101101001110111
000000000000000000000000000000000000000000000000010001010101101101110110
000000000000000000000000000000000000000000000000001111100101111001110100
000000000000000000000000000000000000000000000000001110100101011001101101
000000000000000000000000000000000000000000000000001110010101011101101111
000000000000000000000000000000000000000000000000010001000101100001110010
000000000000000000000000000000000000000000000000001111100101010001101110
000000000000000000000000000000000000000000000000011011111000011010010101
000000000000000000000000000000000000000000000000011001111000010010010010
000000000000000000000000000000000000000000000000011000111000000010010000
000000000000000000000000000000000000000000000000010111110111101010001100
000000000000000000000000000000000000000000000000010101110111001110001001
000000000000000000000000000000000000000000000000010011100110111010000101
000000000000000000000000000000000000000000000000010011000110101010000011
000000000000000000000000000000000000000000000000010011110110101010000010
000000000000000000000000000000000000000000000000010100010110100010000001
000000000000000000000000000000000000000000000000010100110110110010000001
000000000000000000000000000000000000000000000000010100110110110010000001
000000000000000000000000000000000000000000000000010011100110100101111011
000000000000000000000000000000000000000000000000010001100110011001111001
000000000000000000000000000000000000000000000000010100110110101001111111
000000000000000000000000000000000000000000000000010011010110011101111111
000000000000000000000000000000000000000000000000010001100110010101111001
000000000000000000000000000000000000000000000000010010110110011001111110
000000000000000000000000000000000000000000000000010011000110100110000001
000000000000000000000000000000000000000000000000010011100110011101111111
000000000000000000000000000000000000000000000000010010000110011101111101
000000000000000000000000000000000000000000000000010010100110011001111111
000000000000000000000000000000000000000000000000010010010110011001111101
000000000000000000000000000000000000000000000000010010010110011001111101
000000000000000000000000000000000000000000000000010011010110110010000011
000000000000000000000000000000000000000000000000010110000111000010000101
000000000000000000000000000000000000000000000000010100110111000110000110
000000000000000000000000000000000000000000000000010011100110110110000101
000000000000000000000000000000000000000000000000010011110110111110000010
000000000000000000000000000000000000000000000000010101100111000110000110
000000000000000000000000000000000000000000000000010100010110101101111110
000000000000000000000000000000000000000000000000010011100110111010000100
000000000000000000000000000000000000000000000000010101000111001010000101
000000000000000000000000000000000000000000000000010101110111001110000110
000000000000000000000000000000000000000000000000011000000111101010001110
000000000000000000000000000000000000000000000000011000010111110110001111
000000000000000000000000000000000000000000000000011001000111111110010001
000000000000000000000000000000000000000000000000011010101000010010010100
000000000000000000000000000000000000000000000000011001111000011010010101
000000000000000000000000000000000000000000000000011011011000101110011001
000000000000000000000000000000000000000000000000011100111000111010011100
000000000000000000000000000000000000000000000000011100001000111010011111
000000000000000000000000000000000000000000000000011100001001000010011110
000000000000000000000000000000000000000000000000011101001001010010100001
000000000000000000000000000000000000000000000000011110101001010010100001
000000000000000000000000000000000000000000000000011101111001010010100010
000000000000000000000000000000000000000000000000011110101001010110100001
000000000000000000000000000000000000000000000000011100101000111010011011
000000000000000000000000000000000000000000000000011100101000110110011011
000000000000000000000000000000000000000000000000011100101000111010011100
000000000000000000000000000000000000000000000000011011111000110010011010
000000000000000000000000000000000000000000000000011010111000010110010111
000000000000000000000000000000000000000000000000011010111000010110010100
000000000000000000000000000000000000000000000000011000111000010010010010
000000000000000000000000000000000000000000000000011000111000000110001111
000000000000000000000000000000000000000000000000011000000111111010010000
000000000000000000000000000000000000000000000000011000100111111010001111
000000000000000000000000000000000000000000000000010111110111011010001011
000000000000000000000000000000000000000000000000011000110111101010001011
000000000000000000000000000000000000000000000000010110100111010010000100
000000000000000000000000000000000000000000000000010101110111010110000100
000000000000000000000000000000000000000000000000010110010111001110000110
000000000000000000000000000000000000000000000000010010110110101101111101
000000000000000000000000000000000000000000000000010010010110010001111011
000000000000000000000000000000000000000000000000010001110101110101111000
000000000000000000000000000000000000000000000000010001000101101101110100
000000000000000000000000000000000000000000000000010001010101101001110101
000000000000000000000000000000000000000000000000010001100110000001111000
000000000000000000000000000000000000000000000000010000000101111001110011
000000000000000000000000000000000000000000000000010000000101100001110001
000000000000000000000000000000000000000000000000010000000101101101110010
000000000000000000000000000000000000000000000000010000010101101001110011
000000000000000000000000000000000000000000000000001111000101011101101111
000000000000000000000000000000000000000000000000001111100101011001101110
000000000000000000000000000000000000000000000000001110000101011001101100
000000000000000000000000000000000000000000000000001111010101010001101111
000000000000000000000000000000000000000000000000011011101000011110010101
000000000000000000000000000000000000000000000000011000001000000010010000
000000000000000000000000000000000000000000000000011000010111110010001100
000000000000000000000000000000000000000000000000010111100111011110001000
000000000000000000000000000000000000000000000000010110000111001010000110
000000000000000000000000000000000000000000000000010100000110101110000101
000000000000000000000000000000000000000000000000010010110110011110000000
000000000000000000000000000000000000000000000000010010100110011101111111
000000000000000000000000000000000000000000000000010100000110011110000000
000000000000000000000000000000000000000000000000010100000110101101111110
000000000000000000000000000000000000000000000000010100010110110001111111
000000000000000000000000000000000000000000000000010100100110110001111111
000000000000000000000000000000000000000000000000010001100110001101111001
000000000000000000000000000000000000000000000000010011110110101001111110
000000000000000000000000000000000000000000000000010100000110110110000000
000000000000000000000000000000000000000000000000010011110110100010000000
000000000000000000000000000000000000000000000000010010000110101001111110
000000000000000000000000000000000000000000000000010010100110101110000010
000000000000000000000000000000000000000000000000010001010110001101111101
000000000000000000000000000000000000000000000000010010010110000001111011
000000000000000000000000000000000000000000000000010010010110011001111110
000000000000000000000000000000000000000000000000010001000110001101111011
000000000000000000000000000000000000000000000000010011000110010001111101
000000000000000000000000000000000000000000000000010010100110011110000000
000000000000000000000000000000000000000000000000010011100110111010000101
000000000000000000000000000000000000000000000000010011010110101110000011
000000000000000000000000000000000000000000000000010010100110110010000010
000000000000000000000000000000000000000000000000010100000110111010000011
000000000000000000000000000000000000000000000000010101110111000110000101
000000000000000000000000000000000000000000000000010100110110110010000011
000000000000000000000000000000000000000000000000010011000110111110000010
000000000000000000000000000000000000000000000000010110100111001110000110
000000000000000000000000000000000000000000000000011000100111101010001101
000000000000000000000000000000000000000000000000011000000111110010010000
000000000000000000000000000000000000000000000000010111110111111010010010
000000000000000000000000000000000000000000000000010111011000000010010010
000000000000000000000000000000000000000000000000011011101000011110010111
000000000000000000000000000000000000000000000000011011001000011010011010
000000000000000000000000000000000000000000000000011100011000111010011101
000000000000000000000000000000000000000000000000011100101001000010011111
000000000000000000000000000000000000000000000000011100101001001110100000
000000000000000000000000000000000000000000000000011101001001001010011111
000000000000000000000000000000000000000000000000011101111001010110100010
000000000000000000000000000000000000000000000000011110101001011010100010
000000000000000000000000000000000000000000000000011111101001001110100011
000000000000000000000000000000000000000000000000011101111001010010100000
000000000000000000000000000000000000000000000000011100111000110010011110
000000000000000000000000000000000000000000000000011011111000110010011010
000000000000000000000000000000000000000000000000011100101000110110011100
000000000000000000000000000000000000000000000000011100001000101110011010
000000000000000000000000000000000000000000000000011011001000110110011010
000000000000000000000000000000000000000000000000011001101000011010010110
000000000000000000000000000000000000000000000000011010011000010110010101
000000000000000000000000000000000000000000000000011010101000010010011000
000000000000000000000000000000000000000000000000011000110111110110010001
000000000000000000000000000000000000000000000000011000100111111010001111
000000000000000000000000000000000000000000000000011000110111110010001101
000000000000000000000000000000000000000000000000011000110111110010001111
000000000000000000000000000000000000000000000000010101110111010110000111
000000000000000000000000000000000000000000000000010110000111010110000110
000000000000000000000000000000000000000000000000010110000110111010000011
000000000000000000000000000000000000000000000000010100010110110001111110
000000000000000000000000000000000000000000000000010010110110001001111010
000000000000000000000000000000000000000000000000010010100101111101111011
000000000000000000000000000000000000000000000000010000010101101101110110
000000000000000000000000000000000000000000000000001111010101110001110101
000000000000000000000000000000000000000000000000001101110101101001110010
000000000000000000000000000000000000000000000000010000100101110001110100
000000000000000000000000000000000000000000000000001110110101100101110010
000000000000000000000000000000000000000000000000010001000101110001110101
000000000000000000000000000000000000000000000000010000000101011101110000
000000000000000000000000000000000000000000000000010001010101100001110000
000000000000000000000000000000000000000000000000010000110101100001110000
000000000000000000000000000000000000000000000000001111110101011101110000
000000000000000000000000000000000000000000000000001110010101010101101110
000000000000000000000000000000000000000000000000011001111000010110010010
000000000000000000000000000000000000000000000000011001010111111110001111
000000000000000000000000000000000000000000000000010111100111101110001101
000000000000000000000000000000000000000000000000010111000111011010001001
000000000000000000000000000000000000000000000000010101010110110110000110
000000000000000000000000000000000000000000000000010011110110110010000011
000000000000000000000000000000000000000000000000010010010110011001111110
000000000000000000000000000000000000000000000000010001110110100101111110
000000000000000000000000000000000000000000000000010011010110011001111111
000000000000000000000000000000000000000000000000010100000110111110000001
000000000000000000000000000000000000000000000000010011000110101101111111
000000000000000000000000000000000000000000000000010011100110101110000000
000000000000000000000000000000000000000000000000010010100110010101111001
000000000000000000000000000000000000000000000000010010100110100001111011
000000000000000000000000000000000000000000000000010011100110110010000010
000000000000000000000000000000000000000000000000010010110110011001111110
000000000000000000000000000000000000000000000000010001110110011101111110
000000000000000000000000000000000000000000000000010010000110011110000000
000000000000000000000000000000000000000000000000010001110110000101111000
000000000000000000000000000000000000000000000000010010110110011001111110
000000000000000000000000000000000000000000000000010010000110011001111111
000000000000000000000000000000000000000000000000010010010110100001111111
000000000000000000000000000000000000000000000000010010110110101010000001
000000000000000000000000000000000000000000000000010010100110100110000001
000000000000000000000000000000000000000000000000010001110110011101111111
000000000000000000000000000000000000000000000000010100010110100010000001
000000000000000000000000000000000000000000000000010011010110101010000010
000000000000000000000000000000000000000000000000010010110110100010000000
000000000000000000000000000000000000000000000000010100100110111110000100
000000000000000000000000000000000000000000000000010011000110111010000010
000000000000000000000000000000000000000000000000010101000110111110000011
000000000000000000000000000000000000000000000000010101110111010110001011
000000000000000000000000000000000000000000000000010101100111011110001010
000000000000000000000000000000000000000000000000011000000111100110001110
000000000000000000000000000000000000000000000000010111111000000010001110
000000000000000000000000000000000000000000000000011010101000010110010111
000000000000000000000000000000000000000000000000011010101000100110011100
000000000000000000000000000000000000000000000000011011011000100010011100
000000000000000000000000000000000000000000000000011011011000101110011101
000000000000000000000000000000000000000000000000011100001001000010100000
000000000000000000000000000000000000000000000000011101001001010010100100
000000000000000000000000000000000000000000000000011111001001010010100011
000000000000000000000000000000000000000000000000011111001001011110100101
000000000000000000000000000000000000000000000000011111001001011110100100
000000000000000000000000000000000000000000000000011110101001010010100011
000000000000000000000000000000000000000000000000011101101001000110011111
000000000000000000000000000000000000000000000000011100101000110110011100
000000000000000000000000000000000000000000000000011011011000111110011101
000000000000000000000000000000000000000000000000011100111000111010011101
000000000000000000000000000000000000000000000000011011011000110010011011
000000000000000000000000000000000000000000000000011010101000100010011001
000000000000000000000000000000000000000000000000011001001000001010010101
000000000000000000000000000000000000000000000000011001011000011010010011
000000000000000000000000000000000000000000000000011001001000010010010101
000000000000000000000000000000000000000000000000011000110111110110010001
000000000000000000000000000000000000000000000000011000100111100110001110
000000000000000000000000000000000000000000000000010111110111100110001101
000000000000000000000000000000000000000000000000010111000111011010001100
000000000000000000000000000000000000000000000000010101010111001010001000
000000000000000000000000000000000000000000000000010101010110111110000010
000000000000000000000000000000000000000000000000010100110110111010000001
000000000000000000000000000000000000000000000000010010110110100001111110
000000000000000000000000000000000000000000000000010001100101110101110110
000000000000000000000000000000000000000000000000010001100101101001110100
000000000000000000000000000000000000000000000000001111110101101001110100
000000000000000000000000000000000000000000000000001101100101011001101110
000000000000000000000000000000000000000000000000001110000101001101101111
000000000000000000000000000000000000000000000000001110100101011101101111
000000000000000000000000000000000000000000000000001110100101000101101110
000000000000000000000000000000000000000000000000001110000101010101101011
000000000000000000000000000000000000000000000000001101010101001101101011
000000000000000000000000000000000000000000000000001101110101000001101001
000000000000000000000000000000000000000000000000001101100100110101100110
000000000000000000000000000000000000000000000000001101010100111101101001
000000000000000000000000000000000000000000000000001101000100100001100110
000000000000000000000000000000000000000000000000011010111000010110010011
000000000000000000000000000000000000000000000000011010000111110010010010
000000000000000000000000000000000000000000000000010110010111100010001011
000000000000000000000000000000000000000000000000010110110111010110001010
000000000000000000000000000000000000000000000000010100110111000010000110
000000000000000000000000000000000000000000000000010001110110011001111110
000000000000000000000000000000000000000000000000010001110110011001111110
000000000000000000000000000000000000000000000000010010110110011001111101
000000000000000000000000000000000000000000000000010011010110011101111111
000000000000000000000000000000000000000000000000010100100110100110000001
000000000000000000000000000000000000000000000000010101000110110010000100
000000000000000000000000000000000000000000000000010011000110011001111100
000000000000000000000000000000000000000000000000010010010110001001111001
000000000000000000000000000000000000000000000000010011010110100101111101
000000000000000000000000000000000000000000000000010100100110100110000011
000000000000000000000000000000000000000000000000010011010110011101111100
000000000000000000000000000000000000000000000000010000100110001101111010
000000000000000000000000000000000000000000000000010001100110001001111010
000000000000000000000000000000000000000000000000010010000110010001111011
000000000000000000000000000000000000000000000000010001110110011001111101
000000000000000000000000000000000000000000000000010001110110010101111100
000000000000000000000000000000000000000000000000010011100110100110000010
000000000000000000000000000000000000000000000000010010100110100010000001
000000000000000000000000000000000000000000000000010010100110100110000001
000000000000000000000000000000000000000000000000010001100110011001111101
000000000000000000000000000000000000000000000000010011010110100010000000
000000000000000000000000000000000000000000000000010100010110110110000100
000000000000000000000000000000000000000000000000010011000110100110000000
000000000000000000000000000000000000000000000000010100000110111010000100
000000000000000000000000000000000000000000000000010100100110101110000010
000000000000000000000000000000000000000000000000010101100111000010000111
000000000000000000000000000000000000000000000000010110100111011010001010
000000000000000000000000000000000000000000000000010111100111101010001101
000000000000000000000000000000000000000000000000011000101000001110010000
000000000000000000000000000000000000000000000000011000111000000010010011
000000000000000000000000000000000000000000000000011001011000010110011000
000000000000000000000000000000000000000000000000011010111000010010010110
000000000000000000000000000000000000000000000000011010101000100010011001
000000000000000000000000000000000000000000000000011010001000100010011000
000000000000000000000000000000000000000000000000011011011000110110011100
000000000000000000000000000000000000000000000000011011111000111010011111
000000000000000000000000000000000000000000000000011100011000110110011101
000000000000000000000000000000000000000000000000011100011001000110011101
000000000000000000000000000000000000000000000000011010011000101110011000
000000000000000000000000000000000000000000000000011010101000010110011010
000000000000000000000000000000000000000000000000011001011000010110010011
000000000000000000000000000000000000000000000000011000010111111110010010
000000000000000000000000000000000000000000000000010111110111111010010010
000000000000000000000000000000000000000000000000010110010111011010001101
000000000000000000000000000000000000000000000000010101100111100010001011
000000000000000000000000000000000000000000000000010100110111010010000110
000000000000000000000000000000000000000000000000010010110110101110000000
000000000000000000000000000000000000000000000000010100010110100110000010
000000000000000000000000000000000000000000000000010010110110100101111101
000000000000000000000000000000000000000000000000010000000101111001110011
000000000000000000000000000000000000000000000000010010010101101101110100
000000000000000000000000000000000000000000000000010000010101011101110000
000000000000000000000000000000000000000000000000010000100101010101101101
000000000000000000000000000000000000000000000000001110010100111101100111
000000000000000000000000000000000000000000000000001101000100110001100110
000000000000000000000000000000000000000000000000001100100100011101100001
000000000000000000000000000000000000000000000000001011000100001001011010
000000000000000000000000000000000000000000000000001010010011111101011000
000000000000000000000000000000000000000000000000001010110011100101010011
000000000000000000000000000000000000000000000000001010010011011101010010
000000000000000000000000000000000000000000000000001010010011011101001110
000000000000000000000000000000000000000000000000001010010011101001010100
000000000000000000000000000000000000000000000000001001100011011101010000
000000000000000000000000000000000000000000000000001000000011001001001111
000000000000000000000000000000000000000000000000000111110011001101001101
000000000000000000000000000000000000000000000000001001100011010101001101
000000000000000000000000000000000000000000000000001001000011010001001110
000000000000000000000000000000000000000000000000001001010011001101001011
000000000000000000000000000000000000000000000000001001100011001101001010
000000000000000000000000000000000000000000000000001001110011010101001111
000000000000000000000000000000000000000000000000011001111000001010010011
000000000000000000000000000000000000000000000000011001000111110110001101
000000000000000000000000000000000000000000000000010111110111010110001000
000000000000000000000000000000000000000000000000010111010111010010000110
000000000000000000000000000000000000000000000000010100010110111010000001
000000000000000000000000000000000000000000000000010011100110011001111110
000000000000000000000000000000000000000000000000010010100110101001111110
000000000000000000000000000000000000000000000000010011000110100101111101
000000000000000000000000000000000000000000000000010011000110100010000000
000000000000000000000000000000000000000000000000010100110110010101111110
000000000000000000000000000000000000000000000000010011000110011101111110
000000000000000000000000000000000000000000000000010011000110010001111100
000000000000000000000000000000000000000000000000010001010110001101111000
000000000000000000000000000000000000000000000000010011010110001101111100
000000000000000000000000000000000000000000000000010010010110100101111101
000000000000000000000000000000000000000000000000010001000110000101111000
000000000000000000000000000000000000000000000000001111110101110101110101
000000000000000000000000000000000000000000000000010001010110000001110111
000000000000000000000000000000000000000000000000010001010101110101110111
000000000000000000000000000000000000000000000000010000000101110101110101
000000000000000000000000000000000000000000000000010001010101110001110101
000000000000000000000000000000000000000000000000001111100101110001110100
000000000000000000000000000000000000000000000000001110100101100001110001
000000000000000000000000000000000000000000000000010000000101100001110010
000000000000000000000000000000000000000000000000001111010101010101101110
000000000000000000000000000000000000000000000000001110110101100101110000
000000000000000000000000000000000000000000000000010000000101100101110001
000000000000000000000000000000000000000000000000001101100101000101101100
000000000000000000000000000000000000000000000000001111000101010001101101
000000000000000000000000000000000000000000000000001101010101001001101001
000000000000000000000000000000000000000000000000001111100101010001101101
000000000000000000000000000000000000000000000000001110010101011101101111
000000000000000000000000000000000000000000000000001110110101100001101111
000000000000000000000000000000000000000000000000010000010101101001101111
000000000000000000000000000000000000000000000000010001000101100001110000
000000000000000000000000000000000000000000000000010000100101101001110011
000000000000000000000000000000000000000000000000010000000101100001110001
000000000000000000000000000000000000000000000000010000010101011001101111
000000000000000000000000000000000000000000000000001111100101110001110001
000000000000000000000000000000000000000000000000010000110101101101110000
000000000000000000000000000000000000000000000000010001000110000001110111
000000000000000000000000000000000000000000000000010001110110001001110110
000000000000000000000000000000000000000000000000010011000110011001111001
000000000000000000000000000000000000000000000000010011000110100001111011
000000000000000000000000000000000000000000000000010100100110101101111101
000000000000000000000000000000000000000000000000010010100110101101111111
000000000000000000000000000000000000000000000000010100100110101110000000
000000000000000000000000000000000000000000000000010100000110111110000011
000000000000000000000000000000000000000000000000010100110111000010000101
000000000000000000000000000000000000000000000000010101010111001010000011
000000000000000000000000000000000000000000000000010101100111000010000011
000000000000000000000000000000000000000000000000010101010111000110000110
000000000000000000000000000000000000000000000000010100010111000110000100
000000000000000000000000000000000000000000000000010100100111001010000101
000000000000000000000000000000000000000000000000010100000110111110000011
000000000000000000000000000000000000000000000000010101010110111110000011
000000000000000000000000000000000000000000000000010101000110111101111101
000000000000000000000000000000000000000000000000010101100110101101111111
000000000000000000000000000000000000000000000000010101110110011101111110
000000000000000000000000000000000000000000000000010100100110100001111101
000000000000000000000000000000000000000000000000010011010110010001111011
000000000000000000000000000000000000000000000000010010110110010101111000
000000000000000000000000000000000000000000000000010010000110000001110111
000000000000000000000000000000000000000000000000010001110110000001110101
000000000000000000000000000000000000000000000000010001100110000001110100
000000000000000000000000000000000000000000000000001111100101101001110011
000000000000000000000000000000000000000000000000001111110101101001110010
000000000000000000000000000000000000000000000000010000010101101101110000
000000000000000000000000000000000000000000000000010000000101100101110000
000000000000000000000000000000000000000000000000001111100101011001110000
000000000000000000000000000000000000000000000000001111100101010001101100
000000000000000000000000000000000000000000000000001110110101010101101001
000000000000000000000000000000000000000000000000001111000101001101101001
000000000000000000000000000000000000000000000000001110010101011101101000
000000000000000000000000000000000000000000000000001110010101011101101010
000000000000000000000000000000000000000000000000011001000111111110001111
000000000000000000000000000000000000000000000000010110010111011010001010
000000000000000000000000000000000000000000000000010101100110111110000011
000000000000000000000000000000000000000000000000010101010111000010000000
000000000000000000000000000000000000000000000000010100110110101010000000
000000000000000000000000000000000000000000000000010001110110010101111100
000000000000000000000000000000000000000000000000010010110110100001111111
000000000000000000000000000000000000000000000000010001100110011101111110
000000000000000000000000000000000000000000000000001110100101101001110001
000000000000000000000000000000000000000000000000001110010101001101101100
000000000000000000000000000000000000000000000000001101110100110101100110
000000000000000000000000000000000000000000000000001100010100101101100101
000000000000000000000000000000000000000000000000001011000100100001100000
000000000000000000000000000000000000000000000000001100100100010001011110
000000000000000000000000000000000000000000000000001010110100010001011011
000000000000000000000000000000000000000000000000001100010100001001011011
000000000000000000000000000000000000000000000000001010110100001001011010
000000000000000000000000000000000000000000000000001010110100010001011100
000000000000000000000000000000000000000000000000001100100100010001011101
000000000000000000000000000000000000000000000000001011000100100001100001
000000000000000000000000000000000000000000000000001101000100101101100101
000000000000000000000000000000000000000000000000001101010100110001100101
000000000000000000000000000000000000000000000000001101000100110101100110
000000000000000000000000000000000000000000000000001110010101000001101011
000000000000000000000000000000000000000000000000001111000101010001101110
000000000000000000000000000000000000000000000000001110010101011101101101
000000000000000000000000000000000000000000000000001110010101011101101111
000000000000000000000000000000000000000000000000001111100101100101110100
000000000000000000000000000000000000000000000000010010010101111001110110
000000000000000000000000000000000000000000000000010001010110001101111011
000000000000000000000000000000000000000000000000010010100110011101111101
000000000000000000000000000000000000000000000000010101010110101110000001
000000000000000000000000000000000000000000000000010110100111010110001001
000000000000000000000000000000000000000000000000010110110111011110001001
000000000000000000000000000000000000000000000000011000000111110110001111
000000000000000000000000000000000000000000000000011000101000000010010010
000000000000000000000000000000000000000000000000011010111000011010010100
000000000000000000000000000000000000000000000000011011001000011110011001
000000000000000000000000000000000000000000000000011010111000100010011010
000000000000000000000000000000000000000000000000011011011000110010011100
000000000000000000000000000000000000000000000000011010111000101110011010
000000000000000000000000000000000000000000000000011011011000110010011001
000000000000000000000000000000000000000000000000011010101000101110011011
000000000000000000000000000000000000000000000000011011111000101110011001
000000000000000000000000000000000000000000000000011011101000101110011010
000000000000000000000000000000000000000000000000011011011000100010011011
000000000000000000000000000000000000000000000000011001111000010110010101
000000000000000000000000000000000000000000000000011001011000011110010100
000000000000000000000000000000000000000000000000011001111000010110010110
000000000000000000000000000000000000000000000000011010011000010110010100
000000000000000000000000000000000000000000000000011000111000001010010010
000000000000000000000000000000000000000000000000011001001000000110010000
000000000000000000000000000000000000000000000000011000110111111110001110
000000000000000000000000000000000000000000000000011000000111110110001101
000000000000000000000000000000000000000000000000010111110111101110001011
000000000000000000000000000000000000000000000000010111110111010110001001
000000000000000000000000000000000000000000000000010110100111010110000111
000000000000000000000000000000000000000000000000010100010111001110000100
000000000000000000000000000000000000000000000000010101110111000110000100
000000000000000000000000000000000000000000000000010100100110110010000010
000000000000000000000000000000000000000000000000010100010110101001111110
000000000000000000000000000000000000000000000000010100000110100101111101
000000000000000000000000000000000000000000000000010010110110010001111011
000000000000000000000000000000000000000000000000010001010110000101110100
000000000000000000000000000000000000000000000000010001110110000001110101
000000000000000000000000000000000000000000000000001111100101110101110000
000000000000000000000000000000000000000000000000010000110101100101110000
000000000000000000000000000000000000000000000000010000010101100101110000
000000000000000000000000000000000000000000000000001110010101011101101101
000000000000000000000000000000000000000000000000001110010101000101101010
000000000000000000000000000000000000000000000000001101100101000101101001
000000000000000000000000000000000000000000000000001110000101000101101000
000000000000000000000000000000000000000000000000001110010100111001100110
000000000000000000000000000000000000000000000000001110010100111101101000
000000000000000000000000000000000000000000000000001101110100111101100110
000000000000000000000000000000000000000000000000011001010111111010001101
000000000000000000000000000000000000000000000000010101110111011010001000
000000000000000000000000000000000000000000000000010101010111001110000110
000000000000000000000000000000000000000000000000010101010110111110000000
000000000000000000000000000000000000000000000000010100110110101110000000
000000000000000000000000000000000000000000000000010010100110100001111101
000000000000000000000000000000000000000000000000001111110101110001110111
000000000000000000000000000000000000000000000000001010110100100101100000
000000000000000000000000000000000000000000000000010000010101101101110011
000000000000000000000000000000000000000000000000010000110101100101110011
000000000000000000000000000000000000000000000000001111110101101101110000
000000000000000000000000000000000000000000000000010001000101101101110101
000000000000000000000000000000000000000000000000001111010101110001110010
000000000000000000000000000000000000000000000000010001010101111001110101
000000000000000000000000000000000000000000000000010001000110000101110111
000000000000000000000000000000000000000000000000010000110101101101110100
000000000000000000000000000000000000000000000000010001000110000001110111
000000000000000000000000000000000000000000000000010001110101111001110111
000000000000000000000000000000000000000000000000010001010110000101111001
000000000000000000000000000000000000000000000000010000100101111101110111
000000000000000000000000000000000000000000000000010001110110000001111001
000000000000000000000000000000000000000000000000001111010110001001111001
000000000000000000000000000000000000000000000000010000100110001001111000
000000000000000000000000000000000000000000000000010000000110000001110111
000000000000000000000000000000000000000000000000010010010110001001111001
000000000000000000000000000000000000000000000000010001000110001001111000
000000000000000000000000000000000000000000000000010001010110000001111001
000000000000000000000000000000000000000000000000010010100110001101111100
000000000000000000000000000000000000000000000000010001110110011001111101
000000000000000000000000000000000000000000000000010010000110100101111111
000000000000000000000000000000000000000000000000010100010110110110000010
000000000000000000000000000000000000000000000000010100110111000110000101
000000000000000000000000000000000000000000000000010101110111010110001010
000000000000000000000000000000000000000000000000010110100111101110001100
000000000000000000000000000000000000000000000000011000110111110010010000
000000000000000000000000000000000000000000000000011001010111111110010010
000000000000000000000000000000000000000000000000011010101000010010010011
000000000000000000000000000000000000000000000000011001101000010110010100
000000000000000000000000000000000000000000000000011000111000001110010010
000000000000000000000000000000000000000000000000011010111000011110010110
000000000000000000000000000000000000000000000000011001101000100010010101
000000000000000000000000000000000000000000000000011010001000010110010101
000000000000000000000000000000000000000000000000011011001000011110010110
000000000000000000000000000000000000000000000000011001111000100010010101
000000000000000000000000000000000000000000000000011010101000101010011000
000000000000000000000000000000000000000000000000011011101000100010010111
000000000000000000000000000000000000000000000000011010111000010110010101
000000000000000000000000000000000000000000000000011010101000001110010101
000000000000000000000000000000000000000000000000011001011000010110010010
000000000000000000000000000000000000000000000000011000111000010110010011
000000000000000000000000000000000000000000000000011010011000000110010001
000000000000000000000000000000000000000000000000011001010111111010010001
000000000000000000000000000000000000000000000000011000100111111010010000
000000000000000000000000000000000000000000000000011000110111110010001101
000000000000000000000000000000000000000000000000011000000111100110001101
000000000000000000000000000000000000000000000000010111010111010110001000
000000000000000000000000000000000000000000000000011000000111010110001001
000000000000000000000000000000000000000000000000010101010111010110000100
000000000000000000000000000000000000000000000000010101100110111110000010
000000000000000000000000000000000000000000000000010100110110111110000001
000000000000000000000000000000000000000000000000010101010110110010000001
000000000000000000000000000000000000000000000000010100100110101101111110
000000000000000000000000000000000000000000000000010011110110011001111100
000000000000000000000000000000000000000000000000010011100110010001111001
000000000000000000000000000000000000000000000000010001110110000101110110
000000000000000000000000000000000000000000000000010000110101111101110110
000000000000000000000000000000000000000000000000010000000101101001110001
000000000000000000000000000000000000000000000000001111010101101101110001
000000000000000000000000000000000000000000000000001111100101011101101110
000000000000000000000000000000000000000000000000001111010101010001101100
000000000000000000000000000000000000000000000000001111110101010001101100
000000000000000000000000000000000000000000000000001110100101001001101001
000000000000000000000000000000000000000000000000001110010101000001101001
000000000000000000000000000000000000000000000000001110110101001001101010
000000000000000000000000000000000000000000000000001110110101001101101011
000000000000000000000000000000000000000000000000010111010111110010001001
000000000000000000000000000000000000000000000000010101100111001010000100
000000000000000000000000000000000000000000000000010100100110111010000001
000000000000000000000000000000000000000000000000010011010110011101111011
000000000000000000000000000000000000000000000000010011010110011001111100
000000000000000000000000000000000000000000000000010011000110010101111011
000000000000000000000000000000000000000000000000001011110100011001100000
000000000000000000000000000000000000000000000000010001110101111001110110
000000000000000000000000000000000000000000000000010010000110000001110111
000000000000000000000000000000000000000000000000010001100101111001110101
000000000000000000000000000000000000000000000000010001100101110101110101
000000000000000000000000000000000000000000000000010000100101101101110100
000000000000000000000000000000000000000000000000010001000101101001110011
000000000000000000000000000000000000000000000000010001000101110101110100
000000000000000000000000000000000000000000000000010001000101101101110011
000000000000000000000000000000000000000000000000001111110101101001110011
000000000000000000000000000000000000000000000000001111100101110001110011
000000000000000000000000000000000000000000000000010000110101101101110100
000000000000000000000000000000000000000000000000001111110101110101110011
000000000000000000000000000000000000000000000000010000010101111001110101
000000000000000000000000000000000000000000000000010000100101110101110101
000000000000000000000000000000000000000000000000010001110101111001110110
000000000000000000000000000000000000000000000000010000110101111001110110
000000000000000000000000000000000000000000000000010000100110000001110111
000000000000000000000000000000000000000000000000010001110101111001110111
000000000000000000000000000000000000000000000000010000110110000001111000
000000000000000000000000000000000000000000000000010001110110000001110111
000000000000000000000000000000000000000000000000010010110110011001111011
000000000000000000000000000000000000000000000000010010000110011001111110
000000000000000000000000000000000000000000000000010100110110100110000000
000000000000000000000000000000000000000000000000010101010111000010000100
000000000000000000000000000000000000000000000000010101010111010010000111
000000000000000000000000000000000000000000000000010110000111011010001001
000000000000000000000000000000000000000000000000010110110111110010001101
000000000000000000000000000000000000000000000000011001000111111110010000
000000000000000000000000000000000000000000000000011000111000001010010010
000000000000000000000000000000000000000000000000011010011000011110010100
000000000000000000000000000000000000000000000000011011001000011010010101
000000000000000000000000000000000000000000000000011010001000010010010101
000000000000000000000000000000000000000000000000011010001000011010011000
000000000000000000000000000000000000000000000000011010001000011110010110
000000000000000000000000000000000000000000000000011011001000011010011010
000000000000000000000000000000000000000000000000011010011000101010010110
000000000000000000000000000000000000000000000000011010111000011110011000
000000000000000000000000000000000000000000000000011011101000011010011001
000000000000000000000000000000000000000000000000011011101000011110011000
000000000000000000000000000000000000000000000000011010111000010110011000
000000000000000000000000000000000000000000000000011011001000011010010110
000000000000000000000000000000000000000000000000011010101000010110010100
000000000000000000000000000000000000000000000000011001011000011010010100
000000000000000000000000000000000000000000000000011010101000001110010010
000000000000000000000000000000000000000000000000011010001000001010010010
000000000000000000000000000000000000000000000000010111100111111010001110
000000000000000000000000000000000000000000000000010111010111111010001100
000000000000000000000000000000000000000000000000011000010111101110001101
000000000000000000000000000000000000000000000000011000010111100010001011
000000000000000000000000000000000000000000000000010110100111010110001001
000000000000000000000000000000000000000000000000010110110111011010001000
000000000000000000000000000000000000000000000000010101110111001010000101
000000000000000000000000000000000000000000000000010101010110111110000001
000000000000000000000000000000000000000000000000010101010110110010000010
000000000000000000000000000000000000000000000000010011000110101001111101
000000000000000000000000000000000000000000000000010100010110101101111110
000000000000000000000000000000000000000000000000010010100110100101111011
000000000000000000000000000000000000000000000000010010010110011001111001
000000000000000000000000000000000000000000000000010010010110000001110101
000000000000000000000000000000000000000000000000010001010101110101110101
000000000000000000000000000000000000000000000000010000010101110001110010
000000000000000000000000000000000000000000000000001111100101100001101111
000000000000000000000000000000000000000000000000001111110101011101101100
000000000000000000000000000000000000000000000000010000000101011101101111
000000000000000000000000000000000000000000000000001111010101010001101011
000000000000000000000000000000000000000000000000001111000101001101101000
000000000000000000000000000000000000000000000000001110110101001001101011
000000000000000000000000000000000000000000000000001111010101001101101100
000000000000000000000000000000000000000000000000010101110111010110001000
000000000000000000000000000000000000000000000000010101100111001010000100
000000000000000000000000000000000000000000000000010011100110101001111111
000000000000000000000000000000000000000000000000010011000110011001111011
000000000000000000000000000000000000000000000000010011100110011001111011
000000000000000000000000000000000000000000000000010010110110011001111101
000000000000000000000000000000000000000000000000001011110100010001011111
000000000000000000000000000000000000000000000000010001010110000001110111
000000000000000000000000000000000000000000000000010001100101111101110110
000000000000000000000000000000000000000000000000010000110101111101110100
000000000000000000000000000000000000000000000000010001010101111001110100
000000000000000000000000000000000000000000000000010000110101101101110011
000000000000000000000000000000000000000000000000010001000101101001110010
000000000000000000000000000000000000000000000000010001100101101001110001
000000000000000000000000000000000000000000000000010001000101101001110011
000000000000000000000000000000000000000000000000010000110101111001110101
000000000000000000000000000000000000000000000000010000010101110001110011
000000000000000000000000000000000000000000000000010000000101110101110011
000000000000000000000000000000000000000000000000010001010101111101110100
000000000000000000000000000000000000000000000000010000100101110101110100
000000000000000000000000000000000000000000000000001111110101110101110100
000000000000000000000000000000000000000000000000001111000101111001110011
000000000000000000000000000000000000000000000000001111000101111001110101
000000000000000000000000000000000000000000000000010000100110000001111000
000000000000000000000000000000000000000000000000010001110101111101111001
000000000000000000000000000000000000000000000000010001000110000101111001
000000000000000000000000000000000000000000000000010000100110010001111000
000000000000000000000000000000000000000000000000010010000110010101111101
000000000000000000000000000000000000000000000000010011110110101010000001
000000000000000000000000000000000000000000000000010100100110110110000011
000000000000000000000000000000000000000000000000010101010111000110000100
000000000000000000000000000000000000000000000000010110000111010110000111
000000000000000000000000000000000000000000000000011000010111100010010000
000000000000000000000000000000000000000000000000011000101000000010010000
000000000000000000000000000000000000000000000000011010001000010010010010
000000000000000000000000000000000000000000000000011001101000010010010101
000000000000000000000000000000000000000000000000011010011000011010010100
000000000000000000000000000000000000000000000000011001101000011110010110
000000000000000000000000000000000000000000000000011001101000100010010110
000000000000000000000000000000000000000000000000011010101000010110010111
000000000000000000000000000000000000000000000000011010011000100010010101
000000000000000000000000000000000000000000000000011001011000100010010110
000000000000000000000000000000000000000000000000011011101000101010011001
000000000000000000000000000000000000000000000000011010111000011110010111
000000000000000000000000000000000000000000000000011011101000011110010110
000000000000000000000000000000000000000000000000011010101000100110010110
000000000000000000000000000000000000000000000000011010101000011110010110
000000000000000000000000000000000000000000000000011000111000010110010100
000000000000000000000000000000000000000000000000011000111000010010010010
000000000000000000000000000000000000000000000000011001001000011010010011
000000000000000000000000000000000000000000000000011010011000001110010101
000000000000000000000000000000000000000000000000011001111000001010010011
000000000000000000000000000000000000000000000000011000000111111110001110
000000000000000000000000000000000000000000000000011000110111110010001101
000000000000000000000000000000000000000000000000011000010111101110001011
000000000000000000000000000000000000000000000000010111110111101010001010
000000000000000000000000000000000000000000000000010111010111011010000110
000000000000000000000000000000000000000000000000010110110111011010001000
000000000000000000000000000000000000000000000000010101100111010110000011
000000000000000000000000000000000000000000000000010101110111000010000011
000000000000000000000000000000000000000000000000010101010110110101111111
000000000000000000000000000000000000000000000000010100100110110101111110
000000000000000000000000000000000000000000000000010100010110100001111101
000000000000000000000000000000000000000000000000010011010110011001111010
000000000000000000000000000000000000000000000000010001110110001001110101
000000000000000000000000000000000000000000000000010001110101111101110111
000000000000000000000000000000000000000000000000010000100110000001110110
000000000000000000000000000000000000000000000000010001100101110101110010
000000000000000000000000000000000000000000000000010001010101110001110011
000000000000000000000000000000000000000000000000010001010101100001110010
000000000000000000000000000000000000000000000000010000100101011101101111
000000000000000000000000000000000000000000000000001111000101010001101100
000000000000000000000000000000000000000000000000001110110101010001101100
000000000000000000000000000000000000000000000000001111100101010101101101
000000000000000000000000000000000000000000000000001110010101010001101000
000000000000000000000000000000000000000000000000010101100110111110000110
000000000000000000000000000000000000000000000000010100100110110110000001
000000000000000000000000000000000000000000000000010100010110100110000010
000000000000000000000000000000000000000000000000010010000110100001111101
000000000000000000000000000000000000000000000000010011000110011101111001
000000000000000000000000000000000000000000000000010010000110001101110101
000000000000000000000000000000000000000000000000001100000100011101100000
000000000000000000000000000000000000000000000000010000110101110101110100
000000000000000000000000000000000000000000000000010000100110000001110100
000000000000000000000000000000000000000000000000010000110101111001110011
000000000000000000000000000000000000000000000000010001100110000001110011
000000000000000000000000000000000000000000000000010001100101101101110100
000000000000000000000000000000000000000000000000010001110101101101110011
000000000000000000000000000000000000000000000000010000000101101101110011
000000000000000000000000000000000000000000000000010000000101101101110000
000000000000000000000000000000000000000000000000001111010101110001110100
000000000000000000000000000000000000000000000000001111000101110001110010
000000000000000000000000000000000000000000000000010000010101110001110100
000000000000000000000000000000000000000000000000001111110101101101110011
000000000000000000000000000000000000000000000000010000010101110001110100
000000000000000000000000000000000000000000000000010000110101111101110111
000000000000000000000000000000000000000000000000001111110110000101110110
000000000000000000000000000000000000000000000000010001010101111101110110
000000000000000000000000000000000000000000000000010000100110001001111000
000000000000000000000000000000000000000000000000010000110110001001111000
000000000000000000000000000000000000000000000000010001100110010101111011
000000000000000000000000000000000000000000000000010001110110011001111011
000000000000000000000000000000000000000000000000010010110110100001111100
000000000000000000000000000000000000000000000000010011010110101010000000
000000000000000000000000000000000000000000000000010011010110111110000010
000000000000000000000000000000000000000000000000010101110111010010001000
000000000000000000000000000000000000000000000000010101110111010110001001
000000000000000000000000000000000000000000000000010111010111101110001110
000000000000000000000000000000000000000000000000010111111000000110010010
000000000000000000000000000000000000000000000000011010011000010110010011
000000000000000000000000000000000000000000000000011001001000010110010011
000000000000000000000000000000000000000000000000011001001000010110010011
000000000000000000000000000000000000000000000000011001011000010110010101
000000000000000000000000000000000000000000000000011001111000100010010111
000000000000000000000000000000000000000000000000011010101000011010010110
000000000000000000000000000000000000000000000000011001101000010010010100
000000000000000000000000000000000000000000000000011011001000011010010111
000000000000000000000000000000000000000000000000011010111000100110010111
000000000000000000000000000000000000000000000000011001111000011110010101
000000000000000000000000000000000000000000000000011010111000100010010111
000000000000000000000000000000000000000000000000011010101000100010010111
000000000000000000000000000000000000000000000000011010101000011110010101
000000000000000000000000000000000000000000000000011010111000011110010111
000000000000000000000000000000000000000000000000011010101000011110010101
000000000000000000000000000000000000000000000000011000111000010110010011
000000000000000000000000000000000000000000000000011001101000010110010011
000000000000000000000000000000000000000000000000011001111000001110010010
000000000000000000000000000000000000000000000000011001011000000010010001
000000000000000000000000000000000000000000000000010111100111111010010000
000000000000000000000000000000000000000000000000010101110111111010001110
000000000000000000000000000000000000000000000000011000000111101110001110
000000000000000000000000000000000000000000000000011000000111100010001011
000000000000000000000000000000000000000000000000010111000111011110001010
000000000000000000000000000000000000000000000000010110000111010010000011
000000000000000000000000000000000000000000000000010100010110111010000011
000000000000000000000000000000000000000000000000010100100110100001111111
000000000000000000000000000000000000000000000000010011010110101001111011
000000000000000000000000000000000000000000000000010100000110011101111100
000000000000000000000000000000000000000000000000010010000110011001111011
000000000000000000000000000000000000000000000000010010100110010001111000
000000000000000000000000000000000000000000000000010011100110001101111011
000000000000000000000000000000000000000000000000010001110110000001110110
000000000000000000000000000000000000000000000000010010100110001001111001
000000000000000000000000000000000000000000000000010001010101110001110110
000000000000000000000000000000000000000000000000010001110101110001110101
000000000000000000000000000000000000000000000000010001110101101101110000
000000000000000000000000000000000000000000000000010010000101011001110000
000000000000000000000000000000000000000000000000010001100101011001101101
000000000000000000000000000000000000000000000000001111100101001001101000
000000000000000000000000000000000000000000000000001101000101001001100110
000000000000000000000000000000000000000000000000010100110111001010000010
000000000000000000000000000000000000000000000000010100100110101101111111
000000000000000000000000000000000000000000000000010011000110011001111010
000000000000000000000000000000000000000000000000010010000110100001111011
000000000000000000000000000000000000000000000000010011000110010101111011
000000000000000000000000000000000000000000000000010010010110001101111001
000000000000000000000000000000000000000000000000001011110100011001011110
000000000000000000000000000000000000000000000000010001000101110001110100
000000000000000000000000000000000000000000000000010001000101101001110001
000000000000000000000000000000000000000000000000010000110101110001110101
000000000000000000000000000000000000000000000000001111100101101001110010
000000000000000000000000000000000000000000000000010000000101110001110100
000000000000000000000000000000000000000000000000010001100101111101110110
000000000000000000000000000000000000000000000000010000100101101001110011
000000000000000000000000000000000000000000000000010000110101101001110100
000000000000000000000000000000000000000000000000010000010101101101110010
000000000000000000000000000000000000000000000000010000110101111001110110
000000000000000000000000000000000000000000000000010000100101110101110100
000000000000000000000000000000000000000000000000010000100101110001110101
000000000000000000000000000000000000000000000000010001110101111001110111
000000000000000000000000000000000000000000000000010001100101111001110111
000000000000000000000000000000000000000000000000010000100101111101110110
000000000000000000000000000000000000000000000000010010100101111101111000
000000000000000000000000000000000000000000000000010001110101111101110110
000000000000000000000000000000000000000000000000010000110110001001111010
000000000000000000000000000000000000000000000000010011110110001101111011
000000000000000000000000000000000000000000000000010011000110100001111100
000000000000000000000000000000000000000000000000010100010110110001111111
000000000000000000000000000000000000000000000000010101010110111110000010
000000000000000000000000000000000000000000000000010100110111010010000101
000000000000000000000000000000000000000000000000010111010111010110001000
000000000000000000000000000000000000000000000000010110110111100110001011
000000000000000000000000000000000000000000000000011000110111111010001110
000000000000000000000000000000000000000000000000011001011000000010001111
000000000000000000000000000000000000000000000000011001011000010110010100
000000000000000000000000000000000000000000000000011001111000100010010101
000000000000000000000000000000000000000000000000011001111000011110010100
000000000000000000000000000000000000000000000000011000111000010110010110
000000000000000000000000000000000000000000000000011001101000011110010101
000000000000000000000000000000000000000000000000011011001000100010010110
000000000000000000000000000000000000000000000000011010001000011110010110
000000000000000000000000000000000000000000000000011001111000010010010101
000000000000000000000000000000000000000000000000011010101000100010010111
000000000000000000000000000000000000000000000000011011001000100010011000
000000000000000000000000000000000000000000000000011011011000011110010111
000000000000000000000000000000000000000000000000011001111000011010010101
000000000000000000000000000000000000000000000000011010101000011010010101
000000000000000000000000000000000000000000000000011001111000100110010101
000000000000000000000000000000000000000000000000011010111000011110010101
000000000000000000000000000000000000000000000000011001101000011010010101
000000000000000000000000000000000000000000000000011001011000010110010010
000000000000000000000000000000000000000000000000011010101000010110010010
000000000000000000000000000000000000000000000000011000011000001010010000
000000000000000000000000000000000000000000000000011001100111111010010000
000000000000000000000000000000000000000000000000010110110111111110010000
000000000000000000000000000000000000000000000000011000110111110010001110
000000000000000000000000000000000000000000000000010110010111101110001011
000000000000000000000000000000000000000000000000010110110111010110001010
000000000000000000000000000000000000000000000000010101010110111110000001
000000000000000000000000000000000000000000000000010100110110101110000010
000000000000000000000000000000000000000000000000010100110110110001111111
000000000000000000000000000000000000000000000000010011010110101001111110
000000000000000000000000000000000000000000000000010011000110100001111100
000000000000000000000000000000000000000000000000010010000110011001111100
000000000000000000000000000000000000000000000000010010100110001001110111
000000000000000000000000000000000000000000000000010001110110001101110100
000000000000000000000000000000000000000000000000010001110110000001110011
000000000000000000000000000000000000000000000000010001110110000101110101
000000000000000000000000000000000000000000000000010001100101111101110110
000000000000000000000000000000000000000000000000010001100110000001110100
000000000000000000000000000000000000000000000000010001110101111001110010
000000000000000000000000000000000000000000000000010000000101101001101110
000000000000000000000000000000000000000000000000001111010101100001101100
000000000000000000000000000000000000000000000000001111100101100001101100
000000000000000000000000000000000000000000000000001110000100111101100111
000000000000000000000000000000000000000000000000010101000111001110000010
000000000000000000000000000000000000000000000000010101000110110101111111
000000000000000000000000000000000000000000000000010010000110011001111100
000000000000000000000000000000000000000000000000010010100110101001111100
000000000000000000000000000000000000000000000000010001110110010001111001
000000000000000000000000000000000000000000000000010010000110000101110110
000000000000000000000000000000000000000000000000001010110100001101011100
000000000000000000000000000000000000000000000000001111100101110001110010
000000000000000000000000000000000000000000000000010001100101101101110001
000000000000000000000000000000000000000000000000010000100101110101110011
000000000000000000000000000000000000000000000000010000110101110001110100
000000000000000000000000000000000000000000000000010000100101101101110011
000000000000000000000000000000000000000000000000010000110101101001110001
000000000000000000000000000000000000000000000000010000110101111001110010
000000000000000000000000000000000000000000000000010001000101110001110100
000000000000000000000000000000000000000000000000010001010101101101110100
000000000000000000000000000000000000000000000000010001000101101001110011
000000000000000000000000000000000000000000000000001111110101110101110011
000000000000000000000000000000000000000000000000010001010101110001110011
000000000000000000000000000000000000000000000000010000110101101101110010
000000000000000000000000000000000000000000000000010001110110000001111001
000000000000000000000000000000000000000000000000010010010101111101110110
000000000000000000000000000000000000000000000000010001110110000101111000
000000000000000000000000000000000000000000000000010000010110000101110100
000000000000000000000000000000000000000000000000010001010110001001111010
000000000000000000000000000000000000000000000000010010100110011001111011
000000000000000000000000000000000000000000000000010011010110100101111011
000000000000000000000000000000000000000000000000010100110110110001111111
000000000000000000000000000000000000000000000000010101010111000110000011
000000000000000000000000000000000000000000000000010110000111001010000110
000000000000000000000000000000000000000000000000010111000111011010000110
000000000000000000000000000000000000000000000000010110110111101110001101
000000000000000000000000000000000000000000000000011000110111111010001111
000000000000000000000000000000000000000000000000011001101000010010010100
000000000000000000000000000000000000000000000000011010101000010110010100
000000000000000000000000000000000000000000000000011001101000010110010011
000000000000000000000000000000000000000000000000011010011000010110010011
000000000000000000000000000000000000000000000000011010001000011010010101
000000000000000000000000000000000000000000000000011010011000011010010100
000000000000000000000000000000000000000000000000011001011000010110010110
000000000000000000000000000000000000000000000000011001011000100010010101
000000000000000000000000000000000000000000000000011010001000100010010110
000000000000000000000000000000000000000000000000011010111000010010010100
000000000000000000000000000000000000000000000000011001111000100110010110
000000000000000000000000000000000000000000000000011010111000011010010101
000000000000000000000000000000000000000000000000011010101000010110010011
000000000000000000000000000000000000000000000000011001111000011010010101
000000000000000000000000000000000000000000000000011010111000010110010100
000000000000000000000000000000000000000000000000011100011000010010010100
000000000000000000000000000000000000000000000000011010101000001110010010
000000000000000000000000000000000000000000000000011010001000010010010010
000000000000000000000000000000000000000000000000011001111000001110010001
000000000000000000000000000000000000000000000000011001101000000010010000
000000000000000000000000000000000000000000000000010111101000001010001111
000000000000000000000000000000000000000000000000010111110111110110001111
000000000000000000000000000000000000000000000000011000010111110110001011
000000000000000000000000000000000000000000000000010110010111100110001000
000000000000000000000000000000000000000000000000010110000111000110000110
000000000000000000000000000000000000000000000000010110010110110001111101
000000000000000000000000000000000000000000000000010101010110110001111111
000000000000000000000000000000000000000000000000010100010110101001111011
000000000000000000000000000000000000000000000000010100000110101101111110
000000000000000000000000000000000000000000000000010100000110100001111111
000000000000000000000000000000000000000000000000010010100110011001111011
000000000000000000000000000000000000000000000000010010010110011101111010
000000000000000000000000000000000000000000000000010010110110001101111001
000000000000000000000000000000000000000000000000010001110110011001111010
000000000000000000000000000000000000000000000000010000110110001101110111
000000000000000000000000000000000000000000000000010010000110000001111001
000000000000000000000000000000000000000000000000010001100101111101110101
000000000000000000000000000000000000000000000000010001010101110101110101
000000000000000000000000000000000000000000000000010000100101110101110000
000000000000000000000000000000000000000000000000001111100101101001101110
000000000000000000000000000000000000000000000000010000000101011001101100
000000000000000000000000000000000000000000000000001110010101001001100111
000000000000000000000000000000000000000000000000010010010110011001111010
000000000000000000000000000000000000000000000000010011110110011101111011
000000000000000000000000000000000000000000000000010010010110010101111011
000000000000000000000000000000000000000000000000010010000110000101111000
000000000000000000000000000000000000000000000000010001110101111101110111
000000000000000000000000000000000000000000000000010001110110000001110100
000000000000000000000000000000000000000000000000001011100100011001011111
000000000000000000000000000000000000000000000000010000100101101001110000
000000000000000000000000000000000000000000000000010000000101110001110011
000000000000000000000000000000000000000000000000010000100101101001110001
000000000000000000000000000000000000000000000000001111100101110101110010
000000000000000000000000000000000000000000000000010001000101101101110011
000000000000000000000000000000000000000000000000010001010101101101110100
000000000000000000000000000000000000000000000000001111010101110101110010
000000000000000000000000000000000000000000000000001111110101110101110100
000000000000000000000000000000000000000000000000001111110101110001110100
000000000000000000000000000000000000000000000000010001010101100001110001
000000000000000000000000000000000000000000000000010001000101110101110011
000000000000000000000000000000000000000000000000001111110101110001110010
000000000000000000000000000000000000000000000000010000100101101001110011
000000000000000000000000000000000000000000000000010001100101110001110100
000000000000000000000000000000000000000000000000010000100101111101110111
000000000000000000000000000000000000000000000000010010010110000001111001
000000000000000000000000000000000000000000000000010001110110010101111010
000000000000000000000000000000000000000000000000010001000110001101111010
000000000000000000000000000000000000000000000000010001110110011001111100
000000000000000000000000000000000000000000000000010100000110100001111101
000000000000000000000000000000000000000000000000010100000110111010000001
000000000000000000000000000000000000000000000000010101100111000110000100
000000000000000000000000000000000000000000000000010101010111010110001000
000000000000000000000000000000000000000000000000010110110111100010001001
000000000000000000000000000000000000000000000000010110100111110010001010
000000000000000000000000000000000000000000000000011000110111111110001111
000000000000000000000000000000000000000000000000011000101000001110010000
000000000000000000000000000000000000000000000000011001011000001010010001
000000000000000000000000000000000000000000000000011010011000001110010010
000000000000000000000000000000000000000000000000011010011000001010010100
000000000000000000000000000000000000000000000000011010001000010110010010
000000000000000000000000000000000000000000000000011010101000010110010011
000000000000000000000000000000000000000000000000011010001000011010010100
000000000000000000000000000000000000000000000000011010001000010110010011
000000000000000000000000000000000000000000000000011010101000010110010100
000000000000000000000000000000000000000000000000011001111000011110010101
000000000000000000000000000000000000000000000000011001011000010110010010
000000000000000000000000000000000000000000000000011010001000010110010100
000000000000000000000000000000000000000000000000011001111000010110010100
000000000000000000000000000000000000000000000000011000111000010110010010
000000000000000000000000000000000000000000000000011010011000010010010011
000000000000000000000000000000000000000000000000011001011000010010010011
000000000000000000000000000000000000000000000000011001011000001010010100
000000000000000000000000000000000000000000000000011001111000010010010010
000000000000000000000000000000000000000000000000011001111000000010010010
000000000000000000000000000000000000000000000000011000110111111010001101
000000000000000000000000000000000000000000000000011000100111111010001110
000000000000000000000000000000000000000000000000010111010111110010001101
000000000000000000000000000000000000000000000000010111010111100010001001
000000000000000000000000000000000000000000000000010110100111000110000110
000000000000000000000000000000000000000000000000010101000111000110000001
000000000000000000000000000000000000000000000000010101100110111001111110
000000000000000000000000000000000000000000000000010100110110111101111100
000000000000000000000000000000000000000000000000010100110110101001111110
000000000000000000000000000000000000000000000000010100000110101101111111
000000000000000000000000000000000000000000000000010100000110011001111011
000000000000000000000000000000000000000000000000010011100110011001111011
000000000000000000000000000000000000000000000000010100010110100101111011
000000000000000000000000000000000000000000000000010001110110011001111001
000000000000000000000000000000000000000000000000010011000110010001111000
000000000000000000000000000000000000000000000000010011000110001001111010
000000000000000000000000000000000000000000000000010001110110000001110100
000000000000000000000000000000000000000000000000010011100101111001110101
000000000000000000000000000000000000000000000000010001000101111001110011
000000000000000000000000000000000000000000000000010001010101101101110100
000000000000000000000000000000000000000000000000010000110101100101110000
000000000000000000000000000000000000000000000000001111110101011101110000
000000000000000000000000000000000000000000000000001101110100111101100101
000000000000000000000000000000000000000000000000010000100110000101110010
000000000000000000000000000000000000000000000000010010100110010001110101
000000000000000000000000000000000000000000000000010010000110011001111101
000000000000000000000000000000000000000000000000010011000110010001111011
000000000000000000000000000000000000000000000000010010010110000101111010
000000000000000000000000000000000000000000000000010000010101111101110100
000000000000000000000000000000000000000000000000001011100100001001011011
000000000000000000000000000000000000000000000000001110100101011101101110
000000000000000000000000000000000000000000000000010000110101101001110100
000000000000000000000000000000000000000000000000010000110101101101110011
000000000000000000000000000000000000000000000000010001010101110001110100
000000000000000000000000000000000000000000000000010000110101100101110010
000000000000000000000000000000000000000000000000010000110101101101110010
000000000000000000000000000000000000000000000000010001000101101101110011
000000000000000000000000000000000000000000000000010000100101100101110010
000000000000000000000000000000000000000000000000010001000101110001110010
000000000000000000000000000000000000000000000000010010100101100101110010
000000000000000000000000000000000000000000000000010001000101100101110011
000000000000000000000000000000000000000000000000010000010101110101110011
000000000000000000000000000000000000000000000000010000000101101101110010
000000000000000000000000000000000000000000000000010000100101110001110001
000000000000000000000000000000000000000000000000001111110101110001110100
000000000000000000000000000000000000000000000000010001010101110001110101
000000000000000000000000000000000000000000000000010001110101111101110111
000000000000000000000000000000000000000000000000010011010110001001111011
000000000000000000000000000000000000000000000000010010110110011101111101
000000000000000000000000000000000000000000000000010011000110101101111101
000000000000000000000000000000000000000000000000010100000110110001111111
000000000000000000000000000000000000000000000000010101010111000010000011
000000000000000000000000000000000000000000000000010101010111010010000101
000000000000000000000000000000000000000000000000010111100111100010001100
000000000000000000000000000000000000000000000000011000000111110010001101
000000000000000000000000000000000000000000000000011000111000000110001111
000000000000000000000000000000000000000000000000011001101000000010010000
000000000000000000000000000000000000000000000000011001110111111110010001
000000000000000000000000000000000000000000000000011001011000000010010000
000000000000000000000000000000000000000000000000011000111000000110010010
000000000000000000000000000000000000000000000000011001111000000110010001
000000000000000000000000000000000000000000000000011000111000010110010010
000000000000000000000000000000000000000000000000011010101000010010010011
000000000000000000000000000000000000000000000000011010001000001010010101
000000000000000000000000000000000000000000000000011010001000001110010010
000000000000000000000000000000000000000000000000011001101000010110010100
000000000000000000000000000000000000000000000000011001001000010110010011
000000000000000000000000000000000000000000000000011000111000010010010100
000000000000000000000000000000000000000000000000011000111000010010010011
000000000000000000000000000000000000000000000000011000111000010110010010
000000000000000000000000000000000000000000000000011001111000000110010010
000000000000000000000000000000000000000000000000011001101000000110010001
000000000000000000000000000000000000000000000000011000111000000110010000
000000000000000000000000000000000000000000000000011000110111111110010000
000000000000000000000000000000000000000000000000010111110111110010001011
000000000000000000000000000000000000000000000000011000110111110010001100
000000000000000000000000000000000000000000000000011000000111100010001000
000000000000000000000000000000000000000000000000010110100111100110000110
000000000000000000000000000000000000000000000000010101110111010110000100
000000000000000000000000000000000000000000000000010101000111001010000101
000000000000000000000000000000000000000000000000010110110110111110000010
000000000000000000000000000000000000000000000000010110000111000110000011
000000000000000000000000000000000000000000000000010110000110111010000010
000000000000000000000000000000000000000000000000010100110110111001111110
000000000000000000000000000000000000000000000000010011110110101001111011
000000000000000000000000000000000000000000000000010011100110101001111011
000000000000000000000000000000000000000000000000010011110110100001111010
000000000000000000000000000000000000000000000000010011110110011001111010
000000000000000000000000000000000000000000000000010010100110011001111001
000000000000000000000000000000000000000000000000010100100110001101111001
000000000000000000000000000000000000000000000000010011000110011001111000
000000000000000000000000000000000000000000000000010001110110001101110111
000000000000000000000000000000000000000000000000010011010110000001110101
000000000000000000000000000000000000000000000000010001010101110101110100
000000000000000000000000000000000000000000000000010001000101101101110001
000000000000000000000000000000000000000000000000010000010101110001101111
000000000000000000000000000000000000000000000000010001000101011101101111
000000000000000000000000000000000000000000000000001101000101000001100110
000000000000000000000000000000000000000000000000010010000101101101110010
000000000000000000000000000000000000000000000000010010100110000101111000
000000000000000000000000000000000000000000000000010001010110000101111000
000000000000000000000000000000000000000000000000010010100110001101111001
000000000000000000000000000000000000000000000000010001000110001001110110
000000000000000000000000000000000000000000000000010000110101101101110010
000000000000000000000000000000000000000000000000001011010100010001011110
000000000000000000000000000000000000000000000000001110000101100001101110
000000000000000000000000000000000000000000000000010001000101100001110000
000000000000000000000000000000000000000000000000010000010101011101110000
000000000000000000000000000000000000000000000000010000000101100001110000
000000000000000000000000000000000000000000000000010000010101101101110011
000000000000000000000000000000000000000000000000010000010101100001110001
000000000000000000000000000000000000000000000000010000000101110001110000
000000000000000000000000000000000000000000000000010000010101100101110001
000000000000000000000000000000000000000000000000010000000101110001110000
000000000000000000000000000000000000000000000000010000000101101101110000
000000000000000000000000000000000000000000000000001111110101110001110011
000000000000000000000000000000000000000000000000010001000101101001110011
000000000000000000000000000000000000000000000000010000010101100001110001
000000000000000000000000000000000000000000000000010000100101101001110001
000000000000000000000000000000000000000000000000010000110101110101110100
000000000000000000000000000000000000000000000000010000000101110101110101
000000000000000000000000000000000000000000000000010011000110001001111010
000000000000000000000000000000000000000000000000010010000110011101111100
000000000000000000000000000000000000000000000000010011110110011101111100
000000000000000000000000000000000000000000000000010100000110101001111110
000000000000000000000000000000000000000000000000010100110110110010000011
000000000000000000000000000000000000000000000000010101110111000010000110
000000000000000000000000000000000000000000000000010110100111010010000110
000000000000000000000000000000000000000000000000010111110111011110001100
000000000000000000000000000000000000000000000000011000000111111010001100
000000000000000000000000000000000000000000000000011000101000000110001110
000000000000000000000000000000000000000000000000011001000111111010001101
000000000000000000000000000000000000000000000000011000110111111010010001
000000000000000000000000000000000000000000000000011000011000000010010000
000000000000000000000000000000000000000000000000011001101000000010010010
000000000000000000000000000000000000000000000000011000110111111010001110
000000000000000000000000000000000000000000000000011001000111111110010001
000000000000000000000000000000000000000000000000011001101000001110010010
000000000000000000000000000000000000000000000000011001111000010010010100
000000000000000000000000000000000000000000000000011010001000001110010001
000000000000000000000000000000000000000000000000011000111000010010010010
000000000000000000000000000000000000000000000000011001011000001010010010
000000000000000000000000000000000000000000000000011001111000001110010010
000000000000000000000000000000000000000000000000011001001000000010010010
000000000000000000000000000000000000000000000000011000000111111110001101
000000000000000000000000000000000000000000000000011000000111110110001101
000000000000000000000000000000000000000000000000011000000111110110001011
000000000000000000000000000000000000000000000000010111100111110110001011
000000000000000000000000000000000000000000000000011001010111110110001101
000000000000000000000000000000000000000000000000011000000111101010001010
000000000000000000000000000000000000000000000000010111100111101110001001
000000000000000000000000000000000000000000000000010111100111100010001011
000000000000000000000000000000000000000000000000011000010111010110001000
000000000000000000000000000000000000000000000000010110010111011110000110
000000000000000000000000000000000000000000000000010110000111001010000101
000000000000000000000000000000000000000000000000010111010111001010000010
000000000000000000000000000000000000000000000000010100110111001110000001
000000000000000000000000000000000000000000000000010100010110111110000000
000000000000000000000000000000000000000000000000010100010111000101111111
000000000000000000000000000000000000000000000000010100110110111001111110
000000000000000000000000000000000000000000000000010110100110110001111111
000000000000000000000000000000000000000000000000010100000110100001111100
000000000000000000000000000000000000000000000000010100000110100001111011
000000000000000000000000000000000000000000000000010100000110011101111011
000000000000000000000000000000000000000000000000010011000110010101111011
000000000000000000000000000000000000000000000000010010100110001101111010
000000000000000000000000000000000000000000000000010010110110001101110110
000000000000000000000000000000000000000000000000010011100101111001110100
000000000000000000000000000000000000000000000000010001100101111101110101
000000000000000000000000000000000000000000000000010001100101101101110010
000000000000000000000000000000000000000000000000010000010101011101110000
000000000000000000000000000000000000000000000000001111000101011101101101
000000000000000000000000000000000000000000000000001110000100110001100010
000000000000000000000000000000000000000000000000010001100101111101110101
000000000000000000000000000000000000000000000000010010100110010101111001
000000000000000000000000000000000000000000000000010010010110001001111000
000000000000000000000000000000000000000000000000010011000110000001110101
000000000000000000000000000000000000000000000000010001010110000001110101
000000000000000000000000000000000000000000000000010000100101011101110001
000000000000000000000000000000000000000000000000001011100100010001011101
000000000000000000000000000000000000000000000000001110000101010001101011
000000000000000000000000000000000000000000000000001111010101010101101110
000000000000000000000000000000000000000000000000001111110101100001110010
000000000000000000000000000000000000000000000000001110110101100001110000
000000000000000000000000000000000000000000000000001111000101100001110000
000000000000000000000000000000000000000000000000010000110101101001110011
000000000000000000000000000000000000000000000000001111110101011101101111
000000000000000000000000000000000000000000000000001110100101100101110000
000000000000000000000000000000000000000000000000010000010101011101110000
000000000000000000000000000000000000000000000000010000010101101101110000
000000000000000000000000000000000000000000000000010000010101101001110000
000000000000000000000000000000000000000000000000001111110101100001110001
000000000000000000000000000000000000000000000000010000110101101001110011
000000000000000000000000000000000000000000000000001110010101100101110000
000000000000000000000000000000000000000000000000001111110101110101110011
000000000000000000000000000000000000000000000000010001010101110101110101
000000000000000000000000000000000000000000000000010000110101110101110100
000000000000000000000000000000000000000000000000010010000110001101111010
000000000000000000000000000000000000000000000000010100000110011001111011
000000000000000000000000000000000000000000000000010011110110101001111101
000000000000000000000000000000000000000000000000010100000110110110000011
000000000000000000000000000000000000000000000000010101010111000010000010
000000000000000000000000000000000000000000000000010101110111010110000100
000000000000000000000000000000000000000000000000010110000111100110001001
000000000000000000000000000000000000000000000000010111100111101110001100
000000000000000000000000000000000000000000000000011000010111101110001011
000000000000000000000000000000000000000000000000010111110111110010001011
000000000000000000000000000000000000000000000000011000100111101110001101
000000000000000000000000000000000000000000000000010111110111101110001000
000000000000000000000000000000000000000000000000010111100111101010001100
000000000000000000000000000000000000000000000000010111110111110010001011
000000000000000000000000000000000000000000000000011000010111101110001100
000000000000000000000000000000000000000000000000010110110111100110001011
000000000000000000000000000000000000000000000000010111000111101010001101
000000000000000000000000000000000000000000000000010110110111101010001100
000000000000000000000000000000000000000000000000010111110111100010001011
000000000000000000000000000000000000000000000000010111100111011110001011
000000000000000000000000000000000000000000000000010110100111100010001001
000000000000000000000000000000000000000000000000010111000111011110001001
000000000000000000000000000000000000000000000000010110000111011010000110
000000000000000000000000000000000000000000000000010101010111010010000111
000000000000000000000000000000000000000000000000010110110111000110000100
000000000000000000000000000000000000000000000000010101010111000010000011
000000000000000000000000000000000000000000000000010110000110111110000011
000000000000000000000000000000000000000000000000010100010111001110000100
000000000000000000000000000000000000000000000000010101010111000010000100
000000000000000000000000000000000000000000000000010011100110110110000000
000000000000000000000000000000000000000000000000010100100110110110000001
000000000000000000000000000000000000000000000000010011010110101101111110
000000000000000000000000000000000000000000000000010011110110101001111110
000000000000000000000000000000000000000000000000010011000110011101111110
000000000000000000000000000000000000000000000000010011010110011101111110
000000000000000000000000000000000000000000000000010011100110010101111101
000000000000000000000000000000000000000000000000010011100110010001111001
000000000000000000000000000000000000000000000000010010100110001101110111
000000000000000000000000000000000000000000000000010011100110001001110111
000000000000000000000000000000000000000000000000010001010101111101110101
000000000000000000000000000000000000000000000000010001110101111001110110
000000000000000000000000000000000000000000000000010000100101110001110101
000000000000000000000000000000000000000000000000010000010101101101110000
000000000000000000000000000000000000000000000000010100110110001001110101
000000000000000000000000000000000000000000000000010010110110001101110110
000000000000000000000000000000000000000000000000010001110110001001110010
000000000000000000000000000000000000000000000000010000100101110101101110
000000000000000000000000000000000000000000000000010000110101100101110000
000000000000000000000000000000000000000000000000001111110101100001110000
000000000000000000000000000000000000000000000000010001010101010101101011
000000000000000000000000000000000000000000000000001110110100111001100100
000000000000000000000000000000000000000000000000010011010110011001111011
000000000000000000000000000000000000000000000000010011010110110001111111
000000000000000000000000000000000000000000000000010011000110011001111011
000000000000000000000000000000000000000000000000010001100110000001110111
000000000000000000000000000000000000000000000000010001000101111101110011
000000000000000000000000000000000000000000000000010001110101111101110111
000000000000000000000000000000000000000000000000001101010100110001100100
000000000000000000000000000000000000000000000000001110000101000101100111
000000000000000000000000000000000000000000000000001111110101100001101110
000000000000000000000000000000000000000000000000001111110101011101101110
000000000000000000000000000000000000000000000000001110010101100001110000
000000000000000000000000000000000000000000000000001110100101100001110000
000000000000000000000000000000000000000000000000001111110101100001101110
000000000000000000000000000000000000000000000000001111010101011001101110
000000000000000000000000000000000000000000000000001111000101100001101110
000000000000000000000000000000000000000000000000010000000101100001110000
000000000000000000000000000000000000000000000000001110110101011101101111
000000000000000000000000000000000000000000000000001111000101101101110001
000000000000000000000000000000000000000000000000001111010101011101101111
000000000000000000000000000000000000000000000000001110110101000101101001
000000000000000000000000000000000000000000000000001110110101001001101100
000000000000000000000000000000000000000000000000001111010101010101101101
000000000000000000000000000000000000000000000000001110010101010101101101
000000000000000000000000000000000000000000000000010000100101011101101100
000000000000000000000000000000000000000000000000010000100101101001110010
000000000000000000000000000000000000000000000000010000000101100001110001
000000000000000000000000000000000000000000000000010001010101110101110110
000000000000000000000000000000000000000000000000010001110101111001110111
000000000000000000000000000000000000000000000000010010000110010101111001
000000000000000000000000000000000000000000000000010010100110011001111011
000000000000000000000000000000000000000000000000010010110110100001111101
000000000000000000000000000000000000000000000000010100010110110110000001
000000000000000000000000000000000000000000000000010100010110110010000010
000000000000000000000000000000000000000000000000010101010110110110000011
000000000000000000000000000000000000000000000000010100000110101110000001
000000000000000000000000000000000000000000000000010100000110110110000010
000000000000000000000000000000000000000000000000010100000110111010000010
000000000000000000000000000000000000000000000000010100110110111010000010
000000000000000000000000000000000000000000000000010110000111001010000101
000000000000000000000000000000000000000000000000010111010111100010001100
000000000000000000000000000000000000000000000000010111100111101010001110
000000000000000000000000000000000000000000000000010110100111100010001011
000000000000000000000000000000000000000000000000010101000110111010000011
000000000000000000000000000000000000000000000000010110100111110010001110
000000000000000000000000000000000000000000000000010110110111110110001110
000000000000000000000000000000000000000000000000010110110111101110001101
000000000000000000000000000000000000000000000000010110110111100010001101
000000000000000000000000000000000000000000000000010101010111011010001011
000000000000000000000000000000000000000000000000010101010111010110001010
000000000000000000000000000000000000000000000000010101000111010010000110
000000000000000000000000000000000000000000000000010101010111001010000101
000000000000000000000000000000000000000000000000010101000111010110000111
000000000000000000000000000000000000000000000000010110010111010010000111
000000000000000000000000000000000000000000000000010101010111000110000100
000000000000000000000000000000000000000000000000010101000110110110000010
000000000000000000000000000000000000000000000000010101110111000110000100
000000000000000000000000000000000000000000000000010100110110110101111111
000000000000000000000000000000000000000000000000010011100110100101111110
000000000000000000000000000000000000000000000000010001010110011101111010
000000000000000000000000000000000000000000000000010011010110011001111010
000000000000000000000000000000000000000000000000010001110110001101110101
000000000000000000000000000000000000000000000000010001110110000001110110
000000000000000000000000000000000000000000000000010001110101110001110010
000000000000000000000000000000000000000000000000010001010101101101101111
000000000000000000000000000000000000000000000000001111100101011101101011
000000000000000000000000000000000000000000000000001111000101000101100101
000000000000000000000000000000000000000000000000001110100101101001101100
000000000000000000000000000000000000000000000000010000000101011001101011
000000000000000000000000000000000000000000000000010011010110010001111000
000000000000000000000000000000000000000000000000010001110110000101110011
000000000000000000000000000000000000000000000000010001110101110001110001
000000000000000000000000000000000000000000000000010001010101100101110001
000000000000000000000000000000000000000000000000010001000101011101101101
000000000000000000000000000000000000000000000000010000110101010001101001
000000000000000000000000000000000000000000000000001110100100111001100110
000000000000000000000000000000000000000000000000010011100110011001111010
000000000000000000000000000000000000000000000000010100100110100101111111
000000000000000000000000000000000000000000000000010011100110101001111010
000000000000000000000000000000000000000000000000010100000110011101111011
000000000000000000000000000000000000000000000000010011000110010101111001
000000000000000000000000000000000000000000000000010001110101111101110110
000000000000000000000000000000000000000000000000001111100101000001101010
000000000000000000000000000000000000000000000000001101100100101001100011
000000000000000000000000000000000000000000000000010000100101011001101110
000000000000000000000000000000000000000000000000001111010101011101101110
000000000000000000000000000000000000000000000000001111100101011001110000
000000000000000000000000000000000000000000000000010000010101010001101110
000000000000000000000000000000000000000000000000001111100101100001110000
000000000000000000000000000000000000000000000000001110110101011101101111
000000000000000000000000000000000000000000000000001111100101011001101110
000000000000000000000000000000000000000000000000010000000101100001101110
000000000000000000000000000000000000000000000000001111100101100001110000
000000000000000000000000000000000000000000000000001111010101011001110000
000000000000000000000000000000000000000000000000001111100100111101101001
000000000000000000000000000000000000000000000000001100010100100001100001
000000000000000000000000000000000000000000000000001011000100001101011011
000000000000000000000000000000000000000000000000001110100100111001100101
000000000000000000000000000000000000000000000000001101110101010101101011
000000000000000000000000000000000000000000000000001110110101010101101100
000000000000000000000000000000000000000000000000010010000101100001110001
000000000000000000000000000000000000000000000000010001000101101101110101
000000000000000000000000000000000000000000000000010001110101111101110111
000000000000000000000000000000000000000000000000010011100110001101111011
000000000000000000000000000000000000000000000000010101010110011101111110
000000000000000000000000000000000000000000000000010100010110100001111101
000000000000000000000000000000000000000000000000010110010110110110000011
000000000000000000000000000000000000000000000000010110000111000110000010
000000000000000000000000000000000000000000000000010110000111001010000011
000000000000000000000000000000000000000000000000010110000111000010000100
000000000000000000000000000000000000000000000000010101100110110101111111
000000000000000000000000000000000000000000000000010011000110000001110110
000000000000000000000000000000000000000000000000010101010110110001111111
000000000000000000000000000000000000000000000000010101010110110001111110
000000000000000000000000000000000000000000000000010101000110110001111100
000000000000000000000000000000000000000000000000010110010111000010000001
000000000000000000000000000000000000000000000000010110110111000110000010
000000000000000000000000000000000000000000000000010110010111000010000000
000000000000000000000000000000000000000000000000010111000111001110000010
000000000000000000000000000000000000000000000000010111100111010110000101
000000000000000000000000000000000000000000000000010110110111010110000100
000000000000000000000000000000000000000000000000010111110111001110000001
000000000000000000000000000000000000000000000000011000000111010110000101
000000000000000000000000000000000000000000000000011000010111001110000011
000000000000000000000000000000000000000000000000011000110111001110000000
000000000000000000000000000000000000000000000000010111110111010010000010
000000000000000000000000000000000000000000000000001100010011111001001110
000000000000000000000000000000000000000000000000010111100110110101111000
000000000000000000000000000000000000000000000000011000110111000101111110
000000000000000000000000000000000000000000000000011010000111001001111111
000000000000000000000000000000000000000000000000011011000111010101111111
000000000000000000000000000000000000000000000000011011000111100010000001
000000000000000000000000000000000000000000000000011100000111101110000110
000000000000000000000000000000000000000000000000011100000111110010000111
000000000000000000000000000000000000000000000000011100100111111010001000
000000000000000000000000000000000000000000000000011100111000000010001001
000000000000000000000000000000000000000000000000011100001000000010000111
000000000000000000000000000000000000000000000000011101111000001010001001
000000000000000000000000000000000000000000000000011110011000000110001010
000000000000000000000000000000000000000000000000011101001000001110001010
000000000000000000000000000000000000000000000000011101111000010010001100
000000000000000000000000000000000000000000000000011100100111011110000101
000000000000000000000000000000000000000000000000001000110010111101000000
000000000000000000000000000000000000000000000000001111000101010001101001
000000000000000000000000000000000000000000000000010010010110010001110101
000000000000000000000000000000000000000000000000010001010101110101110001
000000000000000000000000000000000000000000000000010010010101110101110010
000000000000000000000000000000000000000000000000010001110101101001110011
000000000000000000000000000000000000000000000000010000110101011101110000
000000000000000000000000000000000000000000000000001110100101010101100101
000000000000000000000000000000000000000000000000001110010100110101100011
000000000000000000000000000000000000000000000000010011100110100101111100
000000000000000000000000000000000000000000000000010011010110101001111100
000000000000000000000000000000000000000000000000010011110110100001111100
000000000000000000000000000000000000000000000000010011100110100001111011
000000000000000000000000000000000000000000000000010101000110011001111011
000000000000000000000000000000000000000000000000010001110101111001110011
000000000000000000000000000000000000000000000000001111100101001101101100
000000000000000000000000000000000000000000000000001100110100010101011111
000000000000000000000000000000000000000000000000001111100101001101101011
000000000000000000000000000000000000000000000000001111010101011001101101
000000000000000000000000000000000000000000000000001111110101011101101101
000000000000000000000000000000000000000000000000010000010101100001110000
000000000000000000000000000000000000000000000000001111110101011101101111
000000000000000000000000000000000000000000000000001111110101011101101111
000000000000000000000000000000000000000000000000010000010101011001101110
000000000000000000000000000000000000000000000000001111110101011101101111
000000000000000000000000000000000000000000000000001111100101011101110000
000000000000000000000000000000000000000000000000001111000101011101101101
000000000000000000000000000000000000000000000000001101110100111001100110
000000000000000000000000000000000000000000000000001010110011110001010101
000000000000000000000000000000000000000000000000001110100100100001011000
000000000000000000000000000000000000000000000000011000110111010110000011
000000000000000000000000000000000000000000000000011001010111110110000110
000000000000000000000000000000000000000000000000011011010111111010001000
000000000000000000000000000000000000000000000000011100101000010110001111
000000000000000000000000000000000000000000000000011101111000011010010001
000000000000000000000000000000000000000000000000011111111000111110011000
000000000000000000000000000000000000000000000000100001111001010010011110
000000000000000000000000000000000000000000000000100011101001101110100011
000000000000000000000000000000000000000000000000100100111010001010100111
000000000000000000000000000000000000000000000000100101011010001110101000
000000000000000000000000000000000000000000000000100110011010010010101001
000000000000000000000000000000000000000000000000100111001010011110101010
000000000000000000000000000000000000000000000000100111101010011110101011
000000000000000000000000000000000000000000000000100110101010011010101001
000000000000000000000000000000000000000000000000011101001000000110001011
000000000000000000000000000000000000000000000000100111001010100010101011
000000000000000000000000000000000000000000000000100111001010101010101101
000000000000000000000000000000000000000000000000100111101010101110101110
000000000000000000000000000000000000000000000000100111111010110010101101
000000000000000000000000000000000000000000000000101000101010101110101110
000000000000000000000000000000000000000000000000101000001010110010110000
000000000000000000000000000000000000000000000000101000101010101110101110
000000000000000000000000000000000000000000000000101000001010110110101110
000000000000000000000000000000000000000000000000101000001010111010110001
000000000000000000000000000000000000000000000000100111111011000010101111
000000000000000000000000000000000000000000000000100111111010110010110001
000000000000000000000000000000000000000000000000101000101010110110110000
000000000000000000000000000000000000000000000000101000011010101110101100
000000000000000000000000000000000000000000000000100111111011000010110010
000000000000000000000000000000000000000000000000011001100111010001111110
000000000000000000000000000000000000000000000000100111101010110010110000
000000000000000000000000000000000000000000000000101010101011011010111001
000000000000000000000000000000000000000000000000101011001011011110111001
000000000000000000000000000000000000000000000000101100001011011110111010
000000000000000000000000000000000000000000000000101011111011011110110110
000000000000000000000000000000000000000000000000101011111011011010111001
000000000000000000000000000000000000000000000000101100101011011110111010
000000000000000000000000000000000000000000000000101011011011010110110111
000000000000000000000000000000000000000000000000101100001011010110111000
000000000000000000000000000000000000000000000000101011001011010110110110
000000000000000000000000000000000000000000000000101011101011010010110110
000000000000000000000000000000000000000000000000101011101011001010110100
000000000000000000000000000000000000000000000000101010101011001010110011
000000000000000000000000000000000000000000000000101010011011000110110010
000000000000000000000000000000000000000000000000101010111011001010110011
000000000000000000000000000000000000000000000000010000110100110001011011
000000000000000000000000000000000000000000000000001101000100111101100100
000000000000000000000000000000000000000000000000010011010110001001110011
000000000000000000000000000000000000000000000000010001100101111001110000
000000000000000000000000000000000000000000000000010010110101110001110100
000000000000000000000000000000000000000000000000010001000101100101101111
000000000000000000000000000000000000000000000000001111110101011101101101
000000000000000000000000000000000000000000000000001111100101001001100111
000000000000000000000000000000000000000000000000001111010100110001100011
000000000000000000000000000000000000000000000000010010000110000001111000
000000000000000000000000000000000000000000000000010001000110010101111011
000000000000000000000000000000000000000000000000010010110110100101111011
000000000000000000000000000000000000000000000000010010100110011001111011
000000000000000000000000000000000000000000000000010100100110011001111011
000000000000000000000000000000000000000000000000010010010101111101111000
000000000000000000000000000000000000000000000000010001000101100101110001
000000000000000000000000000000000000000000000000001011000100000101011010
000000000000000000000000000000000000000000000000001111010101010101101110
000000000000000000000000000000000000000000000000001111010101010101101111
000000000000000000000000000000000000000000000000001110110101100001101110
000000000000000000000000000000000000000000000000001111000101011101101010
000000000000000000000000000000000000000000000000001111010101011101101011
000000000000000000000000000000000000000000000000001110010101101001101110
000000000000000000000000000000000000000000000000001111000101011101101110
000000000000000000000000000000000000000000000000001111000101010001101100
000000000000000000000000000000000000000000000000001111100101011101101110
000000000000000000000000000000000000000000000000010000100101011001101110
000000000000000000000000000000000000000000000000001111010101000001101001
000000000000000000000000000000000000000000000000001010110011101101010011
000000000000000000000000000000000000000000000000010011110110001101110001
000000000000000000000000000000000000000000000000011100101000010110010001
000000000000000000000000000000000000000000000000011101111000100110010011
000000000000000000000000000000000000000000000000011101111000110010010011
000000000000000000000000000000000000000000000000011111101000110010011000
000000000000000000000000000000000000000000000000100010001001010010011011
000000000000000000000000000000000000000000000000100010011001011110011111
000000000000000000000000000000000000000000000000100100101001110110100101
000000000000000000000000000000000000000000000000100100111010000010100100
000000000000000000000000000000000000000000000000100110011010001110101010
000000000000000000000000000000000000000000000000100110111010010010101010
000000000000000000000000000000000000000000000000100111001010010110101010
000000000000000000000000000000000000000000000000100110111010010010101010
000000000000000000000000000000000000000000000000100110111010010010101000
000000000000000000000000000000000000000000000000101001111010110110110001
000000000000000000000000000000000000000000000000011101101000001010001001
000000000000000000000000000000000000000000000000100110011010010110101000
000000000000000000000000000000000000000000000000100110001010010110101000
000000000000000000000000000000000000000000000000100110011010010010101000
000000000000000000000000000000000000000000000000100111011010010010101001
000000000000000000000000000000000000000000000000100111001010011010101001
000000000000000000000000000000000000000000000000100110101010001110100111
000000000000000000000000000000000000000000000000100101101010001010100110
000000000000000000000000000000000000000000000000100101011010001010100101
000000000000000000000000000000000000000000000000100101101010001110100100
000000000000000000000000000000000000000000000000100101101010001010100100
000000000000000000000000000000000000000000000000100100111010000010100100
000000000000000000000000000000000000000000000000100100111010000010100100
000000000000000000000000000000000000000000000000100101011001110110100100
000000000000000000000000000000000000000000000000011111001001000110010110
000000000000000000000000000000000000000000000000010100000101110101101101
000000000000000000000000000000000000000000000000100110111010011110101011
000000000000000000000000000000000000000000000000101010101011001010110011
000000000000000000000000000000000000000000000000101010101011001010110011
000000000000000000000000000000000000000000000000101010101011000010110011
000000000000000000000000000000000000000000000000101010011011000010110010
000000000000000000000000000000000000000000000000101001101010111010110000
000000000000000000000000000000000000000000000000101001001010110110110000
000000000000000000000000000000000000000000000000101001011010101110101111
000000000000000000000000000000000000000000000000101000101010110010101111
000000000000000000000000000000000000000000000000101000011010101010101101
000000000000000000000000000000000000000000000000101001011010101010101101
000000000000000000000000000000000000000000000000101001011010101010101110
000000000000000000000000000000000000000000000000100111101010100010101011
000000000000000000000000000000000000000000000000100110001010011010101000
000000000000000000000000000000000000000000000000101000111010110010101011
000000000000000000000000000000000000000000000000010101110101111101101101
000000000000000000000000000000000000000000000000001110100100111001100100
000000000000000000000000000000000000000000000000010011000110001101110110
000000000000000000000000000000000000000000000000010001010101111001101111
000000000000000000000000000000000000000000000000010010110101101101110001
000000000000000000000000000000000000000000000000010010110101011101101110
000000000000000000000000000000000000000000000000010000100101100001101110
000000000000000000000000000000000000000000000000010000000101000001101001
000000000000000000000000000000000000000000000000001111000100111101100100
000000000000000000000000000000000000000000000000010001110110000001110101
000000000000000000000000000000000000000000000000010001110110001001111010
000000000000000000000000000000000000000000000000010100110110100101111101
000000000000000000000000000000000000000000000000010001000110100001111000
000000000000000000000000000000000000000000000000010001110110000101111001
000000000000000000000000000000000000000000000000010001010101111001110100
000000000000000000000000000000000000000000000000010000010101111001110010
000000000000000000000000000000000000000000000000001010010100000101011001
000000000000000000000000000000000000000000000000010000010101010001101101
000000000000000000000000000000000000000000000000010000110101011001101110
000000000000000000000000000000000000000000000000001110010101010001101010
000000000000000000000000000000000000000000000000001110110101011101101110
000000000000000000000000000000000000000000000000001110100101010001101011
000000000000000000000000000000000000000000000000001110010101011001101100
000000000000000000000000000000000000000000000000001110010101010001101100
000000000000000000000000000000000000000000000000001111110101010001101110
000000000000000000000000000000000000000000000000010000000101011101101111
000000000000000000000000000000000000000000000000001111010101011101101111
000000000000000000000000000000000000000000000000001110100101000001101001
000000000000000000000000000000000000000000000000001010010011110001010001
000000000000000000000000000000000000000000000000010100010101101101101011
000000000000000000000000000000000000000000000000011011111000000010001010
000000000000000000000000000000000000000000000000011101101000010010001110
000000000000000000000000000000000000000000000000011101011000100110001111
000000000000000000000000000000000000000000000000011111001000101010010011
000000000000000000000000000000000000000000000000100000001001000110010111
000000000000000000000000000000000000000000000000100001101001010010011011
000000000000000000000000000000000000000000000000100011001001011110011110
000000000000000000000000000000000000000000000000100011011001110010100010
000000000000000000000000000000000000000000000000100011101001110010100001
000000000000000000000000000000000000000000000000100100011001101110100010
000000000000000000000000000000000000000000000000100100011001111010100001
000000000000000000000000000000000000000000000000100100011001111010100001
000000000000000000000000000000000000000000000000100100111001111010100101
000000000000000000000000000000000000000000000000101001001010100110101011
000000000000000000000000000000000000000000000000011011010111100110000001
000000000000000000000000000000000000000000000000100011001001110010011110
000000000000000000000000000000000000000000000000100101011001110010100100
000000000000000000000000000000000000000000000000100100011001101110100001
000000000000000000000000000000000000000000000000100101011001110010100010
000000000000000000000000000000000000000000000000100100101001111010100100
000000000000000000000000000000000000000000000000100011111001110110100010
000000000000000000000000000000000000000000000000100011111001110110100000
000000000000000000000000000000000000000000000000100011111001111010100000
000000000000000000000000000000000000000000000000100100001001101010011110
000000000000000000000000000000000000000000000000100100001001101010100000
000000000000000000000000000000000000000000000000100011111001101110100000
000000000000000000000000000000000000000000000000100011101001101010011111
000000000000000000000000000000000000000000000000100000101000111110010111
000000000000000000000000000000000000000000000000010111000110101101111100
000000000000000000000000000000000000000000000000010010100101101101101010
000000000000000000000000000000000000000000000000100001101001001110011100
000000000000000000000000000000000000000000000000100101001010000110100110
000000000000000000000000000000000000000000000000100101111010001010100101
000000000000000000000000000000000000000000000000100101111010001010100100
000000000000000000000000000000000000000000000000100101011010001010100010
000000000000000000000000000000000000000000000000100101001010001110100100
000000000000000000000000000000000000000000000000100101111001111110100010
000000000000000000000000000000000000000000000000100101001001111010100011
000000000000000000000000000000000000000000000000100110001001110110011111
000000000000000000000000000000000000000000000000100110001001111110100001
000000000000000000000000000000000000000000000000100101111001101110011111
000000000000000000000000000000000000000000000000100101011001111010100000
000000000000000000000000000000000000000000000000100100011001101110011110
000000000000000000000000000000000000000000000000100100011001101110011110
000000000000000000000000000000000000000000000000100110101010001110100011
000000000000000000000000000000000000000000000000010110000101111001101111
000000000000000000000000000000000000000000000000001101000100101001011111
000000000000000000000000000000000000000000000000010011000110001001110010
000000000000000000000000000000000000000000000000010010000101101101101110
000000000000000000000000000000000000000000000000010000100101110001101101
000000000000000000000000000000000000000000000000010001000101110101110001
000000000000000000000000000000000000000000000000001111100101011101101010
000000000000000000000000000000000000000000000000001111000101001101100101
000000000000000000000000000000000000000000000000001110110100111001100101
000000000000000000000000000000000000000000000000010010000110001101110100
000000000000000000000000000000000000000000000000010010110110011001111000
000000000000000000000000000000000000000000000000010011010110011001111001
000000000000000000000000000000000000000000000000010001010110011001111000
000000000000000000000000000000000000000000000000010011000110001101111010
000000000000000000000000000000000000000000000000010000100101101001110110
000000000000000000000000000000000000000000000000010001000101111101110101
000000000000000000000000000000000000000000000000001001110011111001011000
000000000000000000000000000000000000000000000000001110100101000101101011
000000000000000000000000000000000000000000000000001111010101010001101100
000000000000000000000000000000000000000000000000001111100101010001101100
000000000000000000000000000000000000000000000000001110110101010101101100
000000000000000000000000000000000000000000000000001111000101001001101010
000000000000000000000000000000000000000000000000001110010101010101101101
000000000000000000000000000000000000000000000000001101100101010001101010
000000000000000000000000000000000000000000000000001110110101010001101010
000000000000000000000000000000000000000000000000001110110101011101101111
000000000000000000000000000000000000000000000000010001000101011101101011
000000000000000000000000000000000000000000000000001111110101100101101110
000000000000000000000000000000000000000000000000001010000011101101001111
000000000000000000000000000000000000000000000000010001000101011001100010
000000000000000000000000000000000000000000000000011101101000001010001101
000000000000000000000000000000000000000000000000011110001000010110001111
000000000000000000000000000000000000000000000000011110101000100010010001
000000000000000000000000000000000000000000000000011111101000101110010010
000000000000000000000000000000000000000000000000100001101001001010011001
000000000000000000000000000000000000000000000000100000001000111010010110
000000000000000000000000000000000000000000000000011100010111101010000011
000000000000000000000000000000000000000000000000011111111000101110010010
000000000000000000000000000000000000000000000000100011111001110110100000
000000000000000000000000000000000000000000000000100101001001111010100101
000000000000000000000000000000000000000000000000100011111001101110100000
000000000000000000000000000000000000000000000000100011011001101110011111
000000000000000000000000000000000000000000000000100100101001111010100100
000000000000000000000000000000000000000000000000101000101010101010101100
000000000000000000000000000000000000000000000000011011010111011110000001
000000000000000000000000000000000000000000000000100010101001101010011101
000000000000000000000000000000000000000000000000100011111001101110100001
000000000000000000000000000000000000000000000000100011111001110010100001
000000000000000000000000000000000000000000000000100100101001101110100001
000000000000000000000000000000000000000000000000100011101001110010100001
000000000000000000000000000000000000000000000000100100001001111010100001
000000000000000000000000000000000000000000000000100011111001101110011101
000000000000000000000000000000000000000000000000100011111001110010100001
000000000000000000000000000000000000000000000000100011111001100110100001
000000000000000000000000000000000000000000000000100011101001101110100001
000000000000000000000000000000000000000000000000100011101001100110011110
000000000000000000000000000000000000000000000000100010111001011010011101
000000000000000000000000000000000000000000000000011000110111100010000101
000000000000000000000000000000000000000000000000010110010110110101111011
000000000000000000000000000000000000000000000000010001010101100001100110
000000000000000000000000000000000000000000000000100000111001000010011000
000000000000000000000000000000000000000000000000100100101001110010100001
000000000000000000000000000000000000000000000000100101111001111010100010
000000000000000000000000000000000000000000000000100100011001110110100000
000000000000000000000000000000000000000000000000100100001001110110011111
000000000000000000000000000000000000000000000000100100011001111010100000
000000000000000000000000000000000000000000000000100100101001110010011111
000000000000000000000000000000000000000000000000100100111001110010100000
000000000000000000000000000000000000000000000000100011101001101010011110
000000000000000000000000000000000000000000000000100100111001101110011110
000000000000000000000000000000000000000000000000100011111001101010011101
000000000000000000000000000000000000000000000000100100001001101010011111
000000000000000000000000000000000000000000000000100011011001101010011101
000000000000000000000000000000000000000000000000100011101001100110011101
000000000000000000000000000000000000000000000000100101001001111010100001
000000000000000000000000000000000000000000000000010101010101111001101111
000000000000000000000000000000000000000000000000001101000100100101011110
000000000000000000000000000000000000000000000000010001110101111101110000
000000000000000000000000000000000000000000000000010001110101101001101111
000000000000000000000000000000000000000000000000010001100101101101101110
000000000000000000000000000000000000000000000000010001010101101001101111
000000000000000000000000000000000000000000000000010000010101011101101101
000000000000000000000000000000000000000000000000001111000101001001100100
000000000000000000000000000000000000000000000000001111000100111101100101
000000000000000000000000000000000000000000000000010000010101100101110000
000000000000000000000000000000000000000000000000010010010110001001110111
000000000000000000000000000000000000000000000000010010010110010001110101
000000000000000000000000000000000000000000000000010011000110011001111010
000000000000000000000000000000000000000000000000010010100110011001111001
000000000000000000000000000000000000000000000000010000110110010001110011
000000000000000000000000000000000000000000000000010001110101110001110011
000000000000000000000000000000000000000000000000001011000011101101010111
000000000000000000000000000000000000000000000000001100110101001001101010
000000000000000000000000000000000000000000000000001110100101001001101011
000000000000000000000000000000000000000000000000001111110101010001101101
000000000000000000000000000000000000000000000000001110000101010101101101
000000000000000000000000000000000000000000000000001110010101011001101001
000000000000000000000000000000000000000000000000001110010101011101101001
000000000000000000000000000000000000000000000000001110010101010101101101
000000000000000000000000000000000000000000000000001110010101001001101010
000000000000000000000000000000000000000000000000001110100101010101101011
000000000000000000000000000000000000000000000000001111000101011101110000
000000000000000000000000000000000000000000000000010001000101101001110000
000000000000000000000000000000000000000000000000001010010011111101011000
000000000000000000000000000000000000000000000000001110110100100001011100
000000000000000000000000000000000000000000000000011101111000001110001100
000000000000000000000000000000000000000000000000011110111000011010010001
000000000000000000000000000000000000000000000000011110101000110110010011
000000000000000000000000000000000000000000000000100000011001001010011001
000000000000000000000000000000000000000000000000100001111001001110011011
000000000000000000000000000000000000000000000000010010010100011101001100
000000000000000000000000000000000000000000000000000111110000111100001111
000000000000000000000000000000000000000000000000000111000001010000010111
000000000000000000000000000000000000000000000000011111101000100110001110
000000000000000000000000000000000000000000000000100100001001110110100000
000000000000000000000000000000000000000000000000100011111001110110100001
000000000000000000000000000000000000000000000000100100101001101110100000
000000000000000000000000000000000000000000000000100100001001111010100011
000000000000000000000000000000000000000000000000101001101010101010101101
000000000000000000000000000000000000000000000000011010110111010101111111
000000000000000000000000000000000000000000000000100011101001100110011110
000000000000000000000000000000000000000000000000100011101001101110100000
000000000000000000000000000000000000000000000000100011111001110010011111
000000000000000000000000000000000000000000000000100100001001110010100001
000000000000000000000000000000000000000000000000100100001001110010100011
000000000000000000000000000000000000000000000000100011111001101010100000
000000000000000000000000000000000000000000000000100011111001101010100000
000000000000000000000000000000000000000000000000100011101001100010011110
000000000000000000000000000000000000000000000000100011111001101010011110
000000000000000000000000000000000000000000000000100011001001101010011111
000000000000000000000000000000000000000000000000100011011001101010011110
000000000000000000000000000000000000000000000000011111101000111010010110
000000000000000000000000000000000000000000000000010110010111001001111110
000000000000000000000000000000000000000000000000010111000110110101111010
000000000000000000000000000000000000000000000000010011100101010001100101
000000000000000000000000000000000000000000000000100000001000110010010100
000000000000000000000000000000000000000000000000100011101001101110100000
000000000000000000000000000000000000000000000000100101111001110010100000
000000000000000000000000000000000000000000000000100011111001110010011111
000000000000000000000000000000000000000000000000100100111001101110011110
000000000000000000000000000000000000000000000000100011101001101110011110
000000000000000000000000000000000000000000000000100011101001110010011101
000000000000000000000000000000000000000000000000100100111001101010011101
000000000000000000000000000000000000000000000000100011011001101010011101
000000000000000000000000000000000000000000000000100011001001011110011100
000000000000000000000000000000000000000000000000100010111001100010011100
000000000000000000000000000000000000000000000000100010111001011010011011
000000000000000000000000000000000000000000000000100011101001011110011011
000000000000000000000000000000000000000000000000100011011001011110011011
000000000000000000000000000000000000000000000000100101111001111010100001
000000000000000000000000000000000000000000000000010100110101110001101010
000000000000000000000000000000000000000000000000001101000100100001011101
000000000000000000000000000000000000000000000000010010110110001101110000
000000000000000000000000000000000000000000000000010010110101111001101111
000000000000000000000000000000000000000000000000010001110101110001101111
000000000000000000000000000000000000000000000000010001010101100001101101
000000000000000000000000000000000000000000000000010000000101011101101011
000000000000000000000000000000000000000000000000001111000101010001100111
000000000000000000000000000000000000000000000000001110100100111001100000
000000000000000000000000000000000000000000000000010001000110000001110011
000000000000000000000000000000000000000000000000010010000110010001110110
000000000000000000000000000000000000000000000000010010000110010101110111
000000000000000000000000000000000000000000000000010011000110011001111000
000000000000000000000000000000000000000000000000010011100110011001111001
000000000000000000000000000000000000000000000000010001100110010001110111
000000000000000000000000000000000000000000000000010001000101101101110001
000000000000000000000000000000000000000000000000001001010011101101010011
000000000000000000000000000000000000000000000000001101010101000001100110
000000000000000000000000000000000000000000000000001110000100111101100111
000000000000000000000000000000000000000000000000001110010101000001101001
000000000000000000000000000000000000000000000000001101010101001001101001
000000000000000000000000000000000000000000000000001110010101001101101001
000000000000000000000000000000000000000000000000001110110101001101101100
000000000000000000000000000000000000000000000000001111100101010001101011
000000000000000000000000000000000000000000000000001111110101011101101011
000000000000000000000000000000000000000000000000001110010101011101101101
000000000000000000000000000000000000000000000000001111010101011101101111
000000000000000000000000000000000000000000000000010010110101110001110010
000000000000000000000000000000000000000000000000001011110100000101011001
000000000000000000000000000000000000000000000000001100100100001001010110
000000000000000000000000000000000000000000000000011100101000010110001111
000000000000000000000000000000000000000000000000011111001000101010010010
000000000000000000000000000000000000000000000000100000001001000010010110
000000000000000000000000000000000000000000000000100001011001010010011011
000000000000000000000000000000000000000000000000100011001001101010011110
000000000000000000000000000000000000000000000000001111100011011100110111
000000000000000000000000000000000000000000000000000111110001000000001101
000000000000000000000000000000000000000000000000000111100000110100001011
000000000000000000000000000000000000000000000000011010010110101101110000
000000000000000000000000000000000000000000000000100011111001110110011111
000000000000000000000000000000000000000000000000100100001001110010100001
000000000000000000000000000000000000000000000000100011111001110010100001
000000000000000000000000000000000000000000000000100011111001101010100001
000000000000000000000000000000000000000000000000101000111010110010101101
000000000000000000000000000000000000000000000000011100000111100010000010
000000000000000000000000000000000000000000000000100010011001100010011101
000000000000000000000000000000000000000000000000100011101001110010100001
000000000000000000000000000000000000000000000000100011011001101010011111
000000000000000000000000000000000000000000000000100011111001110010100001
000000000000000000000000000000000000000000000000100100011001111010100010
000000000000000000000000000000000000000000000000100100001001110010100010
000000000000000000000000000000000000000000000000100011101001110010011111
000000000000000000000000000000000000000000000000100011101001110110011111
000000000000000000000000000000000000000000000000100011101001101110011101
000000000000000000000000000000000000000000000000100011101001101010100000
000000000000000000000000000000000000000000000000100011111001011010011101
000000000000000000000000000000000000000000000000011110011000100110010100
000000000000000000000000000000000000000000000000010111110110111101111111
000000000000000000000000000000000000000000000000010110010110110101111100
000000000000000000000000000000000000000000000000010010010101010001100100
000000000000000000000000000000000000000000000000011110101000110110010010
000000000000000000000000000000000000000000000000100011011001101010011101
000000000000000000000000000000000000000000000000100100011001100110011101
000000000000000000000000000000000000000000000000100011111001101010011101
000000000000000000000000000000000000000000000000100011111001101010011101
000000000000000000000000000000000000000000000000100101001001100110011101
000000000000000000000000000000000000000000000000100100001001100110011101
000000000000000000000000000000000000000000000000100011001001101010011101
000000000000000000000000000000000000000000000000100010111001100010011101
000000000000000000000000000000000000000000000000100011011001011110011011
000000000000000000000000000000000000000000000000100010111001011010011011
000000000000000000000000000000000000000000000000100011101001010110011100
000000000000000000000000000000000000000000000000100011101001100010011011
000000000000000000000000000000000000000000000000100010011001010110011010
000000000000000000000000000000000000000000000000100101011001111110100001
000000000000000000000000000000000000000000000000010101000101101101101001
000000000000000000000000000000000000000000000000001100010100100001011100
000000000000000000000000000000000000000000000000010010010110001001110001
000000000000000000000000000000000000000000000000010001110101101001101110
000000000000000000000000000000000000000000000000010010010101100101101110
000000000000000000000000000000000000000000000000010001100101101101101100
000000000000000000000000000000000000000000000000001111100101100001101010
000000000000000000000000000000000000000000000000001101110101001001100110
000000000000000000000000000000000000000000000000001110010100110101100110
000000000000000000000000000000000000000000000000010010000101111101110101
000000000000000000000000000000000000000000000000010010000110001001111010
000000000000000000000000000000000000000000000000010000110101110101110001
000000000000000000000000000000000000000000000000010001110110000101110100
000000000000000000000000000000000000000000000000010001110110010001110110
000000000000000000000000000000000000000000000000010000110101111101101111
000000000000000000000000000000000000000000000000001111000101011001101110
000000000000000000000000000000000000000000000000001011100011101101010111
000000000000000000000000000000000000000000000000001110100100111001100101
000000000000000000000000000000000000000000000000001101100100110101100111
000000000000000000000000000000000000000000000000001110000101000001101001
000000000000000000000000000000000000000000000000001110010101001001101001
000000000000000000000000000000000000000000000000001101110101000101101000
000000000000000000000000000000000000000000000000001110010101011001101010
000000000000000000000000000000000000000000000000001111010101010101101101
000000000000000000000000000000000000000000000000001111110101010001101100
000000000000000000000000000000000000000000000000001111010101011101101101
000000000000000000000000000000000000000000000000001111010101011001101011
000000000000000000000000000000000000000000000000010010000101110101110101
000000000000000000000000000000000000000000000000001010100100010101011010
000000000000000000000000000000000000000000000000001010110011111001010001
000000000000000000000000000000000000000000000000011101011000010010001101
000000000000000000000000000000000000000000000000100000001000110010010100
000000000000000000000000000000000000000000000000100001001001001010011010
000000000000000000000000000000000000000000000000100010101001011010011101
000000000000000000000000000000000000000000000000100011011001100110011101
000000000000000000000000000000000000000000000000011110100111111010000000
000000000000000000000000000000000000000000000000001000000001000100001110
000000000000000000000000000000000000000000000000000111010000111100001100
000000000000000000000000000000000000000000000000011111111000100010001100
000000000000000000000000000000000000000000000000100100011001110010100000
000000000000000000000000000000000000000000000000100011111001110010100001
000000000000000000000000000000000000000000000000100011101001101110100000
000000000000000000000000000000000000000000000000100100011001101110100010
000000000000000000000000000000000000000000000000101001011010110010101011
000000000000000000000000000000000000000000000000011100000111110010000100
000000000000000000000000000000000000000000000000100010011001011010011100
000000000000000000000000000000000000000000000000100100001001110010100010
000000000000000000000000000000000000000000000000100011111001101110100010
000000000000000000000000000000000000000000000000100100011001110110100010
000000000000000000000000000000000000000000000000100100001001111010100011
000000000000000000000000000000000000000000000000100011101001110110100000
000000000000000000000000000000000000000000000000100011101001101110011110
000000000000000000000000000000000000000000000000100011011001110010100000
000000000000000000000000000000000000000000000000100011101001101110011101
000000000000000000000000000000000000000000000000100011011001101010011101
000000000000000000000000000000000000000000000000100101001001101110100000
000000000000000000000000000000000000000000000000011101011000011110010000
000000000000000000000000000000000000000000000000010101010111000001111101
000000000000000000000000000000000000000000000000010110010110110001111011
000000000000000000000000000000000000000000000000010001100101001101100100
000000000000000000000000000000000000000000000000011111001000011110010000
000000000000000000000000000000000000000000000000100011101001011110011101
000000000000000000000000000000000000000000000000100101001001100010011101
000000000000000000000000000000000000000000000000100011011001101010011101
000000000000000000000000000000000000000000000000100100101001100110011110
000000000000000000000000000000000000000000000000100011101001100110011101
000000000000000000000000000000000000000000000000100100101001011110011100
000000000000000000000000000000000000000000000000100011111001100010011101
000000000000000000000000000000000000000000000000100011101001011110011011
000000000000000000000000000000000000000000000000100011001001011010011001
000000000000000000000000000000000000000000000000100011011001010110011001
000000000000000000000000000000000000000000000000100011011001010110011100
000000000000000000000000000000000000000000000000100010101001010010011011
000000000000000000000000000000000000000000000000100001111001010010011000
000000000000000000000000000000000000000000000000100101101001110010011111
000000000000000000000000000000000000000000000000010011100101011101101000
000000000000000000000000000000000000000000000000001011110100100001011011
000000000000000000000000000000000000000000000000010001110110000001110000
000000000000000000000000000000000000000000000000010010010101101101110000
000000000000000000000000000000000000000000000000010001010101100101101011
000000000000000000000000000000000000000000000000010001110101100101101100
000000000000000000000000000000000000000000000000010001010101011101101000
000000000000000000000000000000000000000000000000001111100101001101101001
000000000000000000000000000000000000000000000000001101100100110001100101
000000000000000000000000000000000000000000000000010001110101110101110101
000000000000000000000000000000000000000000000000010000110101110001110100
000000000000000000000000000000000000000000000000010001100101111001110010
000000000000000000000000000000000000000000000000010001010101111001110010
000000000000000000000000000000000000000000000000010001110101111101110111
000000000000000000000000000000000000000000000000001111110101111001110001
000000000000000000000000000000000000000000000000001111000101101101110000
000000000000000000000000000000000000000000000000001010110100000001011001
000000000000000000000000000000000000000000000000001101010100011001100000
000000000000000000000000000000000000000000000000001100110100111101100110
000000000000000000000000000000000000000000000000001100110101001101101010
000000000000000000000000000000000000000000000000001111010100111101100111
000000000000000000000000000000000000000000000000001110100101001001101010
000000000000000000000000000000000000000000000000001110110101001001101011
000000000000000000000000000000000000000000000000001101110101000101101001
000000000000000000000000000000000000000000000000001110100101000001101011
000000000000000000000000000000000000000000000000010000000101011101101110
000000000000000000000000000000000000000000000000010000010101100101101111
000000000000000000000000000000000000000000000000010001110110000001110101
000000000000000000000000000000000000000000000000001100010100100001011111
000000000000000000000000000000000000000000000000001011110011100101001100
000000000000000000000000000000000000000000000000011100101000010010001110
000000000000000000000000000000000000000000000000100001001001000010011000
000000000000000000000000000000000000000000000000100001001001011010011100
000000000000000000000000000000000000000000000000100011001001100010011101
000000000000000000000000000000000000000000000000100011101001101010100001
000000000000000000000000000000000000000000000000100000001000011010001001
000000000000000000000000000000000000000000000000001001000001011000010011
000000000000000000000000000000000000000000000000000110110000110000001001
000000000000000000000000000000000000000000000000011110101000001110001000
000000000000000000000000000000000000000000000000100011101001101010011111
000000000000000000000000000000000000000000000000100100001001110110100001
000000000000000000000000000000000000000000000000100100001001110010011111
000000000000000000000000000000000000000000000000100011111001101110011110
000000000000000000000000000000000000000000000000100111111010100110101011
000000000000000000000000000000000000000000000000011100101000000010000110
000000000000000000000000000000000000000000000000100010101001011010011100
000000000000000000000000000000000000000000000000100100011001101110011110
000000000000000000000000000000000000000000000000100100101001101110100000
000000000000000000000000000000000000000000000000100100001001101010100000
000000000000000000000000000000000000000000000000100011101001110010100001
000000000000000000000000000000000000000000000000100011101001101110100000
000000000000000000000000000000000000000000000000100011111001110010100001
000000000000000000000000000000000000000000000000100100001001101110100000
000000000000000000000000000000000000000000000000100011101001101110011110
000000000000000000000000000000000000000000000000100011101001101010011111
000000000000000000000000000000000000000000000000100011101001100010011101
000000000000000000000000000000000000000000000000011101111000011110010000
000000000000000000000000000000000000000000000000010111010111000001111110
000000000000000000000000000000000000000000000000010101110110111001111011
000000000000000000000000000000000000000000000000010001110101001001100101
000000000000000000000000000000000000000000000000011110011000100010010010
000000000000000000000000000000000000000000000000100011101001011110011110
000000000000000000000000000000000000000000000000100011101001100110011101
000000000000000000000000000000000000000000000000100011111001101010011101
000000000000000000000000000000000000000000000000100100001001011110011101
000000000000000000000000000000000000000000000000100011001001100010011100
000000000000000000000000000000000000000000000000100011101001011010011010
000000000000000000000000000000000000000000000000100011101001011110011011
000000000000000000000000000000000000000000000000100011101001010110011010
000000000000000000000000000000000000000000000000100010111001010010011011
000000000000000000000000000000000000000000000000100010011001010110011100
000000000000000000000000000000000000000000000000100001101001001110011001
000000000000000000000000000000000000000000000000100010111001010010011000
000000000000000000000000000000000000000000000000100010001001010010011001
000000000000000000000000000000000000000000000000100101111001101010011101
000000000000000000000000000000000000000000000000010011010101010101100101
000000000000000000000000000000000000000000000000001101100100100001011101
000000000000000000000000000000000000000000000000010001100110000001110000
000000000000000000000000000000000000000000000000010000110101100001101110
000000000000000000000000000000000000000000000000001111100101100001100111
000000000000000000000000000000000000000000000000001111010101100001101011
000000000000000000000000000000000000000000000000010001100101011101101010
000000000000000000000000000000000000000000000000001110010101000001100100
000000000000000000000000000000000000000000000000001101100100111001100101
000000000000000000000000000000000000000000000000001111100101110101110001
000000000000000000000000000000000000000000000000001111000101011101101111
000000000000000000000000000000000000000000000000001111000101001101101100
000000000000000000000000000000000000000000000000001110110101011101101100
000000000000000000000000000000000000000000000000010000010101100101110000
000000000000000000000000000000000000000000000000010001000101101101110001
000000000000000000000000000000000000000000000000001111100101011101110000
000000000000000000000000000000000000000000000000001100000100010101011101
000000000000000000000000000000000000000000000000001011000100001101011100
000000000000000000000000000000000000000000000000001100010100111001100101
000000000000000000000000000000000000000000000000001101000100110101100110
000000000000000000000000000000000000000000000000001101100100110001100101
000000000000000000000000000000000000000000000000001101010101000001100111
000000000000000000000000000000000000000000000000001101100101001001100110
000000000000000000000000000000000000000000000000001110000101001001101010
000000000000000000000000000000000000000000000000001111000101010101101100
000000000000000000000000000000000000000000000000001110100101100001101101
000000000000000000000000000000000000000000000000010000100101100001101100
000000000000000000000000000000000000000000000000010010100110000001110001
000000000000000000000000000000000000000000000000001100110100101001100011
000000000000000000000000000000000000000000000000001001010011101001001111
000000000000000000000000000000000000000000000000011100101000000110001011
000000000000000000000000000000000000000000000000100001011001010010011011
000000000000000000000000000000000000000000000000100010111001100010011101
000000000000000000000000000000000000000000000000100011011001100010011111
000000000000000000000000000000000000000000000000100011101001101010100000
000000000000000000000000000000000000000000000000100101111010010010100101
000000000000000000000000000000000000000000000000011101000111010001110000
000000000000000000000000000000000000000000000000010100100100111101001101
000000000000000000000000000000000000000000000000100011011001010010010110
000000000000000000000000000000000000000000000000100011101001101010100001
000000000000000000000000000000000000000000000000100011101001101010011101
000000000000000000000000000000000000000000000000100011111001110010100000
000000000000000000000000000000000000000000000000100011101001101110100000
000000000000000000000000000000000000000000000000100111011010100010101011
000000000000000000000000000000000000000000000000011101101000001110001010
000000000000000000000000000000000000000000000000100001101001010110011100
000000000000000000000000000000000000000000000000100011101001101010011111
000000000000000000000000000000000000000000000000100011111001110110100010
000000000000000000000000000000000000000000000000100101001001110110100000
000000000000000000000000000000000000000000000000100011111001110010100000
000000000000000000000000000000000000000000000000100100001001110010100001
000000000000000000000000000000000000000000000000100011101001101110100000
000000000000000000000000000000000000000000000000100011011001101110100000
000000000000000000000000000000000000000000000000100011011001101010100000
000000000000000000000000000000000000000000000000100011101001101010011111
000000000000000000000000000000000000000000000000100100001001100110011101
000000000000000000000000000000000000000000000000011110011000100110010000
000000000000000000000000000000000000000000000000010111000110111101111110
000000000000000000000000000000000000000000000000010110110110110001111011
000000000000000000000000000000000000000000000000010001110101001001100000
000000000000000000000000000000000000000000000000011110101000100010010000
000000000000000000000000000000000000000000000000100011111001011010011011
000000000000000000000000000000000000000000000000100100011001011110011101
000000000000000000000000000000000000000000000000100011111001100110011101
000000000000000000000000000000000000000000000000100011111001101010011101
000000000000000000000000000000000000000000000000100011011001100010011011
000000000000000000000000000000000000000000000000100011101001011110011101
000000000000000000000000000000000000000000000000100011011001011110011011
000000000000000000000000000000000000000000000000100010101001010110011010
000000000000000000000000000000000000000000000000100010111001010010011011
000000000000000000000000000000000000000000000000100011001001010010011001
000000000000000000000000000000000000000000000000100010111001000110010110
000000000000000000000000000000000000000000000000100010011001010010010111
000000000000000000000000000000000000000000000000100001101001000110010111
000000000000000000000000000000000000000000000000100100101001101010011101
000000000000000000000000000000000000000000000000010000100101000001011110
000000000000000000000000000000000000000000000000001101000100010001011010
000000000000000000000000000000000000000000000000010001000101111101101111
000000000000000000000000000000000000000000000000010000110101100101101111
000000000000000000000000000000000000000000000000010000110101100001101100
000000000000000000000000000000000000000000000000001111100101100001100111
000000000000000000000000000000000000000000000000001111000101001101100101
000000000000000000000000000000000000000000000000001101100100111101100100
000000000000000000000000000000000000000000000000001110000100101101100001
000000000000000000000000000000000000000000000000010000100101110001110001
000000000000000000000000000000000000000000000000010000100101110001110000
000000000000000000000000000000000000000000000000010000010101010101101101
000000000000000000000000000000000000000000000000001111000101001101101010
000000000000000000000000000000000000000000000000001111000101100001110000
000000000000000000000000000000000000000000000000010001010101110001110000
000000000000000000000000000000000000000000000000001111010101010101101011
000000000000000000000000000000000000000000000000001101100100011101100010
000000000000000000000000000000000000000000000000001100010100010001011110
000000000000000000000000000000000000000000000000001101000100101001100100
000000000000000000000000000000000000000000000000001100000100101101100010
000000000000000000000000000000000000000000000000001101010100110101100101
000000000000000000000000000000000000000000000000001111000100111001100111
000000000000000000000000000000000000000000000000001110010101000101101000
000000000000000000000000000000000000000000000000001101010101010101101010
000000000000000000000000000000000000000000000000001110100101011001101100
000000000000000000000000000000000000000000000000001111000101011101101111
000000000000000000000000000000000000000000000000010000000101100101110001
000000000000000000000000000000000000000000000000010001000101111001110010
000000000000000000000000000000000000000000000000001111110101001101101011
000000000000000000000000000000000000000000000000001001100011101001001111
000000000000000000000000000000000000000000000000011100100111110010000111
000000000000000000000000000000000000000000000000100010001001010110011011
000000000000000000000000000000000000000000000000100011001001100110011101
000000000000000000000000000000000000000000000000100011101001101010100000
000000000000000000000000000000000000000000000000100100001001110010100001
000000000000000000000000000000000000000000000000100100011001101110100001
000000000000000000000000000000000000000000000000100100101001111110100101
000000000000000000000000000000000000000000000000100100011001101110100000
000000000000000000000000000000000000000000000000100011101001101110011111
000000000000000000000000000000000000000000000000100011011001101110100000
000000000000000000000000000000000000000000000000100011111001110110011111
000000000000000000000000000000000000000000000000100011101001100110011110
000000000000000000000000000000000000000000000000100011101001101010011111
000000000000000000000000000000000000000000000000101000101010011110101000
000000000000000000000000000000000000000000000000011111101000011010001100
000000000000000000000000000000000000000000000000100001101001010010011011
000000000000000000000000000000000000000000000000100100001001110010011111
000000000000000000000000000000000000000000000000100100011001110010100000
000000000000000000000000000000000000000000000000100011111001101010011111
000000000000000000000000000000000000000000000000100011111001101110100000
000000000000000000000000000000000000000000000000100011101001101010011110
000000000000000000000000000000000000000000000000100011111001101110100000
000000000000000000000000000000000000000000000000100100001001101010011110
000000000000000000000000000000000000000000000000100011101001101110011110
000000000000000000000000000000000000000000000000100011101001101110011101
000000000000000000000000000000000000000000000000100100011001101010011110
000000000000000000000000000000000000000000000000011101111000101010010000
000000000000000000000000000000000000000000000000010111010111000001111100
000000000000000000000000000000000000000000000000010110110110110001111010
000000000000000000000000000000000000000000000000010001110100111101011110
000000000000000000000000000000000000000000000000011100101000010110001011
000000000000000000000000000000000000000000000000100001111001011010011100
000000000000000000000000000000000000000000000000100100011001011010011011
000000000000000000000000000000000000000000000000100011111001100010011110
000000000000000000000000000000000000000000000000100100011001100010011110
000000000000000000000000000000000000000000000000100010101001100010011001
000000000000000000000000000000000000000000000000100010011001010110011011
000000000000000000000000000000000000000000000000100010011001010110011101
000000000000000000000000000000000000000000000000100011001001010110011010
000000000000000000000000000000000000000000000000100010001001010010011010
000000000000000000000000000000000000000000000000100010001001010010011011
000000000000000000000000000000000000000000000000100010001001001110011001
000000000000000000000000000000000000000000000000100011001001001110011000
000000000000000000000000000000000000000000000000100001011001000110010100
000000000000000000000000000000000000000000000000100100001001101010011110
000000000000000000000000000000000000000000000000010000000101000101011111
000000000000000000000000000000000000000000000000001110010100100001011101
000000000000000000000000000000000000000000000000010001110110000001101111
000000000000000000000000000000000000000000000000010000010101101001101100
000000000000000000000000000000000000000000000000001111010101100001101001
000000000000000000000000000000000000000000000000001111110101011101101100
000000000000000000000000000000000000000000000000001110110101010101101000
000000000000000000000000000000000000000000000000001110010101000001100100
000000000000000000000000000000000000000000000000001100000100101101011111
000000000000000000000000000000000000000000000000010001010101110001110011
000000000000000000000000000000000000000000000000001111110101101101110000
000000000000000000000000000000000000000000000000010000110101101001110001
000000000000000000000000000000000000000000000000010000000101100101101111
000000000000000000000000000000000000000000000000001111110101011101101101
000000000000000000000000000000000000000000000000010000100101100001101111
000000000000000000000000000000000000000000000000001111000101011101101110
000000000000000000000000000000000000000000000000001110010101000001101001
000000000000000000000000000000000000000000000000001011000100000101011010
000000000000000000000000000000000000000000000000001101000100100101100011
000000000000000000000000000000000000000000000000001101100100110101100101
000000000000000000000000000000000000000000000000001011100100110001100101
000000000000000000000000000000000000000000000000001101010100111001100110
000000000000000000000000000000000000000000000000001101110101000001100111
000000000000000000000000000000000000000000000000001110010101011001101011
000000000000000000000000000000000000000000000000001111110101011101101011
000000000000000000000000000000000000000000000000001110100101011101110000
000000000000000000000000000000000000000000000000001111000101110101110000
000000000000000000000000000000000000000000000000010001010110001001110001
000000000000000000000000000000000000000000000000010001110101111001110100
000000000000000000000000000000000000000000000000001010100011011101001101
000000000000000000000000000000000000000000000000011010000111010110000001
000000000000000000000000000000000000000000000000100011001001011010011101
000000000000000000000000000000000000000000000000100011011001100110011101
000000000000000000000000000000000000000000000000100011101001100110100000
000000000000000000000000000000000000000000000000100011011001101010011110
000000000000000000000000000000000000000000000000100011011001101110011110
000000000000000000000000000000000000000000000000100011101001101110100000
000000000000000000000000000000000000000000000000100011011001100110011101
000000000000000000000000000000000000000000000000100011101001101010100001
000000000000000000000000000000000000000000000000100011101001100110011111
000000000000000000000000000000000000000000000000100011101001101110011110
000000000000000000000000000000000000000000000000100100001001100110100001
000000000000000000000000000000000000000000000000100011111001110010100001
000000000000000000000000000000000000000000000000100111101010001110101000
000000000000000000000000000000000000000000000000100000101000011110010001
000000000000000000000000000000000000000000000000100010001001010010011001
000000000000000000000000000000000000000000000000100100011001101110100001
000000000000000000000000000000000000000000000000100011101001101010011101
000000000000000000000000000000000000000000000000100100101001110110100000
000000000000000000000000000000000000000000000000100100011001110010100001
000000000000000000000000000000000000000000000000100011111001110010100001
000000000000000000000000000000000000000000000000100011101001100110011111
000000000000000000000000000000000000000000000000100011101001101110011110
000000000000000000000000000000000000000000000000100011101001101110011110
000000000000000000000000000000000000000000000000100011101001100110011111
000000000000000000000000000000000000000000000000100011011001100010011101
000000000000000000000000000000000000000000000000011111011000101110010010
000000000000000000000000000000000000000000000000010111010111000101111111
000000000000000000000000000000000000000000000000010110010110101101111000
000000000000000000000000000000000000000000000000001111110101000001100000
000000000000000000000000000000000000000000000000011101101000010110001100
000000000000000000000000000000000000000000000000100010111001010110011100
000000000000000000000000000000000000000000000000100011001001010110011101
000000000000000000000000000000000000000000000000100011111001011110011101
000000000000000000000000000000000000000000000000100010101001011110011010
000000000000000000000000000000000000000000000000100010001001010110011010
000000000000000000000000000000000000000000000000100010011001001110011001
000000000000000000000000000000000000000000000000100010011001010010011100
000000000000000000000000000000000000000000000000100010001001001110011001
000000000000000000000000000000000000000000000000100010001001001110010111
000000000000000000000000000000000000000000000000100001101001001010011000
000000000000000000000000000000000000000000000000100001101001000010010111
000000000000000000000000000000000000000000000000100000111000111110010010
000000000000000000000000000000000000000000000000100001111000111110010110
000000000000000000000000000000000000000000000000100011101001101010011100
000000000000000000000000000000000000000000000000010000000100110001011100
000000000000000000000000000000000000000000000000001101000100100001011111
000000000000000000000000000000000000000000000000010001110101111101110000
000000000000000000000000000000000000000000000000010000000101100001101100
000000000000000000000000000000000000000000000000010001010101011101101001
000000000000000000000000000000000000000000000000001111110101010101101001
000000000000000000000000000000000000000000000000001111100101010001101000
000000000000000000000000000000000000000000000000001110010101001101100111
000000000000000000000000000000000000000000000000001100110100101101011111
000000000000000000000000000000000000000000000000010000000101100101101101
000000000000000000000000000000000000000000000000010000110101110101110000
000000000000000000000000000000000000000000000000010001100101101001110000
000000000000000000000000000000000000000000000000010000110101101101110010
000000000000000000000000000000000000000000000000010001010101011101101111
000000000000000000000000000000000000000000000000001111110101101101110000
000000000000000000000000000000000000000000000000001110100101100101110000
000000000000000000000000000000000000000000000000001110010101000101101010
000000000000000000000000000000000000000000000000001011010011110101011000
000000000000000000000000000000000000000000000000001110000100101101100101
000000000000000000000000000000000000000000000000001101010100101001100100
000000000000000000000000000000000000000000000000001100010100110101100101
000000000000000000000000000000000000000000000000001101010100110001100101
000000000000000000000000000000000000000000000000001110000101000001100101
000000000000000000000000000000000000000000000000001110100101010001100111
000000000000000000000000000000000000000000000000001111110101011101101111
000000000000000000000000000000000000000000000000001111100101101001101101
000000000000000000000000000000000000000000000000010000110101110001110000
000000000000000000000000000000000000000000000000010010010110000101110100
000000000000000000000000000000000000000000000000010010110110001101110101
000000000000000000000000000000000000000000000000001011100011110101010001
000000000000000000000000000000000000000000000000011000110110111001110111
000000000000000000000000000000000000000000000000100011011001100110011101
000000000000000000000000000000000000000000000000100011101001101010011111
000000000000000000000000000000000000000000000000100011101001100110011110
000000000000000000000000000000000000000000000000100011101001101010011101
000000000000000000000000000000000000000000000000100011011001100110011110
000000000000000000000000000000000000000000000000011111011000011010010001
000000000000000000000000000000000000000000000000011101010111111110000111
000000000000000000000000000000000000000000000000100001111001011110011010
000000000000000000000000000000000000000000000000100011101001110010011111
000000000000000000000000000000000000000000000000100100011001110010011111
000000000000000000000000000000000000000000000000100011011001101110011111
000000000000000000000000000000000000000000000000100100101001100110100001
000000000000000000000000000000000000000000000000100111011010001010101000
000000000000000000000000000000000000000000000000100001011000111110010011
000000000000000000000000000000000000000000000000100000111001000010010110
000000000000000000000000000000000000000000000000100011101001110010011110
000000000000000000000000000000000000000000000000100011101001110110100000
000000000000000000000000000000000000000000000000100100101001101110011110
000000000000000000000000000000000000000000000000100011101001101110011110
000000000000000000000000000000000000000000000000100011111001110010011111
000000000000000000000000000000000000000000000000100011011001110010011110
000000000000000000000000000000000000000000000000100011011001101010011111
000000000000000000000000000000000000000000000000100011101001101110100000
000000000000000000000000000000000000000000000000100011101001100010011101
000000000000000000000000000000000000000000000000100011101001100110011101
000000000000000000000000000000000000000000000000100000011000111110010110
000000000000000000000000000000000000000000000000010110010111000101111101
000000000000000000000000000000000000000000000000010110110110101101111001
000000000000000000000000000000000000000000000000010001000101000001011100
000000000000000000000000000000000000000000000000011101011000001110001010
000000000000000000000000000000000000000000000000100001111001010010011010
000000000000000000000000000000000000000000000000100010001001010010011010
000000000000000000000000000000000000000000000000100011101001011010011101
000000000000000000000000000000000000000000000000100011101001011110011101
000000000000000000000000000000000000000000000000100010001001010010011001
000000000000000000000000000000000000000000000000100010001001001110011000
000000000000000000000000000000000000000000000000100010001001010010011010
000000000000000000000000000000000000000000000000100001111001010010011001
000000000000000000000000000000000000000000000000100001111001010010010110
000000000000000000000000000000000000000000000000100000111001000110010110
000000000000000000000000000000000000000000000000100001001001001010010111
000000000000000000000000000000000000000000000000100000111001000010010101
000000000000000000000000000000000000000000000000100000101000111110010100
000000000000000000000000000000000000000000000000100011011001100010011011
000000000000000000000000000000000000000000000000001110000100100101011010
000000000000000000000000000000000000000000000000001100010100011101011010
000000000000000000000000000000000000000000000000010011010101110101101110
000000000000000000000000000000000000000000000000010010010101100101101100
000000000000000000000000000000000000000000000000010001000101100001101100
000000000000000000000000000000000000000000000000010000000101010101101001
000000000000000000000000000000000000000000000000001110010101010101100111
000000000000000000000000000000000000000000000000001110010101000001100011
000000000000000000000000000000000000000000000000001101100100110001100010
000000000000000000000000000000000000000000000000001110110101011001101010
000000000000000000000000000000000000000000000000010001100101101101110000
000000000000000000000000000000000000000000000000010001010101110001110000
000000000000000000000000000000000000000000000000010000110101100101101110
000000000000000000000000000000000000000000000000010010000101100001110000
000000000000000000000000000000000000000000000000010001010101101001110000
000000000000000000000000000000000000000000000000001110110101011101101101
000000000000000000000000000000000000000000000000001110010100111101101000
000000000000000000000000000000000000000000000000001001100011111001010101
000000000000000000000000000000000000000000000000001111010100100001100100
000000000000000000000000000000000000000000000000001101110100100001100011
000000000000000000000000000000000000000000000000001101110100111001100111
000000000000000000000000000000000000000000000000001101110100111101101000
000000000000000000000000000000000000000000000000001110110101001101101001
000000000000000000000000000000000000000000000000001111010101010001101100
000000000000000000000000000000000000000000000000010000000101100101101110
000000000000000000000000000000000000000000000000010000000101110001101111
000000000000000000000000000000000000000000000000010010010101111001110001
000000000000000000000000000000000000000000000000010010110110001101110111
000000000000000000000000000000000000000000000000010100100110100101111110
000000000000000000000000000000000000000000000000001110010100010101011011
000000000000000000000000000000000000000000000000010110100110001001101100
000000000000000000000000000000000000000000000000100011001001011010011101
000000000000000000000000000000000000000000000000100010011001100110011111
000000000000000000000000000000000000000000000000100011101001101010011111
000000000000000000000000000000000000000000000000100011111001101010011101
000000000000000000000000000000000000000000000000100010111001001010011000
000000000000000000000000000000000000000000000000000111000000111100001111
000000000000000000000000000000000000000000000000000110010000101000001000
000000000000000000000000000000000000000000000000010011010100100101001110
000000000000000000000000000000000000000000000000100011001001101110011101
000000000000000000000000000000000000000000000000100011101001101010011111
000000000000000000000000000000000000000000000000100100001001101110100010
000000000000000000000000000000000000000000000000100011111001110110100010
000000000000000000000000000000000000000000000000100111001010000110100100
000000000000000000000000000000000000000000000000100011111001001010010111
000000000000000000000000000000000000000000000000100000011000111110010110
000000000000000000000000000000000000000000000000100011111001110010011111
000000000000000000000000000000000000000000000000100011111001110010100001
000000000000000000000000000000000000000000000000100100011001100110011111
000000000000000000000000000000000000000000000000100011101001101110100000
000000000000000000000000000000000000000000000000100011101001110010100000
000000000000000000000000000000000000000000000000100011101001101010100000
000000000000000000000000000000000000000000000000100011101001101110100000
000000000000000000000000000000000000000000000000100011111001100110011111
000000000000000000000000000000000000000000000000100010111001101110011100
000000000000000000000000000000000000000000000000100011011001101010011101
000000000000000000000000000000000000000000000000100000001001000010011000
000000000000000000000000000000000000000000000000011000100111001110000001
000000000000000000000000000000000000000000000000010101010110101101111010
000000000000000000000000000000000000000000000000001111100100111101011111
000000000000000000000000000000000000000000000000011100101000001110001100
000000000000000000000000000000000000000000000000100010001001001110011010
000000000000000000000000000000000000000000000000100010101001010010011010
000000000000000000000000000000000000000000000000100010101001011010011011
000000000000000000000000000000000000000000000000100011001001011010011100
000000000000000000000000000000000000000000000000100010001001010110011000
000000000000000000000000000000000000000000000000100010011001001110011001
000000000000000000000000000000000000000000000000100001101001001110011000
000000000000000000000000000000000000000000000000100010111001001010011000
000000000000000000000000000000000000000000000000100010001001001110010110
000000000000000000000000000000000000000000000000100010001000111110010111
000000000000000000000000000000000000000000000000100000101000111010010100
000000000000000000000000000000000000000000000000100000011000111010010011
000000000000000000000000000000000000000000000000100000001000110110010010
000000000000000000000000000000000000000000000000100011011001100010011010
000000000000000000000000000000000000000000000000001110100100010101011010
000000000000000000000000000000000000000000000000001110010100011001011101
000000000000000000000000000000000000000000000000010001110101110101101101
000000000000000000000000000000000000000000000000010001100101100101101101
000000000000000000000000000000000000000000000000010000110101100001101010
000000000000000000000000000000000000000000000000010001000101011101101101
000000000000000000000000000000000000000000000000010000000101001001101000
000000000000000000000000000000000000000000000000001110110101000101100011
000000000000000000000000000000000000000000000000001110000100100101100000
000000000000000000000000000000000000000000000000001110010101011101101001
000000000000000000000000000000000000000000000000010000100101100001101110
000000000000000000000000000000000000000000000000001111010101101001110001
000000000000000000000000000000000000000000000000010000000101010101101110
000000000000000000000000000000000000000000000000010000000101001001101010
000000000000000000000000000000000000000000000000001111100101100001101110
000000000000000000000000000000000000000000000000010000000101011101101110
000000000000000000000000000000000000000000000000001110000101000001101000
000000000000000000000000000000000000000000000000001001000011101001010011
000000000000000000000000000000000000000000000000001101010100100001100011
000000000000000000000000000000000000000000000000001100100100101101100100
000000000000000000000000000000000000000000000000001101100100110101100101
000000000000000000000000000000000000000000000000001110010101000001101001
000000000000000000000000000000000000000000000000001111000101001001101011
000000000000000000000000000000000000000000000000001111000101010001101011
000000000000000000000000000000000000000000000000001111010101100001101101
000000000000000000000000000000000000000000000000010000010101110101110100
000000000000000000000000000000000000000000000000010000110110000001110011
000000000000000000000000000000000000000000000000010100110110000101111010
000000000000000000000000000000000000000000000000010110110111000010000010
000000000000000000000000000000000000000000000000001100000100101001100001
000000000000000000000000000000000000000000000000010010000101010101100011
000000000000000000000000000000000000000000000000100010101001011010011101
000000000000000000000000000000000000000000000000100011101001100110011111
000000000000000000000000000000000000000000000000100011101001110010011110
000000000000000000000000000000000000000000000000100100101001101010100001
000000000000000000000000000000000000000000000000100100111001110010011101
000000000000000000000000000000000000000000000000001111000011010100110001
000000000000000000000000000000000000000000000000000111010000111000001010
000000000000000000000000000000000000000000000000001000100001010000010100
000000000000000000000000000000000000000000000000100001001001001110010111
000000000000000000000000000000000000000000000000100011101001100010011110
000000000000000000000000000000000000000000000000100011101001101010011111
000000000000000000000000000000000000000000000000100011101001101110011101
000000000000000000000000000000000000000000000000100101011010000110100010
000000000000000000000000000000000000000000000000100100101001100110011010
000000000000000000000000000000000000000000000000011111101000110010010011
000000000000000000000000000000000000000000000000100100011001110010011111
000000000000000000000000000000000000000000000000100011111001110010011111
000000000000000000000000000000000000000000000000100011111001110110100000
000000000000000000000000000000000000000000000000100100011001110010011110
000000000000000000000000000000000000000000000000100100001001101110011111
000000000000000000000000000000000000000000000000100100011001110110011111
000000000000000000000000000000000000000000000000100011101001101010011111
000000000000000000000000000000000000000000000000100011101001100110011110
000000000000000000000000000000000000000000000000100011001001100110011100
000000000000000000000000000000000000000000000000100011101001101010011110
000000000000000000000000000000000000000000000000100001101001001010011001
000000000000000000000000000000000000000000000000011000100111001101111111
000000000000000000000000000000000000000000000000010110110110101001111011
000000000000000000000000000000000000000000000000001110110100110001011101
000000000000000000000000000000000000000000000000011100100111111010000111
000000000000000000000000000000000000000000000000100010011001010010011010
000000000000000000000000000000000000000000000000100010101001010010011010
000000000000000000000000000000000000000000000000100010111001010110011000
000000000000000000000000000000000000000000000000100011001001010010011011
000000000000000000000000000000000000000000000000100011001001001110010110
000000000000000000000000000000000000000000000000100010001001001110011010
000000000000000000000000000000000000000000000000100001111001001010011000
000000000000000000000000000000000000000000000000100001011001000010010100
000000000000000000000000000000000000000000000000100000111001000010010100
000000000000000000000000000000000000000000000000100000101000110110010011
000000000000000000000000000000000000000000000000100000001001000010010010
000000000000000000000000000000000000000000000000100000101000111110010100
000000000000000000000000000000000000000000000000100000011000101110010001
000000000000000000000000000000000000000000000000100011101001010110011011
000000000000000000000000000000000000000000000000001110000100000001010010
000000000000000000000000000000000000000000000000001110010100100101011011
000000000000000000000000000000000000000000000000010010110101110001110000
000000000000000000000000000000000000000000000000010010010101100001101101
000000000000000000000000000000000000000000000000010000010101010001101001
000000000000000000000000000000000000000000000000001111110101010101100111
000000000000000000000000000000000000000000000000001111100101001001100111
000000000000000000000000000000000000000000000000001110010100111101100101
000000000000000000000000000000000000000000000000001100110100101001100000
000000000000000000000000000000000000000000000000001111100101101001101100
000000000000000000000000000000000000000000000000001110100101100001101100
000000000000000000000000000000000000000000000000010000000101100001101110
000000000000000000000000000000000000000000000000010001110101011001101110
000000000000000000000000000000000000000000000000001110010101000101101001
000000000000000000000000000000000000000000000000001101000101010001100111
000000000000000000000000000000000000000000000000001101010101001001100101
000000000000000000000000000000000000000000000000001100100101000001100110
000000000000000000000000000000000000000000000000001000110011100101010011
000000000000000000000000000000000000000000000000001100100100101101100011
000000000000000000000000000000000000000000000000001011100100110001100001
000000000000000000000000000000000000000000000000001101100100110101100110
000000000000000000000000000000000000000000000000001110010101000101101001
000000000000000000000000000000000000000000000000001110100101010001101100
000000000000000000000000000000000000000000000000001110010101100001101101
000000000000000000000000000000000000000000000000010000100101100001101110
000000000000000000000000000000000000000000000000010000000101111001110000
000000000000000000000000000000000000000000000000010010100110000101110101
000000000000000000000000000000000000000000000000010011010110010001111000
000000000000000000000000000000000000000000000000010111100111010110000111
000000000000000000000000000000000000000000000000001101110100110001100010
000000000000000000000000000000000000000000000000001111100100100101010110
000000000000000000000000000000000000000000000000100010101001010110011101
000000000000000000000000000000000000000000000000100011101001100010011110
000000000000000000000000000000000000000000000000100011111001101110100000
000000000000000000000000000000000000000000000000100011101001101110011110
000000000000000000000000000000000000000000000000100110011010011010100110
000000000000000000000000000000000000000000000000101000001010010010100001
000000000000000000000000000000000000000000000000011001110110110101101010
000000000000000000000000000000000000000000000000011011010111000101110000
000000000000000000000000000000000000000000000000100011101001101010011110
000000000000000000000000000000000000000000000000100011001001100110011101
000000000000000000000000000000000000000000000000100011011001100110011110
000000000000000000000000000000000000000000000000100011011001101110011101
000000000000000000000000000000000000000000000000100110011001111010100010
000000000000000000000000000000000000000000000000100110001001110110100001
000000000000000000000000000000000000000000000000011111001000011110010000
000000000000000000000000000000000000000000000000100011011001100010011110
000000000000000000000000000000000000000000000000100011101001110110100000
000000000000000000000000000000000000000000000000100011101001110110100000
000000000000000000000000000000000000000000000000100011101001101110011110
000000000000000000000000000000000000000000000000100100011001100110011111
000000000000000000000000000000000000000000000000100011101001101110011111
000000000000000000000000000000000000000000000000100011101001101010100000
000000000000000000000000000000000000000000000000100011111001101010011111
000000000000000000000000000000000000000000000000100011011001101110011110
000000000000000000000000000000000000000000000000100011001001100110011100
000000000000000000000000000000000000000000000000100010001001010010011011
000000000000000000000000000000000000000000000000011001100111011110000010
000000000000000000000000000000000000000000000000010110000110100101111000
000000000000000000000000000000000000000000000000010000110100111001100000
000000000000000000000000000000000000000000000000011010010111110010000101
000000000000000000000000000000000000000000000000100001011001001010010111
000000000000000000000000000000000000000000000000100001011001010010011000
000000000000000000000000000000000000000000000000100010001001001110010110
000000000000000000000000000000000000000000000000100010101001010110011010
000000000000000000000000000000000000000000000000100001011001001010010101
000000000000000000000000000000000000000000000000100001101001001110011000
000000000000000000000000000000000000000000000000100001011001001010010101
000000000000000000000000000000000000000000000000100001011001001010010100
000000000000000000000000000000000000000000000000100001011000111110010110
000000000000000000000000000000000000000000000000100001011000111110010011
000000000000000000000000000000000000000000000000100000001000110110010010
000000000000000000000000000000000000000000000000100000001000101010010010
000000000000000000000000000000000000000000000000011111011000100110001110
000000000000000000000000000000000000000000000000100011111001011010011101
000000000000000000000000000000000000000000000000001110110011110101001110
000000000000000000000000000000000000000000000000001101100100100001011010
000000000000000000000000000000000000000000000000010010110101101001101011
000000000000000000000000000000000000000000000000010001110101100101100111
000000000000000000000000000000000000000000000000001111010101100101100111
000000000000000000000000000000000000000000000000001111000101010001100111
000000000000000000000000000000000000000000000000001110100101000101101000
000000000000000000000000000000000000000000000000001110110100101101100000
000000000000000000000000000000000000000000000000001101100100100001011101
000000000000000000000000000000000000000000000000001111000101010001101100
000000000000000000000000000000000000000000000000010000110101011101101110
000000000000000000000000000000000000000000000000001111100101010101101101
000000000000000000000000000000000000000000000000001111010101010101101100
000000000000000000000000000000000000000000000000001111100101001101101011
000000000000000000000000000000000000000000000000001110010101010101101001
000000000000000000000000000000000000000000000000001110000100111101101000
000000000000000000000000000000000000000000000000001100000100111001100110
000000000000000000000000000000000000000000000000001000100011100101010100
000000000000000000000000000000000000000000000000001100110100100001011111
000000000000000000000000000000000000000000000000001101000100100101100101
000000000000000000000000000000000000000000000000001110000100111001100111
000000000000000000000000000000000000000000000000001110010101000101101000
000000000000000000000000000000000000000000000000001101110101011001101100
000000000000000000000000000000000000000000000000001110100101011101101011
000000000000000000000000000000000000000000000000010000010101101101101101
000000000000000000000000000000000000000000000000010001110101111001110100
000000000000000000000000000000000000000000000000010010010110001101110110
000000000000000000000000000000000000000000000000010011000110011001111000
000000000000000000000000000000000000000000000000010111010111011110000110
000000000000000000000000000000000000000000000000001111110101001101100100
000000000000000000000000000000000000000000000000001110000100001001001111
000000000000000000000000000000000000000000000000100010111001010010011100
000000000000000000000000000000000000000000000000100011001001100010011110
000000000000000000000000000000000000000000000000100011011001100110011110
000000000000000000000000000000000000000000000000100011101001100110011101
000000000000000000000000000000000000000000000000100100001001110010011110
000000000000000000000000000000000000000000000000100100101001111110100011
000000000000000000000000000000000000000000000000100100011001111010100011
000000000000000000000000000000000000000000000000100011011001100010011101
000000000000000000000000000000000000000000000000100011101001011110011101
000000000000000000000000000000000000000000000000100011101001101110011110
000000000000000000000000000000000000000000000000100011101001101010011111
000000000000000000000000000000000000000000000000100011111001100110011111
000000000000000000000000000000000000000000000000100101011001111110100001
000000000000000000000000000000000000000000000000100110101010000110100110
000000000000000000000000000000000000000000000000011100111000001110001100
000000000000000000000000000000000000000000000000100011101001110010100001
000000000000000000000000000000000000000000000000100011111001101010011101
000000000000000000000000000000000000000000000000100011101001110110011111
000000000000000000000000000000000000000000000000100011101001110010100001
000000000000000000000000000000000000000000000000100100001001101010100000
000000000000000000000000000000000000000000000000100011101001110010011110
000000000000000000000000000000000000000000000000100011111001100110011101
000000000000000000000000000000000000000000000000100100101001101110011110
000000000000000000000000000000000000000000000000100101001001101110011111
000000000000000000000000000000000000000000000000100100001001100110011101
000000000000000000000000000000000000000000000000100011001001100110011111
000000000000000000000000000000000000000000000000011010100111111110000111
000000000000000000000000000000000000000000000000010110010110111001111100
000000000000000000000000000000000000000000000000010000110100110001011100
000000000000000000000000000000000000000000000000011011100111100010000001
000000000000000000000000000000000000000000000000100000011001000010010110
000000000000000000000000000000000000000000000000100000111001000010010101
000000000000000000000000000000000000000000000000100001011001001110011000
000000000000000000000000000000000000000000000000100010011001001010010110
000000000000000000000000000000000000000000000000100001011001000110010100
000000000000000000000000000000000000000000000000100010011001000010010100
000000000000000000000000000000000000000000000000100010001000111110010011
000000000000000000000000000000000000000000000000100001111001000010010011
000000000000000000000000000000000000000000000000100000101001000010010101
000000000000000000000000000000000000000000000000100000001000111010010011
000000000000000000000000000000000000000000000000011111011000101010010000
000000000000000000000000000000000000000000000000100000001000100110001111
000000000000000000000000000000000000000000000000011111111000100110001100
000000000000000000000000000000000000000000000000100010101001001110011000
000000000000000000000000000000000000000000000000001101100011101101001100
000000000000000000000000000000000000000000000000001100110100100001011100
000000000000000000000000000000000000000000000000010000100101111001101101
000000000000000000000000000000000000000000000000001111010101100101100111
000000000000000000000000000000000000000000000000001111110101011101101001
000000000000000000000000000000000000000000000000010001110101001101100111
000000000000000000000000000000000000000000000000010000000100111101100101
000000000000000000000000000000000000000000000000001111010100101001100001
000000000000000000000000000000000000000000000000001101100100100101011111
000000000000000000000000000000000000000000000000001110100101100001101100
000000000000000000000000000000000000000000000000001111110101001101101101
000000000000000000000000000000000000000000000000010000000101001001101011
000000000000000000000000000000000000000000000000001111000101011101101110
000000000000000000000000000000000000000000000000001111100101010101101110
000000000000000000000000000000000000000000000000010000010101011101101100
000000000000000000000000000000000000000000000000001101110101000101100110
000000000000000000000000000000000000000000000000001101100101000001100110
000000000000000000000000000000000000000000000000001100010011111101011010
000000000000000000000000000000000000000000000000001010110100010001011100
000000000000000000000000000000000000000000000000001101000100101001100101
000000000000000000000000000000000000000000000000001101110100111101100110
000000000000000000000000000000000000000000000000001110000101000001100111
000000000000000000000000000000000000000000000000010000100101010001101001
000000000000000000000000000000000000000000000000001111100101101001101111
000000000000000000000000000000000000000000000000010001110101101001110010
000000000000000000000000000000000000000000000000010010000110000101110110
000000000000000000000000000000000000000000000000010101000110010101111000
000000000000000000000000000000000000000000000000010011110110011001111001
000000000000000000000000000000000000000000000000010111000111010010000101
000000000000000000000000000000000000000000000000010000000101010101101010
000000000000000000000000000000000000000000000000001101000100000001001111
000000000000000000000000000000000000000000000000100001011001000110011000
000000000000000000000000000000000000000000000000100011001001100110011110
000000000000000000000000000000000000000000000000100011101001101110100000
000000000000000000000000000000000000000000000000100011101001100110100000
000000000000000000000000000000000000000000000000100100101001101010100000
000000000000000000000000000000000000000000000000100011011001100110011111
000000000000000000000000000000000000000000000000100010001001010010011101
000000000000000000000000000000000000000000000000100010111001011010011100
000000000000000000000000000000000000000000000000100010111001011110011101
000000000000000000000000000000000000000000000000100011101001101110100000
000000000000000000000000000000000000000000000000100011111001101010011110
000000000000000000000000000000000000000000000000100011111001101010011111
000000000000000000000000000000000000000000000000100100001001110010011111
000000000000000000000000000000000000000000000000100111011010010010101000
000000000000000000000000000000000000000000000000011100111000000010000110
000000000000000000000000000000000000000000000000100010111001101110011111
000000000000000000000000000000000000000000000000100100001001101010100000
000000000000000000000000000000000000000000000000100100111001101110011110
000000000000000000000000000000000000000000000000100100011001110010011111
000000000000000000000000000000000000000000000000100011111001110010011110
000000000000000000000000000000000000000000000000100011011001110010011101
000000000000000000000000000000000000000000000000100100011001100110011101
000000000000000000000000000000000000000000000000100011111001100010011111
000000000000000000000000000000000000000000000000100011101001100110011101
000000000000000000000000000000000000000000000000100011111001100010011111
000000000000000000000000000000000000000000000000100100001001101010011101
000000000000000000000000000000000000000000000000011101011000010110001011
000000000000000000000000000000000000000000000000010111010110110101111100
000000000000000000000000000000000000000000000000010001100101000001011010
000000000000000000000000000000000000000000000000011010000111010101111101
000000000000000000000000000000000000000000000000100000111000110110010100
000000000000000000000000000000000000000000000000100001101000111110010110
000000000000000000000000000000000000000000000000100001011001000110011000
000000000000000000000000000000000000000000000000100010111001001010011000
000000000000000000000000000000000000000000000000100001101001000010010100
000000000000000000000000000000000000000000000000100010011000111110011000
000000000000000000000000000000000000000000000000100000111000111110010011
000000000000000000000000000000000000000000000000100000001000110010010010
000000000000000000000000000000000000000000000000100000011001000010010010
000000000000000000000000000000000000000000000000100000101000100110010000
000000000000000000000000000000000000000000000000011111111000101110010001
000000000000000000000000000000000000000000000000011110111000011110001101
000000000000000000000000000000000000000000000000011111111000011010001101
000000000000000000000000000000000000000000000000100001111001000110010101
000000000000000000000000000000000000000000000000001010110011011101001000
000000000000000000000000000000000000000000000000001101110100100001100000
000000000000000000000000000000000000000000000000010001110101100001101110
000000000000000000000000000000000000000000000000001111110101100101101010
000000000000000000000000000000000000000000000000010000110101010101101010
000000000000000000000000000000000000000000000000001111010101001101101000
000000000000000000000000000000000000000000000000001111010101000101100101
000000000000000000000000000000000000000000000000001110010100101001100001
000000000000000000000000000000000000000000000000001100110100101101100000
000000000000000000000000000000000000000000000000001110000100111101100011
000000000000000000000000000000000000000000000000001101100100110101100101
000000000000000000000000000000000000000000000000001110010101000101101011
000000000000000000000000000000000000000000000000001111000101001101101100
000000000000000000000000000000000000000000000000010000010101010001101011
000000000000000000000000000000000000000000000000010000010101100101110000
000000000000000000000000000000000000000000000000001111110101011001101001
000000000000000000000000000000000000000000000000001101110101000101100110
000000000000000000000000000000000000000000000000001100100100100001100001
000000000000000000000000000000000000000000000000001010110100001001011011
000000000000000000000000000000000000000000000000001100100100100101100010
000000000000000000000000000000000000000000000000001110100100110101100101
000000000000000000000000000000000000000000000000001111100101000101101011
000000000000000000000000000000000000000000000000001111100101010101101100
000000000000000000000000000000000000000000000000010001110101100001110000
000000000000000000000000000000000000000000000000010010000101110001110100
000000000000000000000000000000000000000000000000010010010110000101110101
000000000000000000000000000000000000000000000000010010110110001101110110
000000000000000000000000000000000000000000000000010011010110100101110110
000000000000000000000000000000000000000000000000010111000111001110000101
000000000000000000000000000000000000000000000000010000000101011101101100
000000000000000000000000000000000000000000000000001110000100011001010111
000000000000000000000000000000000000000000000000100000111000111110010111
000000000000000000000000000000000000000000000000100011011001011110011101
000000000000000000000000000000000000000000000000100011011001101010011111
000000000000000000000000000000000000000000000000100011011001100110011101
000000000000000000000000000000000000000000000000100011101001011010011101
000000000000000000000000000000000000000000000000100001101001000110011000
000000000000000000000000000000000000000000000000011011000111001101111100
000000000000000000000000000000000000000000000000011110011000011110001101
000000000000000000000000000000000000000000000000100011001001100110011110
000000000000000000000000000000000000000000000000100011111001100110011111
000000000000000000000000000000000000000000000000100011011001100110011101
000000000000000000000000000000000000000000000000100011101001100010011111
000000000000000000000000000000000000000000000000100101101001101110011111
000000000000000000000000000000000000000000000000101000011010100010101100
000000000000000000000000000000000000000000000000011011010111100010000000
000000000000000000000000000000000000000000000000100011101001101010011111
000000000000000000000000000000000000000000000000100011101001101010011111
000000000000000000000000000000000000000000000000100011101001101010011111
000000000000000000000000000000000000000000000000100011101001101110011101
000000000000000000000000000000000000000000000000100100001001100110011101
000000000000000000000000000000000000000000000000100101011001101010011110
000000000000000000000000000000000000000000000000100011101001100010011110
000000000000000000000000000000000000000000000000100011101001100010011101
000000000000000000000000000000000000000000000000100011101001101010011101
000000000000000000000000000000000000000000000000100011111001100110011111
000000000000000000000000000000000000000000000000100011101001101010011101
000000000000000000000000000000000000000000000000100000001000110010010100
000000000000000000000000000000000000000000000000010111110110101101111100
000000000000000000000000000000000000000000000000010000100100111101011111
000000000000000000000000000000000000000000000000011010000111001101111011
000000000000000000000000000000000000000000000000011111111000110010010010
000000000000000000000000000000000000000000000000100001101000110110010100
000000000000000000000000000000000000000000000000100001101001000010010110
000000000000000000000000000000000000000000000000100010001000111010010110
000000000000000000000000000000000000000000000000100001001000110010010010
000000000000000000000000000000000000000000000000100001101000111110010010
000000000000000000000000000000000000000000000000100000001000110110010011
000000000000000000000000000000000000000000000000100000001000110010010010
000000000000000000000000000000000000000000000000100000011000100110010010
000000000000000000000000000000000000000000000000100000001000100110010001
000000000000000000000000000000000000000000000000011111111000100110001101
000000000000000000000000000000000000000000000000011111001000011110001111
000000000000000000000000000000000000000000000000011110111000011110001101
000000000000000000000000000000000000000000000000100001001001000110010100
000000000000000000000000000000000000000000000000001010100011001001000010
000000000000000000000000000000000000000000000000001101100100100101011111
000000000000000000000000000000000000000000000000010010100101100101101011
000000000000000000000000000000000000000000000000010001010101011001101100
000000000000000000000000000000000000000000000000010000010101011001101001
000000000000000000000000000000000000000000000000001111100101001101100100
000000000000000000000000000000000000000000000000001101100100111101100010
000000000000000000000000000000000000000000000000001111110100110001100010
000000000000000000000000000000000000000000000000001100010100101001011111
000000000000000000000000000000000000000000000000001111110101010101101010
000000000000000000000000000000000000000000000000001110010101000101100101
000000000000000000000000000000000000000000000000001101100101000001100110
000000000000000000000000000000000000000000000000001110110101011101101110
000000000000000000000000000000000000000000000000010000100101100001101101
000000000000000000000000000000000000000000000000010000110110000001110010
000000000000000000000000000000000000000000000000010001110101101001110000
000000000000000000000000000000000000000000000000001110110101010101101000
000000000000000000000000000000000000000000000000001100110100101101100011
000000000000000000000000000000000000000000000000001010110011111001011000
000000000000000000000000000000000000000000000000001100110100110001011111
000000000000000000000000000000000000000000000000001101000100110001100101
000000000000000000000000000000000000000000000000001110010100111101100111
000000000000000000000000000000000000000000000000001111010101011001101100
000000000000000000000000000000000000000000000000010000110101101101110000
000000000000000000000000000000000000000000000000010000110101110101110000
000000000000000000000000000000000000000000000000010010000110000001110101
000000000000000000000000000000000000000000000000010011010110001101111010
000000000000000000000000000000000000000000000000010011100110011001111011
000000000000000000000000000000000000000000000000010110110110111110000010
000000000000000000000000000000000000000000000000010001100101101001110000
000000000000000000000000000000000000000000000000001111010100100001011010
000000000000000000000000000000000000000000000000011111101000101010010010
000000000000000000000000000000000000000000000000100011001001011110011101
000000000000000000000000000000000000000000000000100010101001011010011101
000000000000000000000000000000000000000000000000100011011001100110011101
000000000000000000000000000000000000000000000000100011101001101010100001
000000000000000000000000000000000000000000000000011011100111010001111000
000000000000000000000000000000000000000000000000000111000000111000001100
000000000000000000000000000000000000000000000000001001010001101000011101
000000000000000000000000000000000000000000000000100001111001000110011000
000000000000000000000000000000000000000000000000100011111001100110011111
000000000000000000000000000000000000000000000000100011011001100010011111
000000000000000000000000000000000000000000000000100011101001101010100000
000000000000000000000000000000000000000000000000100100111001110110100010
000000000000000000000000000000000000000000000000101001011010110010101110
000000000000000000000000000000000000000000000000011011010111010101111101
000000000000000000000000000000000000000000000000100011111001011110011110
000000000000000000000000000000000000000000000000100011101001101110100000
000000000000000000000000000000000000000000000000100100011001101110011111
000000000000000000000000000000000000000000000000100100111001110010100010
000000000000000000000000000000000000000000000000100011111001100110011111
000000000000000000000000000000000000000000000000100100111001101010011110
000000000000000000000000000000000000000000000000100100011001110010011110
000000000000000000000000000000000000000000000000100100011001100110011111
000000000000000000000000000000000000000000000000100011011001101010011101
000000000000000000000000000000000000000000000000100011101001011110011110
000000000000000000000000000000000000000000000000100011001001100110011110
000000000000000000000000000000000000000000000000100010001001001110011010
000000000000000000000000000000000000000000000000011000010110111101111110
000000000000000000000000000000000000000000000000010001110101000101100000
000000000000000000000000000000000000000000000000011000100111001001111011
000000000000000000000000000000000000000000000000100000011000110110010100
000000000000000000000000000000000000000000000000100000001000111010010011
000000000000000000000000000000000000000000000000100001001001000110010110
000000000000000000000000000000000000000000000000100001011001000010010110
000000000000000000000000000000000000000000000000100000111000110110010011
000000000000000000000000000000000000000000000000100000111000110010010001
000000000000000000000000000000000000000000000000011111101000101110010001
000000000000000000000000000000000000000000000000100000111000101010010001
000000000000000000000000000000000000000000000000100000001000101010010001
000000000000000000000000000000000000000000000000011111011000011110001111
000000000000000000000000000000000000000000000000011111101000011110001100
000000000000000000000000000000000000000000000000011111101000010010001100
000000000000000000000000000000000000000000000000011110111000011110001101
000000000000000000000000000000000000000000000000100000101000110110010010
000000000000000000000000000000000000000000000000001001010011001101000111
000000000000000000000000000000000000000000000000001101110100101001100010
000000000000000000000000000000000000000000000000010001110101101001101100
000000000000000000000000000000000000000000000000010001100101010101101011
000000000000000000000000000000000000000000000000010000010101010001101000
000000000000000000000000000000000000000000000000001110010101000101100101
000000000000000000000000000000000000000000000000001110010100111101100101
000000000000000000000000000000000000000000000000001110010100110101011101
000000000000000000000000000000000000000000000000001100000100011101011101
000000000000000000000000000000000000000000000000001111010101010001101011
000000000000000000000000000000000000000000000000001110100101000001100110
000000000000000000000000000000000000000000000000001110010101000101101011
000000000000000000000000000000000000000000000000010001100101011101101110
000000000000000000000000000000000000000000000000010000000101101001110000
000000000000000000000000000000000000000000000000010001110110000101110100
000000000000000000000000000000000000000000000000010010000110000101110101
000000000000000000000000000000000000000000000000001111010101011001101100
000000000000000000000000000000000000000000000000001110100101000101100111
000000000000000000000000000000000000000000000000001010010011100001010010
000000000000000000000000000000000000000000000000001100100100101001100100
000000000000000000000000000000000000000000000000001111010100111001101000
000000000000000000000000000000000000000000000000001111100101000101101001
000000000000000000000000000000000000000000000000010000110101011101101101
000000000000000000000000000000000000000000000000010001000101110001110001
000000000000000000000000000000000000000000000000010001100101111101110011
000000000000000000000000000000000000000000000000010010000110001001110111
000000000000000000000000000000000000000000000000010010110110011001111011
000000000000000000000000000000000000000000000000010011010110011101111011
000000000000000000000000000000000000000000000000010101000111000101111111
000000000000000000000000000000000000000000000000010010100110001001110011
000000000000000000000000000000000000000000000000001111010100101101011100
000000000000000000000000000000000000000000000000011101111000001110001011
000000000000000000000000000000000000000000000000100011001001100010011110
000000000000000000000000000000000000000000000000100011011001101010011101
000000000000000000000000000000000000000000000000100011001001011010011011
000000000000000000000000000000000000000000000000100011001001101010011111
000000000000000000000000000000000000000000000000011110111000010110000101
000000000000000000000000000000000000000000000000000111000000101000001010
000000000000000000000000000000000000000000000000000111010001000100001111
000000000000000000000000000000000000000000000000100000111001000010010010
000000000000000000000000000000000000000000000000100010111001100010011101
000000000000000000000000000000000000000000000000100011101001011110011101
000000000000000000000000000000000000000000000000100011001001100110011110
000000000000000000000000000000000000000000000000100100001001100110011110
000000000000000000000000000000000000000000000000101001111010110010101101
000000000000000000000000000000000000000000000000011001010111000101111011
000000000000000000000000000000000000000000000000100011011001011110011101
000000000000000000000000000000000000000000000000100011101001101010011111
000000000000000000000000000000000000000000000000100011111001101110011110
000000000000000000000000000000000000000000000000100100001001101110011110
000000000000000000000000000000000000000000000000100011101001101010011101
000000000000000000000000000000000000000000000000100100001001101110011110
000000000000000000000000000000000000000000000000100011101001101110011110
000000000000000000000000000000000000000000000000100011101001100110011101
000000000000000000000000000000000000000000000000100011101001101110011110
000000000000000000000000000000000000000000000000100011111001100010011110
000000000000000000000000000000000000000000000000100011101001100010011110
000000000000000000000000000000000000000000000000100011001001100010011101
000000000000000000000000000000000000000000000000011010010111011010000010
000000000000000000000000000000000000000000000000010001110101001101011111
000000000000000000000000000000000000000000000000011000110110110001111001
000000000000000000000000000000000000000000000000100000001000101110010010
000000000000000000000000000000000000000000000000100000101000101110010010
000000000000000000000000000000000000000000000000100000111000111010010100
000000000000000000000000000000000000000000000000100001111001000010010110
000000000000000000000000000000000000000000000000100000001001000110010010
000000000000000000000000000000000000000000000000100000011000110110010010
000000000000000000000000000000000000000000000000011111111000101110010010
000000000000000000000000000000000000000000000000100000111000100110010000
000000000000000000000000000000000000000000000000011110111000101010001101
000000000000000000000000000000000000000000000000011111001000011010001110
000000000000000000000000000000000000000000000000011111001000011010001101
000000000000000000000000000000000000000000000000011110011000010010001011
000000000000000000000000000000000000000000000000011110001000010010001000
000000000000000000000000000000000000000000000000011111011000010110001010
000000000000000000000000000000000000000000000000001010010011010101000100
000000000000000000000000000000000000000000000000001100110100100101100000
000000000000000000000000000000000000000000000000010001010101100001101100
000000000000000000000000000000000000000000000000010001100101011001101001
000000000000000000000000000000000000000000000000010000110101010001101100
000000000000000000000000000000000000000000000000001110110101000101100011
000000000000000000000000000000000000000000000000001110010100110101100010
000000000000000000000000000000000000000000000000001101000100101001100000
000000000000000000000000000000000000000000000000001100110100100001011100
000000000000000000000000000000000000000000000000001101010100101101100100
000000000000000000000000000000000000000000000000001111000100110101100101
000000000000000000000000000000000000000000000000001111110101001001101010
000000000000000000000000000000000000000000000000010000010101100101101101
000000000000000000000000000000000000000000000000010000100101101001110000
000000000000000000000000000000000000000000000000010001110110000001110100
000000000000000000000000000000000000000000000000010010000110000101110101
000000000000000000000000000000000000000000000000001111100101011001101011
000000000000000000000000000000000000000000000000010000010101001101101101
000000000000000000000000000000000000000000000000001000100011000001010000
000000000000000000000000000000000000000000000000001100100100011101100000
000000000000000000000000000000000000000000000000001111000100101101100101
000000000000000000000000000000000000000000000000001111010101001101101010
000000000000000000000000000000000000000000000000010000000101100101110000
000000000000000000000000000000000000000000000000010001010101101001110000
000000000000000000000000000000000000000000000000010001110101111101110001
000000000000000000000000000000000000000000000000010010010110001001111001
000000000000000000000000000000000000000000000000010010010110010001111001
000000000000000000000000000000000000000000000000010011110110010101111100
000000000000000000000000000000000000000000000000010101010110100101111101
000000000000000000000000000000000000000000000000010101010110100001111011
000000000000000000000000000000000000000000000000001110100100101101100001
000000000000000000000000000000000000000000000000011100110111100110000100
000000000000000000000000000000000000000000000000100010101001011010011101
000000000000000000000000000000000000000000000000100010101001011110011101
000000000000000000000000000000000000000000000000100010011001011110011101
000000000000000000000000000000000000000000000000100011011001100110011101
000000000000000000000000000000000000000000000000010101100101011001010111
000000000000000000000000000000000000000000000000000111010000110100001010
000000000000000000000000000000000000000000000000000110010000100100000111
000000000000000000000000000000000000000000000000011001010110011001101001
000000000000000000000000000000000000000000000000100010111001100010011101
000000000000000000000000000000000000000000000000100011101001101010011111
000000000000000000000000000000000000000000000000100011011001100110011110
000000000000000000000000000000000000000000000000100011101001100010011110
000000000000000000000000000000000000000000000000101010011010111010101111
000000000000000000000000000000000000000000000000011000110110111001111001
000000000000000000000000000000000000000000000000100010111001011110011101
000000000000000000000000000000000000000000000000100011101001101010011101
000000000000000000000000000000000000000000000000100011101001101110011110
000000000000000000000000000000000000000000000000100011101001101010011101
000000000000000000000000000000000000000000000000100011101001110010100001
000000000000000000000000000000000000000000000000100011001001101010011101
000000000000000000000000000000000000000000000000100011101001101110011111
000000000000000000000000000000000000000000000000100100011001101010100000
000000000000000000000000000000000000000000000000100011011001101110011101
000000000000000000000000000000000000000000000000100100001001101010011110
000000000000000000000000000000000000000000000000100011011001101010011110
000000000000000000000000000000000000000000000000100011011001101110011101
000000000000000000000000000000000000000000000000011101001000010110001101
000000000000000000000000000000000000000000000000010010100101011101100011
000000000000000000000000000000000000000000000000010111110110101001110001
000000000000000000000000000000000000000000000000011110111000100110010000
000000000000000000000000000000000000000000000000100000001000100110010000
000000000000000000000000000000000000000000000000100000101000101110010010
000000000000000000000000000000000000000000000000100000101000110010010010
000000000000000000000000000000000000000000000000100000011000111010010010
000000000000000000000000000000000000000000000000100000001000101110010010
000000000000000000000000000000000000000000000000011111011000100110010001
000000000000000000000000000000000000000000000000011111001000011110001111
000000000000000000000000000000000000000000000000011110101000011010001100
000000000000000000000000000000000000000000000000011110111000010110001000
000000000000000000000000000000000000000000000000011110011000010010001010
000000000000000000000000000000000000000000000000011101111000001010001001
000000000000000000000000000000000000000000000000011101011000001110001000
000000000000000000000000000000000000000000000000011100100111101110000011
000000000000000000000000000000000000000000000000001011000011011101000111
000000000000000000000000000000000000000000000000001110000100101101100001
000000000000000000000000000000000000000000000000010001110101100101101100
000000000000000000000000000000000000000000000000010001000101010001101000
000000000000000000000000000000000000000000000000010000000101000101100111
000000000000000000000000000000000000000000000000001110010101001001100101
000000000000000000000000000000000000000000000000001101110100101001100010
000000000000000000000000000000000000000000000000001100010100100001011011
000000000000000000000000000000000000000000000000001101000100100001011101
000000000000000000000000000000000000000000000000001101010100100001100001
000000000000000000000000000000000000000000000000001110000100111001100101
000000000000000000000000000000000000000000000000001111000101011101101011
000000000000000000000000000000000000000000000000010001100101100101101111
000000000000000000000000000000000000000000000000010000010101101101101111
000000000000000000000000000000000000000000000000010001110101111001110010
000000000000000000000000000000000000000000000000010011000110000101110100
000000000000000000000000000000000000000000000000010000000101100101101101
000000000000000000000000000000000000000000000000001110010101010001101001
000000000000000000000000000000000000000000000000001001000011011001001111
000000000000000000000000000000000000000000000000001101010100100101011111
000000000000000000000000000000000000000000000000001101110100111001100110
000000000000000000000000000000000000000000000000001110110101001001101001
000000000000000000000000000000000000000000000000010000100101011101101101
000000000000000000000000000000000000000000000000010001100101100101110000
000000000000000000000000000000000000000000000000010010100101110101110010
000000000000000000000000000000000000000000000000010001110110001101110101
000000000000000000000000000000000000000000000000010010100110010101111000
000000000000000000000000000000000000000000000000010011010110010101111010
000000000000000000000000000000000000000000000000010100110110110101111100
000000000000000000000000000000000000000000000000010101010110111101111101
000000000000000000000000000000000000000000000000001111010101001101100100
000000000000000000000000000000000000000000000000011001010111001001111011
000000000000000000000000000000000000000000000000100010011001011010011100
000000000000000000000000000000000000000000000000100011001001011110011101
000000000000000000000000000000000000000000000000100010111001100010011100
000000000000000000000000000000000000000000000000100100011001101010011111
000000000000000000000000000000000000000000000000100001011000100110001000
000000000000000000000000000000000000000000000000000111100001010000010000
000000000000000000000000000000000000000000000000000111000000110000001100
000000000000000000000000000000000000000000000000011001110110011101101000
000000000000000000000000000000000000000000000000100010111001011010011100
000000000000000000000000000000000000000000000000100011101001100010011111
000000000000000000000000000000000000000000000000100011011001100010011101
000000000000000000000000000000000000000000000000100011101001100010011100
000000000000000000000000000000000000000000000000101001111010111010101100
000000000000000000000000000000000000000000000000011001110111000101111001
000000000000000000000000000000000000000000000000100010011001010110011010
000000000000000000000000000000000000000000000000100011111001100110011111
000000000000000000000000000000000000000000000000100011101001101010011101
000000000000000000000000000000000000000000000000100011111001101010011111
000000000000000000000000000000000000000000000000100011101001101010011111
000000000000000000000000000000000000000000000000100011101001101010011111
000000000000000000000000000000000000000000000000100100001001100110011111
000000000000000000000000000000000000000000000000100011101001100010011110
000000000000000000000000000000000000000000000000100011101001100110011100
000000000000000000000000000000000000000000000000100010111001100110011101
000000000000000000000000000000000000000000000000100011101001100110011110
000000000000000000000000000000000000000000000000100011101001101010011101
000000000000000000000000000000000000000000000000100000001001001010010111
000000000000000000000000000000000000000000000000010011100101100001100101
000000000000000000000000000000000000000000000000010111000110011001101110
000000000000000000000000000000000000000000000000011111011000100110010001
000000000000000000000000000000000000000000000000011111101000100110010010
000000000000000000000000000000000000000000000000100000001000100010010001
000000000000000000000000000000000000000000000000011111001000011110001111
000000000000000000000000000000000000000000000000011111001000100010010000
000000000000000000000000000000000000000000000000100000001000100010001111
000000000000000000000000000000000000000000000000011110011000010110001101
000000000000000000000000000000000000000000000000011110011000010110001100
000000000000000000000000000000000000000000000000011101101000001110001010
000000000000000000000000000000000000000000000000011101000111111110001000
000000000000000000000000000000000000000000000000011110001000001010000111
000000000000000000000000000000000000000000000000011110100111111110000110
000000000000000000000000000000000000000000000000011101110111111010000101
000000000000000000000000000000000000000000000000011010000110110001111001
000000000000000000000000000000000000000000000000001011000011101101001011
000000000000000000000000000000000000000000000000001110100100111101100010
000000000000000000000000000000000000000000000000001111010101011001101001
000000000000000000000000000000000000000000000000001111100101001101100110
000000000000000000000000000000000000000000000000010001110101001001100110
000000000000000000000000000000000000000000000000001111110100111101100010
000000000000000000000000000000000000000000000000001110110100101001100001
000000000000000000000000000000000000000000000000001100110100011101011100
000000000000000000000000000000000000000000000000001101000100100001011101
000000000000000000000000000000000000000000000000001100010101000001100101
000000000000000000000000000000000000000000000000001110100101001101101001
000000000000000000000000000000000000000000000000010000110101100101101111
000000000000000000000000000000000000000000000000010010110101110001110010
000000000000000000000000000000000000000000000000010001110101100101110000
000000000000000000000000000000000000000000000000010010110110000001110001
000000000000000000000000000000000000000000000000010011110110011001110101
000000000000000000000000000000000000000000000000010000000101101001101101
000000000000000000000000000000000000000000000000001100010100101101100011
000000000000000000000000000000000000000000000000001010000011010101001111
000000000000000000000000000000000000000000000000001101000100100001011110
000000000000000000000000000000000000000000000000001101110100111101100101
000000000000000000000000000000000000000000000000001111010101001101101101
000000000000000000000000000000000000000000000000010000110101011101101110
000000000000000000000000000000000000000000000000010000010101110001110001
000000000000000000000000000000000000000000000000010001110110000001110011
000000000000000000000000000000000000000000000000010010010110000101110100
000000000000000000000000000000000000000000000000010010000110001001110101
000000000000000000000000000000000000000000000000010011110110010101111010
000000000000000000000000000000000000000000000000010100000110100101111011
000000000000000000000000000000000000000000000000010100110111001110000010
000000000000000000000000000000000000000000000000001111110101011101101010
000000000000000000000000000000000000000000000000010111100110100001110010
000000000000000000000000000000000000000000000000100011001001010010011010
000000000000000000000000000000000000000000000000100010101001011010011101
000000000000000000000000000000000000000000000000100010101001100010011011
000000000000000000000000000000000000000000000000100010111001011110011101
000000000000000000000000000000000000000000000000100110111010100010100111
000000000000000000000000000000000000000000000000100101001001101110011101
000000000000000000000000000000000000000000000000100001011000110110001111
000000000000000000000000000000000000000000000000100011011001100010011101
000000000000000000000000000000000000000000000000100010011001011110011010
000000000000000000000000000000000000000000000000100010011001011010011100
000000000000000000000000000000000000000000000000100011011001011110011110
000000000000000000000000000000000000000000000000100011001001100110011110
000000000000000000000000000000000000000000000000101001011010110010101010
000000000000000000000000000000000000000000000000011001110111001001111010
000000000000000000000000000000000000000000000000100001101001010110011010
000000000000000000000000000000000000000000000000100011011001101010011111
000000000000000000000000000000000000000000000000100011101001101010011111
000000000000000000000000000000000000000000000000100011011001100110011110
000000000000000000000000000000000000000000000000100011101001101110011110
000000000000000000000000000000000000000000000000100011101001100110011101
000000000000000000000000000000000000000000000000100011111001100110011101
000000000000000000000000000000000000000000000000100011001001101010011100
000000000000000000000000000000000000000000000000100100011001100110011101
000000000000000000000000000000000000000000000000100010011001100010011101
000000000000000000000000000000000000000000000000100011101001100110011101
000000000000000000000000000000000000000000000000100011011001100110011101
000000000000000000000000000000000000000000000000100011101001100010011101
000000000000000000000000000000000000000000000000010110100110100001110100
000000000000000000000000000000000000000000000000010101000110000101101011
000000000000000000000000000000000000000000000000011110001000010110001110
000000000000000000000000000000000000000000000000011111001000011010001111
000000000000000000000000000000000000000000000000011111011000011110001111
000000000000000000000000000000000000000000000000011111111000011110010000
000000000000000000000000000000000000000000000000011110111000011110001111
000000000000000000000000000000000000000000000000011101011000011010001011
000000000000000000000000000000000000000000000000011110101000010110001011
000000000000000000000000000000000000000000000000011111001000010010001011
000000000000000000000000000000000000000000000000011101001000000010000111
000000000000000000000000000000000000000000000000011101000111111110000110
000000000000000000000000000000000000000000000000011101000111111010000110
000000000000000000000000000000000000000000000000011100000111110010000101
000000000000000000000000000000000000000000000000011011110111101110000011
000000000000000000000000000000000000000000000000010101110101101001100111
000000000000000000000000000000000000000000000000001010100011110001001111
000000000000000000000000000000000000000000000000001101100100111101100100
000000000000000000000000000000000000000000000000001111110101011101101010
000000000000000000000000000000000000000000000000010000100101000101100101
000000000000000000000000000000000000000000000000001111100101000001100101
000000000000000000000000000000000000000000000000010000000100111101100010
000000000000000000000000000000000000000000000000001100100100111101011111
000000000000000000000000000000000000000000000000001101010100100001011000
000000000000000000000000000000000000000000000000001101110100010101011010
000000000000000000000000000000000000000000000000001100110100100101100011
000000000000000000000000000000000000000000000000001111110101000001101010
000000000000000000000000000000000000000000000000001111100101101001101111
000000000000000000000000000000000000000000000000010010000101110001110100
000000000000000000000000000000000000000000000000001111110101011101101100
000000000000000000000000000000000000000000000000010011010110010001110111
000000000000000000000000000000000000000000000000010101100110110001111001
000000000000000000000000000000000000000000000000001111100101110101101111
000000000000000000000000000000000000000000000000001101000100111101100011
000000000000000000000000000000000000000000000000000111110011101001001111
000000000000000000000000000000000000000000000000001011000100100001011101
000000000000000000000000000000000000000000000000001111000100111101100101
000000000000000000000000000000000000000000000000001111110101001101101011
000000000000000000000000000000000000000000000000001111000101011101101101
000000000000000000000000000000000000000000000000010001010101101101110000
000000000000000000000000000000000000000000000000010010100101110001110010
000000000000000000000000000000000000000000000000010010010101111101110010
000000000000000000000000000000000000000000000000010011100110001101110110
000000000000000000000000000000000000000000000000010011000110010101111000
000000000000000000000000000000000000000000000000010011010110011001111010
000000000000000000000000000000000000000000000000010110010111011110000110
000000000000000000000000000000000000000000000000010000000101100101101011
000000000000000000000000000000000000000000000000010100000101110101100101
000000000000000000000000000000000000000000000000100010011001010010011010
000000000000000000000000000000000000000000000000100010011001010010011011
000000000000000000000000000000000000000000000000100001011001010110011001
000000000000000000000000000000000000000000000000100001111001011010011010
000000000000000000000000000000000000000000000000100010101001011110011011
000000000000000000000000000000000000000000000000100010011001011010011011
000000000000000000000000000000000000000000000000100010011001011010011100
000000000000000000000000000000000000000000000000100010111001010110011011
000000000000000000000000000000000000000000000000100010101001010010011101
000000000000000000000000000000000000000000000000100010101001010010011100
000000000000000000000000000000000000000000000000100010101001011110011101
000000000000000000000000000000000000000000000000100011011001010110011101
000000000000000000000000000000000000000000000000101001001010101010101001
000000000000000000000000000000000000000000000000011001110111001101111100
000000000000000000000000000000000000000000000000100001111001001110011011
000000000000000000000000000000000000000000000000100011001001100010011100
000000000000000000000000000000000000000000000000100011011001100110011110
000000000000000000000000000000000000000000000000100010101001101010011101
000000000000000000000000000000000000000000000000100010111001011010011011
000000000000000000000000000000000000000000000000100011101001100110100000
000000000000000000000000000000000000000000000000100010111001011110011101
000000000000000000000000000000000000000000000000100011101001100010011110
000000000000000000000000000000000000000000000000100011001001011110011100
000000000000000000000000000000000000000000000000100010011001011010011100
000000000000000000000000000000000000000000000000100010111001100010011011
000000000000000000000000000000000000000000000000100011101001011110011100
000000000000000000000000000000000000000000000000100011001001100110011101
000000000000000000000000000000000000000000000000011110000111111010000111
000000000000000000000000000000000000000000000000010101010101110001100101
000000000000000000000000000000000000000000000000011101011000001110001001
000000000000000000000000000000000000000000000000011110001000010110001101
000000000000000000000000000000000000000000000000011101011000011010001100
000000000000000000000000000000000000000000000000011100111000010110001011
000000000000000000000000000000000000000000000000011101011000010110001100
000000000000000000000000000000000000000000000000011110101000010010001100
000000000000000000000000000000000000000000000000011101101000001110001001
000000000000000000000000000000000000000000000000011101101000000010000111
000000000000000000000000000000000000000000000000011100100111110010000101
000000000000000000000000000000000000000000000000011100100111101110000101
000000000000000000000000000000000000000000000000011011000111101010000000
000000000000000000000000000000000000000000000000011011110111100110000010
000000000000000000000000000000000000000000000000011011000111011101111111
000000000000000000000000000000000000000000000000001111010011111101001011
000000000000000000000000000000000000000000000000001011110100000101001111
000000000000000000000000000000000000000000000000001111010101010001100110
000000000000000000000000000000000000000000000000010000110101011001101000
000000000000000000000000000000000000000000000000001111100101010001100101
000000000000000000000000000000000000000000000000001111010101000001100110
000000000000000000000000000000000000000000000000001111100100110101100010
000000000000000000000000000000000000000000000000001101000100101101011101
000000000000000000000000000000000000000000000000001110010100100001011101
000000000000000000000000000000000000000000000000001101010100011101011111
000000000000000000000000000000000000000000000000001101100100101001100010
000000000000000000000000000000000000000000000000010000110101011001101110
000000000000000000000000000000000000000000000000001111100101101101101101
000000000000000000000000000000000000000000000000010010010110001001110111
000000000000000000000000000000000000000000000000010001110110000101110110
000000000000000000000000000000000000000000000000010110110110110001111100
000000000000000000000000000000000000000000000000010110100111001110000010
000000000000000000000000000000000000000000000000010100000110000001110011
000000000000000000000000000000000000000000000000001110110100111101101001
000000000000000000000000000000000000000000000000001010000100001001011010
000000000000000000000000000000000000000000000000001010100100011101011111
000000000000000000000000000000000000000000000000001101010100111001100101
000000000000000000000000000000000000000000000000001110010101001101101010
000000000000000000000000000000000000000000000000010000000101011001101110
000000000000000000000000000000000000000000000000010001010101101001101111
000000000000000000000000000000000000000000000000010010010101110101110000
000000000000000000000000000000000000000000000000010010010110000001110011
000000000000000000000000000000000000000000000000010010100110001101110110
000000000000000000000000000000000000000000000000010100000110011001111000
000000000000000000000000000000000000000000000000010100010110011001111010
000000000000000000000000000000000000000000000000011000000111100110001001
000000000000000000000000000000000000000000000000010001100101110001110000
000000000000000000000000000000000000000000000000001111110100101001010101
000000000000000000000000000000000000000000000000011101001000011010001110
000000000000000000000000000000000000000000000000011110101000101010010001
000000000000000000000000000000000000000000000000011111111000011110010001
000000000000000000000000000000000000000000000000011110101000101110010001
000000000000000000000000000000000000000000000000011111101000101010010100
000000000000000000000000000000000000000000000000100000001000101110010010
000000000000000000000000000000000000000000000000011111111000101110010010
000000000000000000000000000000000000000000000000011111111000110010010011
000000000000000000000000000000000000000000000000011111011000101010010100
000000000000000000000000000000000000000000000000011110111000101110010010
000000000000000000000000000000000000000000000000100000001000111010010101
000000000000000000000000000000000000000000000000100000101000110110010110
000000000000000000000000000000000000000000000000100100111001111110100011
000000000000000000000000000000000000000000000000010111010110111101110110
000000000000000000000000000000000000000000000000011110011000100110010010
000000000000000000000000000000000000000000000000100000001000110110010011
000000000000000000000000000000000000000000000000011111111000110110010011
000000000000000000000000000000000000000000000000011111011000111010010101
000000000000000000000000000000000000000000000000011111011000101110010011
000000000000000000000000000000000000000000000000011111001000101110010010
000000000000000000000000000000000000000000000000100000001000101110010100
000000000000000000000000000000000000000000000000011111011000101110010100
000000000000000000000000000000000000000000000000011111101000101110010011
000000000000000000000000000000000000000000000000011111101000101110010010
000000000000000000000000000000000000000000000000011111001000110110010010
000000000000000000000000000000000000000000000000100000001000110010010011
000000000000000000000000000000000000000000000000100000001000110110010100
000000000000000000000000000000000000000000000000011111001000011010001110
000000000000000000000000000000000000000000000000010010100101000001011010
000000000000000000000000000000000000000000000000011010110111101010000110
000000000000000000000000000000000000000000000000011100010111110110000110
000000000000000000000000000000000000000000000000011011100111101010000110
000000000000000000000000000000000000000000000000011011000111111010000110
000000000000000000000000000000000000000000000000011010100111110010000100
000000000000000000000000000000000000000000000000011010100111101010000101
000000000000000000000000000000000000000000000000011010110111101010000011
000000000000000000000000000000000000000000000000011001110111011110000010
000000000000000000000000000000000000000000000000011000100111010001111101
000000000000000000000000000000000000000000000000011000010111010001111011
000000000000000000000000000000000000000000000000011010000110111001111011
000000000000000000000000000000000000000000000000011000110110110101111010
000000000000000000000000000000000000000000000000010101000110001101110000
000000000000000000000000000000000000000000000000001010110010100000110011
000000000000000000000000000000000000000000000000001011110100010101010100
000000000000000000000000000000000000000000000000001110010101010001100101
000000000000000000000000000000000000000000000000001111100101011101101000
000000000000000000000000000000000000000000000000010000010101001001100101
000000000000000000000000000000000000000000000000001111110101010001100101
000000000000000000000000000000000000000000000000001111000100101001100000
000000000000000000000000000000000000000000000000001011110100100001011101
000000000000000000000000000000000000000000000000001100010100100001011110
000000000000000000000000000000000000000000000000001010110100011001011010
000000000000000000000000000000000000000000000000001110000101011001101001
000000000000000000000000000000000000000000000000010000010101101101101100
000000000000000000000000000000000000000000000000010010110110001101110110
000000000000000000000000000000000000000000000000010010010110010001110101
000000000000000000000000000000000000000000000000010101000110100001111011
000000000000000000000000000000000000000000000000010110010110111101111110
000000000000000000000000000000000000000000000000011000010111001110000100
000000000000000000000000000000000000000000000000010011000110010101111000
000000000000000000000000000000000000000000000000001101000100110001100101
000000000000000000000000000000000000000000000000001011000100010001011010
000000000000000000000000000000000000000000000000001100100100000101011011
000000000000000000000000000000000000000000000000001111000100101001100100
000000000000000000000000000000000000000000000000001110000101000001100111
000000000000000000000000000000000000000000000000001110100101011001101100
000000000000000000000000000000000000000000000000010001100101011101101100
000000000000000000000000000000000000000000000000010001100101110101110000
000000000000000000000000000000000000000000000000010001110110001001110101
000000000000000000000000000000000000000000000000010011000101111101110100
000000000000000000000000000000000000000000000000010100000110011001111010
000000000000000000000000000000000000000000000000010010010110010101110111
000000000000000000000000000000000000000000000000011000010111011110000110
000000000000000000000000000000000000000000000000010001100110001001110010
000000000000000000000000000000000000000000000000001111100100111001011111
000000000000000000000000000000000000000000000000010001010101100101101001
000000000000000000000000000000000000000000000000010010100101101101101101
000000000000000000000000000000000000000000000000010001100101101101101011
000000000000000000000000000000000000000000000000010011010101111101110000
000000000000000000000000000000000000000000000000010101010101111101110000
000000000000000000000000000000000000000000000000010011000110000101110000
000000000000000000000000000000000000000000000000010011100110001101110000
000000000000000000000000000000000000000000000000010011100110010001110001
000000000000000000000000000000000000000000000000010011100110010001110010
000000000000000000000000000000000000000000000000010100100110001001110010
000000000000000000000000000000000000000000000000010100010110000101110001
000000000000000000000000000000000000000000000000010100100110010001110100
000000000000000000000000000000000000000000000000010110010110100101111010
000000000000000000000000000000000000000000000000001101100011110001000110
000000000000000000000000000000000000000000000000010101000101111001101100
000000000000000000000000000000000000000000000000010100100110000001110000
000000000000000000000000000000000000000000000000010101000101111101110000
000000000000000000000000000000000000000000000000010101010110000101101101
000000000000000000000000000000000000000000000000010010110101111001101010
000000000000000000000000000000000000000000000000010011100101111101101001
000000000000000000000000000000000000000000000000010011000101011101100101
000000000000000000000000000000000000000000000000010011110101101001100110
000000000000000000000000000000000000000000000000010100100101100101100101
000000000000000000000000000000000000000000000000010011100101011001011111
000000000000000000000000000000000000000000000000010011010101011001100000
000000000000000000000000000000000000000000000000010010110101010001100010
000000000000000000000000000000000000000000000000010011000101010001100010
000000000000000000000000000000000000000000000000001111010100010101001111
000000000000000000000000000000000000000000000000001010110010101100110100
000000000000000000000000000000000000000000000000010000000100110101011010
000000000000000000000000000000000000000000000000010000100100110101011010
000000000000000000000000000000000000000000000000010000100100101101011010
000000000000000000000000000000000000000000000000001111110100101001010111
000000000000000000000000000000000000000000000000010001100100100101011000
000000000000000000000000000000000000000000000000001111110100010101010001
000000000000000000000000000000000000000000000000001101110100000101001111
000000000000000000000000000000000000000000000000001110000011110101000111
000000000000000000000000000000000000000000000000001101110011110001001010
000000000000000000000000000000000000000000000000001101000011100101000110
000000000000000000000000000000000000000000000000001010000011001101000011
000000000000000000000000000000000000000000000000001011000010111100111001
000000000000000000000000000000000000000000000000001010100010010000110000
000000000000000000000000000000000000000000000000001000010001110100100100
000000000000000000000000000000000000000000000000001011110100010101010110
000000000000000000000000000000000000000000000000010000100101010001101100
000000000000000000000000000000000000000000000000010000000101011001101010
000000000000000000000000000000000000000000000000010000010101000101100101
000000000000000000000000000000000000000000000000001110110100111101100010
000000000000000000000000000000000000000000000000001110010100101001100001
000000000000000000000000000000000000000000000000001101000100101001011111
000000000000000000000000000000000000000000000000001101010100011101011101
000000000000000000000000000000000000000000000000001011100100010101011011
000000000000000000000000000000000000000000000000001111100101011101101111
000000000000000000000000000000000000000000000000010010100101110101110011
000000000000000000000000000000000000000000000000010011110110010001110111
000000000000000000000000000000000000000000000000010101010110011001111001
000000000000000000000000000000000000000000000000010111000110101101111100
000000000000000000000000000000000000000000000000010110000110111110000010
000000000000000000000000000000000000000000000000010111000111000001111111
000000000000000000000000000000000000000000000000010011010110101101111011
000000000000000000000000000000000000000000000000001101100100111001100110
000000000000000000000000000000000000000000000000001011010100100101100000
000000000000000000000000000000000000000000000000001010110011110101011001
000000000000000000000000000000000000000000000000001110010100101001100010
000000000000000000000000000000000000000000000000001110000101001101101001
000000000000000000000000000000000000000000000000010000100101011001101100
000000000000000000000000000000000000000000000000010011110101100001110000
000000000000000000000000000000000000000000000000010000110101101101101111
000000000000000000000000000000000000000000000000010001110101110101110000
000000000000000000000000000000000000000000000000010010110110000001110101
000000000000000000000000000000000000000000000000010001000110010101110011
000000000000000000000000000000000000000000000000010011100110001101110111
000000000000000000000000000000000000000000000000010110000110101101111111
000000000000000000000000000000000000000000000000010110110111001010000100
000000000000000000000000000000000000000000000000010101100111001110000001
000000000000000000000000000000000000000000000000011000100111101010001000
000000000000000000000000000000000000000000000000011000000111110010001010
000000000000000000000000000000000000000000000000011000010111110010001010
000000000000000000000000000000000000000000000000011000110111111110001101
000000000000000000000000000000000000000000000000011000110111110010001011
000000000000000000000000000000000000000000000000011001000111111110001111
000000000000000000000000000000000000000000000000011000110111111110001101
000000000000000000000000000000000000000000000000011000110111111010001100
000000000000000000000000000000000000000000000000011000110111111010001100
000000000000000000000000000000000000000000000000011001011000000110001111
000000000000000000000000000000000000000000000000011000010111111010010000
000000000000000000000000000000000000000000000000011010000111111110001110
000000000000000000000000000000000000000000000000011001011000000110010000
000000000000000000000000000000000000000000000000011010011000000110010000
000000000000000000000000000000000000000000000000011011011000000110010001
000000000000000000000000000000000000000000000000011010011000001110010010
000000000000000000000000000000000000000000000000011001111000000010010001
000000000000000000000000000000000000000000000000011011001000000010010000
000000000000000000000000000000000000000000000000011001101000001110010000
000000000000000000000000000000000000000000000000011010001000001110001110
000000000000000000000000000000000000000000000000011001000111101110001001
000000000000000000000000000000000000000000000000011001111000000110001110
000000000000000000000000000000000000000000000000011001101000010010001111
000000000000000000000000000000000000000000000000011000110111111010001101
000000000000000000000000000000000000000000000000011001111000001110001111
000000000000000000000000000000000000000000000000011001001000001110010001
000000000000000000000000000000000000000000000000011011011000000110010001
000000000000000000000000000000000000000000000000011010011000000110001111
000000000000000000000000000000000000000000000000011001000111111110001011
000000000000000000000000000000000000000000000000011010101000000110001110
000000000000000000000000000000000000000000000000011001100111111110001101
000000000000000000000000000000000000000000000000011000101000000010001100
000000000000000000000000000000000000000000000000011001000111111110001100
000000000000000000000000000000000000000000000000011001000111110010001000
000000000000000000000000000000000000000000000000011001110111101110001010
000000000000000000000000000000000000000000000000011000000111101010000111
000000000000000000000000000000000000000000000000010111000111010010000100
000000000000000000000000000000000000000000000000010110110111001110000001
000000000000000000000000000000000000000000000000010110100110111101111111
000000000000000000000000000000000000000000000000010101110110101101111011
000000000000000000000000000000000000000000000000010011000110011001110110
000000000000000000000000000000000000000000000000010001000101100001101010
000000000000000000000000000000000000000000000000001111100101011101101011
000000000000000000000000000000000000000000000000001110110100111101100101
000000000000000000000000000000000000000000000000010000110101001101101000
000000000000000000000000000000000000000000000000001111100101001001100110
000000000000000000000000000000000000000000000000001111110100110101100100
000000000000000000000000000000000000000000000000001110000100110101100010
000000000000000000000000000000000000000000000000001110010100101101011110
000000000000000000000000000000000000000000000000001100000100100001011111
000000000000000000000000000000000000000000000000001101110100010101011010
000000000000000000000000000000000000000000000000001011000100001101011010
000000000000000000000000000000000000000000000000010001010101101001110000
000000000000000000000000000000000000000000000000010001100101110101110100
000000000000000000000000000000000000000000000000010010100101111001110001
000000000000000000000000000000000000000000000000010011010110011101110111
000000000000000000000000000000000000000000000000010101000110111001111101
000000000000000000000000000000000000000000000000010101000111000110000011
000000000000000000000000000000000000000000000000010111000111001110000011
000000000000000000000000000000000000000000000000010110010111010010000001
000000000000000000000000000000000000000000000000001111010101001101101001
000000000000000000000000000000000000000000000000001110010100101101100101
000000000000000000000000000000000000000000000000001001000011101001010100
000000000000000000000000000000000000000000000000001101100100110001100100
000000000000000000000000000000000000000000000000001111000101001001100111
000000000000000000000000000000000000000000000000010000000101011101101100
000000000000000000000000000000000000000000000000001111110101100101101100
000000000000000000000000000000000000000000000000010001000101110001110001
000000000000000000000000000000000000000000000000010000110101101101110000
000000000000000000000000000000000000000000000000010001110101111001110010
000000000000000000000000000000000000000000000000010001100101111101110001
000000000000000000000000000000000000000000000000010011010110000101110100
000000000000000000000000000000000000000000000000010010100110001101110100
000000000000000000000000000000000000000000000000010100000110101101111011
000000000000000000000000000000000000000000000000010111100111001010000010
000000000000000000000000000000000000000000000000011000010111010110000110
000000000000000000000000000000000000000000000000010110110111011110000110
000000000000000000000000000000000000000000000000010110100111100010000110
000000000000000000000000000000000000000000000000010111000111011110001000
000000000000000000000000000000000000000000000000010111100111011110001011
000000000000000000000000000000000000000000000000011000100111010110001010
000000000000000000000000000000000000000000000000010111110111100110001001
000000000000000000000000000000000000000000000000011000010111100010001001
000000000000000000000000000000000000000000000000011000110111101010001010
000000000000000000000000000000000000000000000000011000000111100010001001
000000000000000000000000000000000000000000000000011001000111100110001110
000000000000000000000000000000000000000000000000011001000111101010001010
000000000000000000000000000000000000000000000000011000100111101110001100
000000000000000000000000000000000000000000000000011000100111110010001100
000000000000000000000000000000000000000000000000011001010111110010001101
000000000000000000000000000000000000000000000000011001101000000110010001
000000000000000000000000000000000000000000000000011000010111111010001101
000000000000000000000000000000000000000000000000010111110111111010001101
000000000000000000000000000000000000000000000000011001001000000010001110
000000000000000000000000000000000000000000000000011001101000000010001110
000000000000000000000000000000000000000000000000011000100111111010001100
000000000000000000000000000000000000000000000000011000111000000010001110
000000000000000000000000000000000000000000000000011000110111111010001100
000000000000000000000000000000000000000000000000011000110111101110001100
000000000000000000000000000000000000000000000000011000111000001010001111
000000000000000000000000000000000000000000000000011000111000001010001111
000000000000000000000000000000000000000000000000011000111000000010001111
000000000000000000000000000000000000000000000000011000110111110110001110
000000000000000000000000000000000000000000000000011000100111111110001111
000000000000000000000000000000000000000000000000011000110111111110001101
000000000000000000000000000000000000000000000000011010000111111110010000
000000000000000000000000000000000000000000000000011001001000001010001110
000000000000000000000000000000000000000000000000011001000111111110001110
000000000000000000000000000000000000000000000000011000100111110110001011
000000000000000000000000000000000000000000000000011000110111111010001011
000000000000000000000000000000000000000000000000010110100111101010001000
000000000000000000000000000000000000000000000000010111100111010010000101
000000000000000000000000000000000000000000000000010110000111001110000011
000000000000000000000000000000000000000000000000010111010111000110000001
000000000000000000000000000000000000000000000000010110010110111001111101
000000000000000000000000000000000000000000000000010100000110110001111011
000000000000000000000000000000000000000000000000010010110110000001110011
000000000000000000000000000000000000000000000000010000010101101101101011
000000000000000000000000000000000000000000000000010001000101010101101010
000000000000000000000000000000000000000000000000010000010101010001101000
000000000000000000000000000000000000000000000000001110110101000101100101
000000000000000000000000000000000000000000000000001110110100110101100010
000000000000000000000000000000000000000000000000001110010100110001100001
000000000000000000000000000000000000000000000000001101010100011101011101
000000000000000000000000000000000000000000000000001100010100011001011111
000000000000000000000000000000000000000000000000001011110100010001011011
000000000000000000000000000000000000000000000000001010100100001101011001
000000000000000000000000000000000000000000000000010010010110000001110011
000000000000000000000000000000000000000000000000010010100110001001110100
000000000000000000000000000000000000000000000000010100010110001101111001
000000000000000000000000000000000000000000000000010101000110110101111101
000000000000000000000000000000000000000000000000010101010110110110000000
000000000000000000000000000000000000000000000000010101100111010110000011
000000000000000000000000000000000000000000000000010110110111010110000100
000000000000000000000000000000000000000000000000011000110111011110000111
000000000000000000000000000000000000000000000000001111100101011101101100
000000000000000000000000000000000000000000000000001110110101001001100101
000000000000000000000000000000000000000000000000001010100011100101001111
000000000000000000000000000000000000000000000000001101010100111101100011
000000000000000000000000000000000000000000000000001110000101010001101000
000000000000000000000000000000000000000000000000001110100101100101101100
000000000000000000000000000000000000000000000000010001010101100001101011
000000000000000000000000000000000000000000000000010010010101101001110000
000000000000000000000000000000000000000000000000010010100101110001110000
000000000000000000000000000000000000000000000000010000110101111101110001
000000000000000000000000000000000000000000000000010000110110001001110000
000000000000000000000000000000000000000000000000010001100101111101110101
000000000000000000000000000000000000000000000000010001100110000001110011
000000000000000000000000000000000000000000000000010011000110000101110101
000000000000000000000000000000000000000000000000010010010110001001110110
000000000000000000000000000000000000000000000000010010100110001001110111
000000000000000000000000000000000000000000000000010001110110010101110010
000000000000000000000000000000000000000000000000010001110110000101110100
000000000000000000000000000000000000000000000000010010100110010001110111
000000000000000000000000000000000000000000000000010010100110001101111000
000000000000000000000000000000000000000000000000010011100110001001110111
000000000000000000000000000000000000000000000000010011000110010001110111
000000000000000000000000000000000000000000000000010010000110010001111000
000000000000000000000000000000000000000000000000010010010110000101111000
000000000000000000000000000000000000000000000000010010100110001101111000
000000000000000000000000000000000000000000000000010011100110001101110110
000000000000000000000000000000000000000000000000010010010110001101110110
000000000000000000000000000000000000000000000000010011110110011001111000
000000000000000000000000000000000000000000000000010011000110010101111010
000000000000000000000000000000000000000000000000010011000110001101111011
000000000000000000000000000000000000000000000000010100000110100101111100
000000000000000000000000000000000000000000000000010011010110011001111010
000000000000000000000000000000000000000000000000010100100110100101111011
000000000000000000000000000000000000000000000000010011100110010101111010
000000000000000000000000000000000000000000000000010011010110011001111010
000000000000000000000000000000000000000000000000010010100110011001111001
000000000000000000000000000000000000000000000000010011010110010001111001
000000000000000000000000000000000000000000000000010011110110100101111011
000000000000000000000000000000000000000000000000010100010110100101111100
000000000000000000000000000000000000000000000000010101000110100001111011
000000000000000000000000000000000000000000000000010011110110101101111010
000000000000000000000000000000000000000000000000010100100110100101111100
000000000000000000000000000000000000000000000000010100010110011101111011
000000000000000000000000000000000000000000000000010010110110011001111001
000000000000000000000000000000000000000000000000010010010110011001111010
000000000000000000000000000000000000000000000000010011000110010101111000
000000000000000000000000000000000000000000000000010011110110010101111001
000000000000000000000000000000000000000000000000010011100110010101111000
000000000000000000000000000000000000000000000000010100110110010101111001
000000000000000000000000000000000000000000000000010010010110011001111000
000000000000000000000000000000000000000000000000010010100110010101110100
000000000000000000000000000000000000000000000000010010010110001001110101
000000000000000000000000000000000000000000000000010000100101101101101101
000000000000000000000000000000000000000000000000010001100101100001101101
000000000000000000000000000000000000000000000000001111100101010101101001
000000000000000000000000000000000000000000000000010001010101010101101001
000000000000000000000000000000000000000000000000001111010101010101101001
000000000000000000000000000000000000000000000000001111110101001101100110
000000000000000000000000000000000000000000000000001111110101000101100101
000000000000000000000000000000000000000000000000001110010101000101100101
000000000000000000000000000000000000000000000000001110000100111001100010
000000000000000000000000000000000000000000000000001101000100101001011101
000000000000000000000000000000000000000000000000001110000100100101011110
000000000000000000000000000000000000000000000000001101110100010001011111
000000000000000000000000000000000000000000000000001101110100010001011000
000000000000000000000000000000000000000000000000001100100100010001011000
000000000000000000000000000000000000000000000000001100000100000101010111
000000000000000000000000000000000000000000000000010001100101111101110010
000000000000000000000000000000000000000000000000010100000110011101111000
000000000000000000000000000000000000000000000000010100010110100101111100
000000000000000000000000000000000000000000000000010101010110111001111101
000000000000000000000000000000000000000000000000010110110111000010000001
000000000000000000000000000000000000000000000000010111000111010110000101
000000000000000000000000000000000000000000000000011000010111101110001000
000000000000000000000000000000000000000000000000011001000111011010000111
000000000000000000000000000000000000000000000000010001110101101001110000
000000000000000000000000000000000000000000000000001110110101000101100110
000000000000000000000000000000000000000000000000001001000011100001010000
000000000000000000000000000000000000000000000000001110100100111101100110
000000000000000000000000000000000000000000000000001111000101001001101000
000000000000000000000000000000000000000000000000010001010101011101101011
000000000000000000000000000000000000000000000000010001100101101101101111
000000000000000000000000000000000000000000000000010010100101101001101111
000000000000000000000000000000000000000000000000010010000101101101110000
000000000000000000000000000000000000000000000000010000110101101001110000
000000000000000000000000000000000000000000000000010011010101101001110001
000000000000000000000000000000000000000000000000010001010101110101110001
000000000000000000000000000000000000000000000000010001110101110101110010
000000000000000000000000000000000000000000000000010010000101101101110000
000000000000000000000000000000000000000000000000010000110101111001110000
000000000000000000000000000000000000000000000000010001100101110101110010
000000000000000000000000000000000000000000000000010001010101110101110001
000000000000000000000000000000000000000000000000010000100110000001110011
000000000000000000000000000000000000000000000000010001010101111001110001
000000000000000000000000000000000000000000000000010010010110000101110101
000000000000000000000000000000000000000000000000010000110110000101110000
000000000000000000000000000000000000000000000000010001000110000101110111
000000000000000000000000000000000000000000000000010001100110000101110101
000000000000000000000000000000000000000000000000010001100110000001110101
000000000000000000000000000000000000000000000000010010000110000001110100
000000000000000000000000000000000000000000000000010001110110000001110111
000000000000000000000000000000000000000000000000010001110110000101110010
000000000000000000000000000000000000000000000000010001110101111101110011
000000000000000000000000000000000000000000000000010000100101110001110100
000000000000000000000000000000000000000000000000010001100101110101110101
000000000000000000000000000000000000000000000000010011100101111001110110
000000000000000000000000000000000000000000000000010011110110010101111010
000000000000000000000000000000000000000000000000010011010110001101110111
000000000000000000000000000000000000000000000000010010010110000001110101
000000000000000000000000000000000000000000000000010010010110001001110111
000000000000000000000000000000000000000000000000010011000110010001111001
000000000000000000000000000000000000000000000000010010010110000101111000
000000000000000000000000000000000000000000000000010010100110011001111001
000000000000000000000000000000000000000000000000010011000110010001110110
000000000000000000000000000000000000000000000000010010100110001101110110
000000000000000000000000000000000000000000000000010010110110011001110111
000000000000000000000000000000000000000000000000010001110110000001110100
000000000000000000000000000000000000000000000000010011100110000001110110
000000000000000000000000000000000000000000000000010010000110001001110110
000000000000000000000000000000000000000000000000010001000101111001110001
000000000000000000000000000000000000000000000000010010100110001001111000
000000000000000000000000000000000000000000000000010010000101111001110010
000000000000000000000000000000000000000000000000010010100101111001110011
000000000000000000000000000000000000000000000000010001110101110101110001
000000000000000000000000000000000000000000000000010010010101110101110100
000000000000000000000000000000000000000000000000010000110101101101110001
000000000000000000000000000000000000000000000000010001000101100101110010
000000000000000000000000000000000000000000000000010001010101011101101110
000000000000000000000000000000000000000000000000001111100101010101101010
000000000000000000000000000000000000000000000000001111000101001101100110
000000000000000000000000000000000000000000000000001111100101000001100110
000000000000000000000000000000000000000000000000001110100101011001100101
000000000000000000000000000000000000000000000000010000000100111101100011
000000000000000000000000000000000000000000000000010000000100111101100101
000000000000000000000000000000000000000000000000001111010100110001100010
000000000000000000000000000000000000000000000000001110110100101101100001
000000000000000000000000000000000000000000000000001110100100100101100000
000000000000000000000000000000000000000000000000001101000100011101011100
000000000000000000000000000000000000000000000000001101000100010101011101
000000000000000000000000000000000000000000000000001110010100010101011000
000000000000000000000000000000000000000000000000001011010100010001011001
000000000000000000000000000000000000000000000000001011000100000001010111
000000000000000000000000000000000000000000000000010100100110011001110110
000000000000000000000000000000000000000000000000010101010110100101111010
000000000000000000000000000000000000000000000000010101010110111101111101
000000000000000000000000000000000000000000000000010101100111001010000000
000000000000000000000000000000000000000000000000010111000111011110000101
000000000000000000000000000000000000000000000000011000000111100110000111
000000000000000000000000000000000000000000000000011010010111111110001001
000000000000000000000000000000000000000000000000011000100111101110000110
000000000000000000000000000000000000000000000000010011100110000101110100
000000000000000000000000000000000000000000000000001100010100110001011111
000000000000000000000000000000000000000000000000001000110011101101010010
000000000000000000000000000000000000000000000000001101010101000101100001
000000000000000000000000000000000000000000000000001111100101001001100110
000000000000000000000000000000000000000000000000010001010101100001101110
000000000000000000000000000000000000000000000000010001010101101101101111
000000000000000000000000000000000000000000000000010000010101100101101110
000000000000000000000000000000000000000000000000010000010101101101101101
000000000000000000000000000000000000000000000000010000100101101001110010
000000000000000000000000000000000000000000000000010001010101100101101100
000000000000000000000000000000000000000000000000010000110101100101101110
000000000000000000000000000000000000000000000000001111110101100001101011
000000000000000000000000000000000000000000000000010001000101011101101011
000000000000000000000000000000000000000000000000001111100101110001101100
000000000000000000000000000000000000000000000000010001010101011001101001
000000000000000000000000000000000000000000000000010000010101100001101110
000000000000000000000000000000000000000000000000001111000101100001101011
000000000000000000000000000000000000000000000000010001000101101001110000
000000000000000000000000000000000000000000000000010001010101101001110000
000000000000000000000000000000000000000000000000010000010101011101101110
000000000000000000000000000000000000000000000000010001010101101101110000
000000000000000000000000000000000000000000000000010000010101100101110000
000000000000000000000000000000000000000000000000010001110101101101110010
000000000000000000000000000000000000000000000000010001000101100101110000
000000000000000000000000000000000000000000000000010010010101101001110101
000000000000000000000000000000000000000000000000010001110101101101101110
000000000000000000000000000000000000000000000000001111110101101001110001
000000000000000000000000000000000000000000000000010001000101100001110000
000000000000000000000000000000000000000000000000010001000101100001101111
000000000000000000000000000000000000000000000000001111100101100101101100
000000000000000000000000000000000000000000000000010010000101101001110000
000000000000000000000000000000000000000000000000010000000101100101110000
000000000000000000000000000000000000000000000000001111100101101001101101
000000000000000000000000000000000000000000000000010001000101101001101110
000000000000000000000000000000000000000000000000010001010101101001110000
000000000000000000000000000000000000000000000000010001100101101001101011
000000000000000000000000000000000000000000000000010001100101100101101111
000000000000000000000000000000000000000000000000010010100101100101110000
000000000000000000000000000000000000000000000000010010000101101101101110
000000000000000000000000000000000000000000000000010001100101101001110000
000000000000000000000000000000000000000000000000001111010101110001110001
000000000000000000000000000000000000000000000000010001110101100101110000
000000000000000000000000000000000000000000000000010000010101110001110000
000000000000000000000000000000000000000000000000001111110101101101101110
000000000000000000000000000000000000000000000000010010100101101101110100
000000000000000000000000000000000000000000000000010001000101101101110011
000000000000000000000000000000000000000000000000010000100101100101110000
000000000000000000000000000000000000000000000000010000110101011101110000
000000000000000000000000000000000000000000000000001111110101011101101100
000000000000000000000000000000000000000000000000010001000101010101101010
000000000000000000000000000000000000000000000000010000110101011101101011
000000000000000000000000000000000000000000000000010000000101011001101010
000000000000000000000000000000000000000000000000001111000101000101100101
000000000000000000000000000000000000000000000000001110010100111101100100
000000000000000000000000000000000000000000000000001110000100111001100100
000000000000000000000000000000000000000000000000001110010100111001100000
000000000000000000000000000000000000000000000000001111010101000101100101
000000000000000000000000000000000000000000000000001101110101000101100101
000000000000000000000000000000000000000000000000001110100100111001100011
000000000000000000000000000000000000000000000000001110010100100001100010
000000000000000000000000000000000000000000000000001100100100011001011011
000000000000000000000000000000000000000000000000001101000100001101011010
000000000000000000000000000000000000000000000000001010110100010001011001
000000000000000000000000000000000000000000000000001011110100001101011001
000000000000000000000000000000000000000000000000001011100100001001010101
000000000000000000000000000000000000000000000000001011100011110101010011
000000000000000000000000000000000000000000000000010110100110101001111011
000000000000000000000000000000000000000000000000010110110111000110000000
000000000000000000000000000000000000000000000000010111010111010010000100
000000000000000000000000000000000000000000000000010111110111011110000110
000000000000000000000000000000000000000000000000010111110111110110001001
000000000000000000000000000000000000000000000000011000110111100110001000
000000000000000000000000000000000000000000000000011000110111110110001010
000000000000000000000000000000000000000000000000011000110111110010001010
000000000000000000000000000000000000000000000000010100010110101101111011
000000000000000000000000000000000000000000000000001101110100101101100101
000000000000000000000000000000000000000000000000001011110100001101011010
000000000000000000000000000000000000000000000000001111010100110101100011
000000000000000000000000000000000000000000000000010000010101010101101010
000000000000000000000000000000000000000000000000001111000101101101101011
000000000000000000000000000000000000000000000000001111110101100001101100
000000000000000000000000000000000000000000000000010001000101011101101110
000000000000000000000000000000000000000000000000001111100101011101101110
000000000000000000000000000000000000000000000000001111110101010001101101
000000000000000000000000000000000000000000000000001111010101010001100111
000000000000000000000000000000000000000000000000001111100101010101101010
000000000000000000000000000000000000000000000000001110100101010001100111
000000000000000000000000000000000000000000000000001111000101010001101001
000000000000000000000000000000000000000000000000001110010101011101100111
000000000000000000000000000000000000000000000000001111100101010101101010
000000000000000000000000000000000000000000000000010000110101011001101100
000000000000000000000000000000000000000000000000001111110101011001101010
000000000000000000000000000000000000000000000000001110110101011101101011
000000000000000000000000000000000000000000000000001110110101010101101000
000000000000000000000000000000000000000000000000010001100101011001101100
000000000000000000000000000000000000000000000000010001110101010101101100
000000000000000000000000000000000000000000000000010000000101011001101011
000000000000000000000000000000000000000000000000010000110101100001101010
000000000000000000000000000000000000000000000000001111110101011101101110
000000000000000000000000000000000000000000000000010000100101011101101101
000000000000000000000000000000000000000000000000010000110101100101101110
000000000000000000000000000000000000000000000000010000000101011101101001
000000000000000000000000000000000000000000000000001111100101011001101010
000000000000000000000000000000000000000000000000010000010101011001101011
000000000000000000000000000000000000000000000000010000110101011001101011
000000000000000000000000000000000000000000000000010001010101010001101010
000000000000000000000000000000000000000000000000010000110101011101101101
000000000000000000000000000000000000000000000000001111010101011101101010
000000000000000000000000000000000000000000000000010000100101011001101101
000000000000000000000000000000000000000000000000001111110101011101101010
000000000000000000000000000000000000000000000000001111100101010001101010
000000000000000000000000000000000000000000000000001111100101011001101100
000000000000000000000000000000000000000000000000010001010101100001101011
000000000000000000000000000000000000000000000000010001100101011101101100
000000000000000000000000000000000000000000000000010000110101011101101100
000000000000000000000000000000000000000000000000001111000101011101101100
000000000000000000000000000000000000000000000000001111010101011001101001
000000000000000000000000000000000000000000000000010000000101011101101001
000000000000000000000000000000000000000000000000010000010101011101101000
000000000000000000000000000000000000000000000000010000110101001101101001
000000000000000000000000000000000000000000000000001111010101011001101001
000000000000000000000000000000000000000000000000010000100101010101101100
000000000000000000000000000000000000000000000000001111100101001101101000
000000000000000000000000000000000000000000000000001110110101001001100111
000000000000000000000000000000000000000000000000010000100101000001101000
000000000000000000000000000000000000000000000000001110010100111001100101
000000000000000000000000000000000000000000000000001110010100101101100011
000000000000000000000000000000000000000000000000001110100100101101100100
000000000000000000000000000000000000000000000000001110110100101101100000
000000000000000000000000000000000000000000000000001101010100100001011101
000000000000000000000000000000000000000000000000001101000100100001011101
000000000000000000000000000000000000000000000000001101010100101101011100
000000000000000000000000000000000000000000000000001011110100100001011010
000000000000000000000000000000000000000000000000001011010100011001011101
000000000000000000000000000000000000000000000000001101100100011101011011
000000000000000000000000000000000000000000000000001101110100010101011010
000000000000000000000000000000000000000000000000001110010100100001011101
000000000000000000000000000000000000000000000000001101110100011001011010
000000000000000000000000000000000000000000000000001101110100011101011010
000000000000000000000000000000000000000000000000001101000100010001011000
000000000000000000000000000000000000000000000000001101000100010001010111
000000000000000000000000000000000000000000000000010111110111000010000000
000000000000000000000000000000000000000000000000010111100111010010000011
000000000000000000000000000000000000000000000000010111010111011010000101
000000000000000000000000000000000000000000000000010110110111001110000100
000000000000000000000000000000000000000000000000010111100111100110000111
000000000000000000000000000000000000000000000000011010110111101110001010
000000000000000000000000000000000000000000000000011010000111111010001011
000000000000000000000000000000000000000000000000011001111000001110001100
000000000000000000000000000000000000000000000000011000010111010010000110
000000000000000000000000000000000000000000000000001100110100101101100011
000000000000000000000000000000000000000000000000001110000100110001100001
000000000000000000000000000000000000000000000000001100000100100001011110
000000000000000000000000000000000000000000000000010000010101001101101001
000000000000000000000000000000000000000000000000001110100101100001100110
000000000000000000000000000000000000000000000000010000000101100001101011
000000000000000000000000000000000000000000000000001110110101010101101000
000000000000000000000000000000000000000000000000001110000101000101100110
000000000000000000000000000000000000000000000000010000000101000001101001
000000000000000000000000000000000000000000000000001110110101000101100101
000000000000000000000000000000000000000000000000001110100100111001100011
000000000000000000000000000000000000000000000000001101010100111101100010
000000000000000000000000000000000000000000000000001111100101000001100110
000000000000000000000000000000000000000000000000001110110101000001100101
000000000000000000000000000000000000000000000000001110100101000101100110
000000000000000000000000000000000000000000000000001101100101001001101001
000000000000000000000000000000000000000000000000001110010101001101100111
000000000000000000000000000000000000000000000000001110110100110001100101
000000000000000000000000000000000000000000000000001110010101000001100100
000000000000000000000000000000000000000000000000001111000101000101100110
000000000000000000000000000000000000000000000000001111010101000001100101
000000000000000000000000000000000000000000000000010000010101001001101001
000000000000000000000000000000000000000000000000010000100101001101101011
000000000000000000000000000000000000000000000000001110000101001001100101
000000000000000000000000000000000000000000000000001111000101000101101010
000000000000000000000000000000000000000000000000001110100101000101101000
000000000000000000000000000000000000000000000000001110100101001101101010
000000000000000000000000000000000000000000000000010000100100111101100111
000000000000000000000000000000000000000000000000001110110101000001100111
000000000000000000000000000000000000000000000000001110010101001101100101
000000000000000000000000000000000000000000000000001111010101010001101000
000000000000000000000000000000000000000000000000001111110100111101100111
000000000000000000000000000000000000000000000000001111110101000001100011
000000000000000000000000000000000000000000000000001111010101000101100111
000000000000000000000000000000000000000000000000001111010101001101100111
000000000000000000000000000000000000000000000000001111010101010001101010
000000000000000000000000000000000000000000000000001101110101010001100101
000000000000000000000000000000000000000000000000001110100101001001100101
000000000000000000000000000000000000000000000000010000000100111101101001
000000000000000000000000000000000000000000000000001110100101010101100111
000000000000000000000000000000000000000000000000001110110101000101100110
000000000000000000000000000000000000000000000000010000000101001001100111
000000000000000000000000000000000000000000000000001110000101001001100101
000000000000000000000000000000000000000000000000001110110101001001100101
000000000000000000000000000000000000000000000000001110110100111101100110
000000000000000000000000000000000000000000000000001111100101000001100101
000000000000000000000000000000000000000000000000001110010101000101100111
000000000000000000000000000000000000000000000000001101110100111001100011
000000000000000000000000000000000000000000000000001111000100111101100001
000000000000000000000000000000000000000000000000001111010100110001011111
000000000000000000000000000000000000000000000000001100010100101001011100
000000000000000000000000000000000000000000000000001110000100100001011111
000000000000000000000000000000000000000000000000001101000100011101011011
000000000000000000000000000000000000000000000000001100000100011001011000
000000000000000000000000000000000000000000000000001101100100010101011001
000000000000000000000000000000000000000000000000001100000100001001011011
000000000000000000000000000000000000000000000000001100110100011001011101
000000000000000000000000000000000000000000000000001100010100011101011011
000000000000000000000000000000000000000000000000001110010100001101011010
000000000000000000000000000000000000000000000000001101000100000001010111
000000000000000000000000000000000000000000000000001100000011111101010100
000000000000000000000000000000000000000000000000001100100100001001010111
000000000000000000000000000000000000000000000000001011000011111101010001
000000000000000000000000000000000000000000000000001100110100010001010111
000000000000000000000000000000000000000000000000001011110100100101011010
000000000000000000000000000000000000000000000000001110000100101001011101
000000000000000000000000000000000000000000000000010111010111000101111111
000000000000000000000000000000000000000000000000011000000111100010000111
000000000000000000000000000000000000000000000000010111110111010110000100
000000000000000000000000000000000000000000000000011001110111101110001001
000000000000000000000000000000000000000000000000011001011000000110001011
000000000000000000000000000000000000000000000000011010111000001010001101
000000000000000000000000000000000000000000000000011010111000000010001111
000000000000000000000000000000000000000000000000011001100111110010001001
000000000000000000000000000000000000000000000000011000110111011110000110
000000000000000000000000000000000000000000000000010000100101101101101111
000000000000000000000000000000000000000000000000010001100101010101101011
000000000000000000000000000000000000000000000000001101100100100001100001
000000000000000000000000000000000000000000000000001110110100111101100101
000000000000000000000000000000000000000000000000001111100101010101101010
000000000000000000000000000000000000000000000000001110100101000101100110
000000000000000000000000000000000000000000000000001110100101001001100110
000000000000000000000000000000000000000000000000001110010100111001100010
000000000000000000000000000000000000000000000000010000000100110101100110
000000000000000000000000000000000000000000000000001110100100101101100001
000000000000000000000000000000000000000000000000001110010100110001100001
000000000000000000000000000000000000000000000000001101010100101101100001
000000000000000000000000000000000000000000000000001100010100100101011110
000000000000000000000000000000000000000000000000001101100100100001100001
000000000000000000000000000000000000000000000000001111110100110001100101
000000000000000000000000000000000000000000000000001101000100100101100000
000000000000000000000000000000000000000000000000001101110100111101100011
000000000000000000000000000000000000000000000000001110110100110001100011
000000000000000000000000000000000000000000000000001110010100110101100100
000000000000000000000000000000000000000000000000001110010100101101100011
000000000000000000000000000000000000000000000000001110110100111101100101
000000000000000000000000000000000000000000000000001110010100111101100101
000000000000000000000000000000000000000000000000001101110100110101100010
000000000000000000000000000000000000000000000000001101100100110001100011
000000000000000000000000000000000000000000000000001101110100101101011111
000000000000000000000000000000000000000000000000001111010100110101100101
000000000000000000000000000000000000000000000000001111100100111001100101
000000000000000000000000000000000000000000000000001101010100101001100001
000000000000000000000000000000000000000000000000001110100100110101100010
000000000000000000000000000000000000000000000000001101100100110101100011
000000000000000000000000000000000000000000000000001111010100110001100101
000000000000000000000000000000000000000000000000001110000100110101100011
000000000000000000000000000000000000000000000000001110010100110101100011
000000000000000000000000000000000000000000000000001101100100101101100001
000000000000000000000000000000000000000000000000001111100100110101100000
000000000000000000000000000000000000000000000000001111010100110101100011
000000000000000000000000000000000000000000000000001110100101000001100011
000000000000000000000000000000000000000000000000001111010100110001100100
000000000000000000000000000000000000000000000000001111110100110101100011
000000000000000000000000000000000000000000000000001110010101000001100010
000000000000000000000000000000000000000000000000001110100100111001100101
000000000000000000000000000000000000000000000000001110000100110001100001
000000000000000000000000000000000000000000000000001111100100110001100011
000000000000000000000000000000000000000000000000001110010100101101100100
000000000000000000000000000000000000000000000000001110010100110001100010
000000000000000000000000000000000000000000000000001110110100101101100000
000000000000000000000000000000000000000000000000001110010100100101011101
000000000000000000000000000000000000000000000000001110010100100001100001
000000000000000000000000000000000000000000000000001101000100100001011100
000000000000000000000000000000000000000000000000001111000100011101100000
000000000000000000000000000000000000000000000000001101110100011001011011
000000000000000000000000000000000000000000000000001100100100010101011011
000000000000000000000000000000000000000000000000001100100100000101010111
000000000000000000000000000000000000000000000000001101000100001101011010
000000000000000000000000000000000000000000000000001100110100000101011010
000000000000000000000000000000000000000000000000001101000100000101010100
000000000000000000000000000000000000000000000000001110000100001001010111
000000000000000000000000000000000000000000000000001100110100001001011010
000000000000000000000000000000000000000000000000001110010100000001010111
000000000000000000000000000000000000000000000000001110000100000101010111
000000000000000000000000000000000000000000000000001101010011111001010100
000000000000000000000000000000000000000000000000001100110011110101010010
000000000000000000000000000000000000000000000000001011100011101101010111
000000000000000000000000000000000000000000000000001011100011111001010100
000000000000000000000000000000000000000000000000001011010011111001010101
000000000000000000000000000000000000000000000000001100100100101001011010
000000000000000000000000000000000000000000000000011001010111011010000101
000000000000000000000000000000000000000000000000011010100111111110001010
000000000000000000000000000000000000000000000000011000100111111010001010
000000000000000000000000000000000000000000000000011000110111101110001010
000000000000000000000000000000000000000000000000011001010111110110001010
000000000000000000000000000000000000000000000000011010111000000110001110
000000000000000000000000000000000000000000000000011010111000001010001101
000000000000000000000000000000000000000000000000011001001000000010001011
000000000000000000000000000000000000000000000000011010000111111110001010
000000000000000000000000000000000000000000000000010111010111000110000000
000000000000000000000000000000000000000000000000010010000101110101101111
000000000000000000000000000000000000000000000000010001100101011101101011
000000000000000000000000000000000000000000000000001101100100110101100011
000000000000000000000000000000000000000000000000001100010100010101100000
000000000000000000000000000000000000000000000000001110000100001101011101
000000000000000000000000000000000000000000000000001010110100010001011000
000000000000000000000000000000000000000000000000001010110100001101011001
000000000000000000000000000000000000000000000000001100110100001001011010
000000000000000000000000000000000000000000000000001010100011111101011001
000000000000000000000000000000000000000000000000001010010011111001011000
000000000000000000000000000000000000000000000000001011100100000001011010
000000000000000000000000000000000000000000000000001011010100001101011010
000000000000000000000000000000000000000000000000001100100100001001011000
000000000000000000000000000000000000000000000000001010110100000101011010
000000000000000000000000000000000000000000000000001011100100010101011011
000000000000000000000000000000000000000000000000001010110100001101011010
000000000000000000000000000000000000000000000000001100000100001101011110
000000000000000000000000000000000000000000000000001110000100010001100000
000000000000000000000000000000000000000000000000001010110100100001011011
000000000000000000000000000000000000000000000000001011010100011001011100
000000000000000000000000000000000000000000000000001101000100011101011101
000000000000000000000000000000000000000000000000001100110100010101011101
000000000000000000000000000000000000000000000000001111000100100001100010
000000000000000000000000000000000000000000000000001101010100011001011110
000000000000000000000000000000000000000000000000001011100100001101011110
000000000000000000000000000000000000000000000000001011000100010101011011
000000000000000000000000000000000000000000000000001011010100010001011110
000000000000000000000000000000000000000000000000001100100100100101011111
000000000000000000000000000000000000000000000000001011110100011101011011
000000000000000000000000000000000000000000000000001110010100100001011111
000000000000000000000000000000000000000000000000001101010100011001100001
000000000000000000000000000000000000000000000000001101010100100001100000
000000000000000000000000000000000000000000000000001011010100100001011100
000000000000000000000000000000000000000000000000001101000100101101011101
000000000000000000000000000000000000000000000000001101000100101101011110
000000000000000000000000000000000000000000000000001101100100100001011101
000000000000000000000000000000000000000000000000001110010100100001100001
000000000000000000000000000000000000000000000000001110010100100101100000
000000000000000000000000000000000000000000000000001101110100101001011111
000000000000000000000000000000000000000000000000001100110100100001011110
000000000000000000000000000000000000000000000000001100010100100001011100
000000000000000000000000000000000000000000000000001101000100011101011100
000000000000000000000000000000000000000000000000001101000100010101011101
000000000000000000000000000000000000000000000000001101110100100001011011
000000000000000000000000000000000000000000000000001101010100010001011010
000000000000000000000000000000000000000000000000001100100100010101011100
000000000000000000000000000000000000000000000000001100100100010001011011
000000000000000000000000000000000000000000000000001010110100010101011010
000000000000000000000000000000000000000000000000001100100100000101011010
000000000000000000000000000000000000000000000000001011100100000101011000
000000000000000000000000000000000000000000000000001100100100001001011001
000000000000000000000000000000000000000000000000001010110100000001010001
000000000000000000000000000000000000000000000000001011010011110001010011
000000000000000000000000000000000000000000000000001010110011101101010000
000000000000000000000000000000000000000000000000001100100011110101010111
000000000000000000000000000000000000000000000000001011010011110001001111
000000000000000000000000000000000000000000000000001100000011111001010111
000000000000000000000000000000000000000000000000001101100100001101010111
000000000000000000000000000000000000000000000000001110000100010001011000
000000000000000000000000000000000000000000000000001100000100000101010101
000000000000000000000000000000000000000000000000001101110011111001010001
000000000000000000000000000000000000000000000000001011010011101101010011
000000000000000000000000000000000000000000000000001011000011101101010010
000000000000000000000000000000000000000000000000001011010011101001001101
000000000000000000000000000000000000000000000000001011000011110001010010
000000000000000000000000000000000000000000000000010111110111010110000100
000000000000000000000000000000000000000000000000011011100111111110001011
000000000000000000000000000000000000000000000000011010101000000110001011
000000000000000000000000000000000000000000000000011010001000000110001110
000000000000000000000000000000000000000000000000011001111000001010001100
000000000000000000000000000000000000000000000000011010111000001010010000
000000000000000000000000000000000000000000000000011001111000000110001101
000000000000000000000000000000000000000000000000011011011000010010001110
000000000000000000000000000000000000000000000000011100101000010110001111
000000000000000000000000000000000000000000000000011010101000010010001100
000000000000000000000000000000000000000000000000010111100111010110000001
000000000000000000000000000000000000000000000000010011100110011101110111
000000000000000000000000000000000000000000000000010001010101110001101100
000000000000000000000000000000000000000000000000010001110101011101101100
000000000000000000000000000000000000000000000000010001100101011001101100
000000000000000000000000000000000000000000000000010000000101000001100111
000000000000000000000000000000000000000000000000001111000101000001100101
000000000000000000000000000000000000000000000000001111010100110001100011
000000000000000000000000000000000000000000000000001100110100110001011110
000000000000000000000000000000000000000000000000001100010100100101100101
000000000000000000000000000000000000000000000000001011110100011001100000
000000000000000000000000000000000000000000000000001011010100010101011110
000000000000000000000000000000000000000000000000001011100100010001011110
000000000000000000000000000000000000000000000000001100010100011001011110
000000000000000000000000000000000000000000000000001100000100100001011110
000000000000000000000000000000000000000000000000001100110100100001011111
000000000000000000000000000000000000000000000000001110100100101001100100
000000000000000000000000000000000000000000000000001110010100101101100101
000000000000000000000000000000000000000000000000001111100100101101100101
000000000000000000000000000000000000000000000000001010110100110001100100
000000000000000000000000000000000000000000000000001101000100101001100100
000000000000000000000000000000000000000000000000001100010100011001011011
000000000000000000000000000000000000000000000000001100000100100001011111
000000000000000000000000000000000000000000000000001100010100010101011110
000000000000000000000000000000000000000000000000001010110100010101011100
000000000000000000000000000000000000000000000000001011100100000101011010
000000000000000000000000000000000000000000000000001100000100011001011111
000000000000000000000000000000000000000000000000001011010100010001011101
000000000000000000000000000000000000000000000000001011010100011001011110
000000000000000000000000000000000000000000000000001101010100010001011110
000000000000000000000000000000000000000000000000001010110100010001011101
000000000000000000000000000000000000000000000000001010110100001101011101
000000000000000000000000000000000000000000000000001010110011111101011001
000000000000000000000000000000000000000000000000001011110100000101010111
000000000000000000000000000000000000000000000000001101000100001101011100
000000000000000000000000000000000000000000000000001100000100001101011110
000000000000000000000000000000000000000000000000001100110100001001011100
000000000000000000000000000000000000000000000000001010000011111101011001
000000000000000000000000000000000000000000000000001010110100001101011100
000000000000000000000000000000000000000000000000001001110011110101010110
000000000000000000000000000000000000000000000000001001010011110001010001
000000000000000000000000000000000000000000000000001010100011011101010100
000000000000000000000000000000000000000000000000001001010011011001010010
000000000000000000000000000000000000000000000000001010000011100001010100
000000000000000000000000000000000000000000000000001010010011100101010100
000000000000000000000000000000000000000000000000001000100011100001010001
000000000000000000000000000000000000000000000000001010000011100001010001
000000000000000000000000000000000000000000000000001010110011100101010101
000000000000000000000000000000000000000000000000001011100011011101010010
000000000000000000000000000000000000000000000000001010000011010101001111
000000000000000000000000000000000000000000000000001001000011010001001110
000000000000000000000000000000000000000000000000001001110011011101001101
000000000000000000000000000000000000000000000000001000000011001001000111
000000000000000000000000000000000000000000000000001001010011010001001010
000000000000000000000000000000000000000000000000001001100011001001001110
000000000000000000000000000000000000000000000000001010000010111101000111
000000000000000000000000000000000000000000000000001001000011010101001101
000000000000000000000000000000000000000000000000001010110011101001001110
000000000000000000000000000000000000000000000000001010110011100001001010
000000000000000000000000000000000000000000000000001100010011010001001001
000000000000000000000000000000000000000000000000001011100010111001000011
000000000000000000000000000000000000000000000000001001110010101001000001
000000000000000000000000000000000000000000000000001000100010110101000101
000000000000000000000000000000000000000000000000001010110011000100111111
000000000000000000000000000000000000000000000000001001010011000001000110
000000000000000000000000000000000000000000000000011001110111110110001100
000000000000000000000000000000000000000000000000011010001000000010001110
000000000000000000000000000000000000000000000000011100011000001110010000
000000000000000000000000000000000000000000000000011011011000001110010010
000000000000000000000000000000000000000000000000011100101000010110010000
000000000000000000000000000000000000000000000000011011111000001110010000
000000000000000000000000000000000000000000000000011000110111101110001010
000000000000000000000000000000000000000000000000011011101000010010010001
000000000000000000000000000000000000000000000000011100101000010010001110
000000000000000000000000000000000000000000000000011100101000010110001111
000000000000000000000000000000000000000000000000011010011000001010001100
000000000000000000000000000000000000000000000000011011001000010110001101
000000000000000000000000000000000000000000000000011100001000010110010000
000000000000000000000000000000000000000000000000011100001000010110001101
000000000000000000000000000000000000000000000000011010110111111010001001
000000000000000000000000000000000000000000000000011001110111100010000110
000000000000000000000000000000000000000000000000011000110111110110001010
000000000000000000000000000000000000000000000000011010100111110110001001
000000000000000000000000000000000000000000000000010101110111001001111111
000000000000000000000000000000000000000000000000010011100110011001111100
000000000000000000000000000000000000000000000000010000110110010101111001
000000000000000000000000000000000000000000000000010000010101111101111000
000000000000000000000000000000000000000000000000010001010101111001110110
000000000000000000000000000000000000000000000000010011010110011001111010
000000000000000000000000000000000000000000000000010001110110000001110100
000000000000000000000000000000000000000000000000010010100110000101110101
000000000000000000000000000000000000000000000000010100000110001001111000
000000000000000000000000000000000000000000000000010011010110001001110100
000000000000000000000000000000000000000000000000010001110101111001110000
000000000000000000000000000000000000000000000000010001010110000101110101
000000000000000000000000000000000000000000000000001111110110000001110001
000000000000000000000000000000000000000000000000010000000101011101101100
000000000000000000000000000000000000000000000000010000110101101101110001
000000000000000000000000000000000000000000000000010001010101111101101111
000000000000000000000000000000000000000000000000010000010101100001101110
000000000000000000000000000000000000000000000000010000100101101101101101
000000000000000000000000000000000000000000000000001111100101011101101110
000000000000000000000000000000000000000000000000001111110101010001101001
000000000000000000000000000000000000000000000000001110110101000001101001
000000000000000000000000000000000000000000000000001111110100111101101010
000000000000000000000000000000000000000000000000010000000101001101101101
000000000000000000000000000000000000000000000000001110010101000101101000
000000000000000000000000000000000000000000000000001110010100101101100010
000000000000000000000000000000000000000000000000001111010101000101100111
000000000000000000000000000000000000000000000000001110010101001001100110
000000000000000000000000000000000000000000000000001110110100111101101001
000000000000000000000000000000000000000000000000010000110101010001101101
000000000000000000000000000000000000000000000000001110000101000001100101
000000000000000000000000000000000000000000000000001111010101010001101001
000000000000000000000000000000000000000000000000010000110101001001101000
000000000000000000000000000000000000000000000000001110110100101001100011
000000000000000000000000000000000000000000000000001101000100101001100100
000000000000000000000000000000000000000000000000001110000100100001100010
000000000000000000000000000000000000000000000000001101000100100101100100
000000000000000000000000000000000000000000000000001100100100100001100001
000000000000000000000000000000000000000000000000001111000100101001100100
000000000000000000000000000000000000000000000000001101100100110101100011
000000000000000000000000000000000000000000000000001011000100110001100010
000000000000000000000000000000000000000000000000001100100100101001100001
000000000000000000000000000000000000000000000000001110000100101101100001
000000000000000000000000000000000000000000000000001101000100100001011110
000000000000000000000000000000000000000000000000001100100100010101011011
000000000000000000000000000000000000000000000000001101010100100001011110
000000000000000000000000000000000000000000000000001101000100110001011101
000000000000000000000000000000000000000000000000001110010100110101100001
000000000000000000000000000000000000000000000000001100010100100101011011
000000000000000000000000000000000000000000000000001011010100011001011010
000000000000000000000000000000000000000000000000001100110100001001011100
000000000000000000000000000000000000000000000000001101010100001101010111
000000000000000000000000000000000000000000000000001110100100011001011001
000000000000000000000000000000000000000000000000001110010100000101010100
000000000000000000000000000000000000000000000000001011010100001001010110
000000000000000000000000000000000000000000000000001100010100001101010111
000000000000000000000000000000000000000000000000001101000100010101010100
000000000000000000000000000000000000000000000000001101010100010001011011
000000000000000000000000000000000000000000000000011001010111111010001101
000000000000000000000000000000000000000000000000011001111000001010001111
000000000000000000000000000000000000000000000000011101011000010110010000
000000000000000000000000000000000000000000000000011100111000100010010010
000000000000000000000000000000000000000000000000011100101000011010010001
000000000000000000000000000000000000000000000000011100101000011110010001
000000000000000000000000000000000000000000000000011010101000010110001111
000000000000000000000000000000000000000000000000011011011000010110010000
000000000000000000000000000000000000000000000000011011001000001110010000
000000000000000000000000000000000000000000000000011100001000011010010001
000000000000000000000000000000000000000000000000011001011000001010001100
000000000000000000000000000000000000000000000000011010011000000110001011
000000000000000000000000000000000000000000000000011101001000100010010000
000000000000000000000000000000000000000000000000011101101000100110010011
000000000000000000000000000000000000000000000000011100101000010010010001
000000000000000000000000000000000000000000000000011011011000000010001111
000000000000000000000000000000000000000000000000011100001000011010010000
000000000000000000000000000000000000000000000000011110101001000010011000
000000000000000000000000000000000000000000000000011010101000011110010011
000000000000000000000000000000000000000000000000011000010111101010001100
000000000000000000000000000000000000000000000000011000000111111010001111
000000000000000000000000000000000000000000000000010110100111011110001101
000000000000000000000000000000000000000000000000010101110111001010000111
000000000000000000000000000000000000000000000000011000010111101110001011
000000000000000000000000000000000000000000000000011000010111110010001110
000000000000000000000000000000000000000000000000011010101000001010001110
000000000000000000000000000000000000000000000000011010101000010110010010
000000000000000000000000000000000000000000000000011011011000010110010000
000000000000000000000000000000000000000000000000011011010111111010001111
000000000000000000000000000000000000000000000000011010101000000110010000
000000000000000000000000000000000000000000000000011001111000010010010000
000000000000000000000000000000000000000000000000011010001000001010010000
000000000000000000000000000000000000000000000000011010001000010110010000
000000000000000000000000000000000000000000000000011011001000001010010001
000000000000000000000000000000000000000000000000011000111000000110010000
000000000000000000000000000000000000000000000000011001101000001010010000
000000000000000000000000000000000000000000000000011000101000000110001110
000000000000000000000000000000000000000000000000011000100111110110001010
000000000000000000000000000000000000000000000000011000010111011110000111
000000000000000000000000000000000000000000000000010110110111001110000110
000000000000000000000000000000000000000000000000010111110111010110000110
000000000000000000000000000000000000000000000000011000100111110110001011
000000000000000000000000000000000000000000000000010111000111011110000110
000000000000000000000000000000000000000000000000011000100111101010000111
000000000000000000000000000000000000000000000000011000010111101010001001
000000000000000000000000000000000000000000000000010110000111010110000011
000000000000000000000000000000000000000000000000011000110111010110000101
000000000000000000000000000000000000000000000000011000010111001110000010
000000000000000000000000000000000000000000000000010101100111000001111110
000000000000000000000000000000000000000000000000010110110110110001111100
000000000000000000000000000000000000000000000000010101110110101101111100
000000000000000000000000000000000000000000000000010100100110011001111001
000000000000000000000000000000000000000000000000010100010110100001111000
000000000000000000000000000000000000000000000000010100110110110001111011
000000000000000000000000000000000000000000000000010101010110100001111010
000000000000000000000000000000000000000000000000010011010110011001110111
000000000000000000000000000000000000000000000000010011110110100001111001
000000000000000000000000000000000000000000000000010010000110011001110110
000000000000000000000000000000000000000000000000010001110110000001110011
000000000000000000000000000000000000000000000000001111000101011101100111
000000000000000000000000000000000000000000000000010010100101110101110000
000000000000000000000000000000000000000000000000010001000101101001101111
000000000000000000000000000000000000000000000000001111110101010001101010
000000000000000000000000000000000000000000000000010000000101011101101111
000000000000000000000000000000000000000000000000001110110101010001101011
000000000000000000000000000000000000000000000000001110010101000001100101
000000000000000000000000000000000000000000000000001101110100111101100110
000000000000000000000000000000000000000000000000001111000101000001100110
000000000000000000000000000000000000000000000000001110000100110101100011
000000000000000000000000000000000000000000000000010001000100110101100101
000000000000000000000000000000000000000000000000001110110100101101100101
000000000000000000000000000000000000000000000000001101010100011101011011
000000000000000000000000000000000000000000000000001101100100110101100000
000000000000000000000000000000000000000000000000001110010100110001100001
000000000000000000000000000000000000000000000000001111010100110101100101
000000000000000000000000000000000000000000000000011001111000000010001111
000000000000000000000000000000000000000000000000011010001000010010010000
000000000000000000000000000000000000000000000000011100101000010110010000
000000000000000000000000000000000000000000000000011100101000011110010001
000000000000000000000000000000000000000000000000011101001000011010010000
000000000000000000000000000000000000000000000000011110001000101010010010
000000000000000000000000000000000000000000000000011100101000100110010011
000000000000000000000000000000000000000000000000011100101000010110010000
000000000000000000000000000000000000000000000000011011111000010010001111
000000000000000000000000000000000000000000000000011100101000011110010001
000000000000000000000000000000000000000000000000011101001000011110010010
000000000000000000000000000000000000000000000000011011011000001110010010
000000000000000000000000000000000000000000000000011100011000011010010010
000000000000000000000000000000000000000000000000011101011000100010010010
000000000000000000000000000000000000000000000000011101001000100010010000
000000000000000000000000000000000000000000000000011011111000001010001110
000000000000000000000000000000000000000000000000011011001000010110001111
000000000000000000000000000000000000000000000000011110101000111010010111
000000000000000000000000000000000000000000000000011100001000101010010010
000000000000000000000000000000000000000000000000011001000111111110001110
000000000000000000000000000000000000000000000000011001100111110010001101
000000000000000000000000000000000000000000000000010110100111100110001110
000000000000000000000000000000000000000000000000010110010111000110001001
000000000000000000000000000000000000000000000000010101000110111110000101
000000000000000000000000000000000000000000000000010110010111010110001000
000000000000000000000000000000000000000000000000011001101000000110010000
000000000000000000000000000000000000000000000000011010011000001110001111
000000000000000000000000000000000000000000000000011011111000010110010010
000000000000000000000000000000000000000000000000011100001000010110010100
000000000000000000000000000000000000000000000000011011001000010110010010
000000000000000000000000000000000000000000000000011011011000011010010010
000000000000000000000000000000000000000000000000011100001000010110010100
000000000000000000000000000000000000000000000000011100101000011110010110
000000000000000000000000000000000000000000000000011010111000010010010010
000000000000000000000000000000000000000000000000011010011000010110010010
000000000000000000000000000000000000000000000000011011001000010110010011
000000000000000000000000000000000000000000000000011010111000010110010011
000000000000000000000000000000000000000000000000011000111000000110010000
000000000000000000000000000000000000000000000000011001010111111010010001
000000000000000000000000000000000000000000000000011001111000010010010010
000000000000000000000000000000000000000000000000011001111000001010010001
000000000000000000000000000000000000000000000000011010001000010010010010
000000000000000000000000000000000000000000000000011000111000000110001111
000000000000000000000000000000000000000000000000011011111000010110010100
000000000000000000000000000000000000000000000000011011101000011110010110
000000000000000000000000000000000000000000000000011011001000011010010011
000000000000000000000000000000000000000000000000011010001000000110010000
000000000000000000000000000000000000000000000000011010001000001110010010
000000000000000000000000000000000000000000000000011010000111111110010000
000000000000000000000000000000000000000000000000011001010111111010001110
000000000000000000000000000000000000000000000000011001100111110110001100
000000000000000000000000000000000000000000000000011000000111101010001000
000000000000000000000000000000000000000000000000010111010111001110000110
000000000000000000000000000000000000000000000000010111000111100110000111
000000000000000000000000000000000000000000000000011000100111011010000110
000000000000000000000000000000000000000000000000010110000111001010000011
000000000000000000000000000000000000000000000000010110100111001010000001
000000000000000000000000000000000000000000000000010110100110110101111110
000000000000000000000000000000000000000000000000010110010110110001111101
000000000000000000000000000000000000000000000000010010110110010001110101
000000000000000000000000000000000000000000000000010011010110001001110100
000000000000000000000000000000000000000000000000010001110110001001110101
000000000000000000000000000000000000000000000000010010000101101001110000
000000000000000000000000000000000000000000000000001110010101011101101110
000000000000000000000000000000000000000000000000001110000101001101101011
000000000000000000000000000000000000000000000000001100010100101101100100
000000000000000000000000000000000000000000000000001110100101001101101010
000000000000000000000000000000000000000000000000001111000101010001101001
000000000000000000000000000000000000000000000000001111000101010101101011
000000000000000000000000000000000000000000000000001111110101001001101001
000000000000000000000000000000000000000000000000001110010101000001100101
000000000000000000000000000000000000000000000000001110110101001101101001
000000000000000000000000000000000000000000000000001110100101010001101000
000000000000000000000000000000000000000000000000001101100100111101100011
000000000000000000000000000000000000000000000000001111110101010001101001
000000000000000000000000000000000000000000000000011011111000001110010001
000000000000000000000000000000000000000000000000011011101000010110010011
000000000000000000000000000000000000000000000000011011111000000010001111
000000000000000000000000000000000000000000000000011100001000010110010000
000000000000000000000000000000000000000000000000011100101000010010010010
000000000000000000000000000000000000000000000000011100101000100010010010
000000000000000000000000000000000000000000000000011010111000001110001110
000000000000000000000000000000000000000000000000011100001000001110001110
000000000000000000000000000000000000000000000000011100001000001110001110
000000000000000000000000000000000000000000000000011010001000001010001100
000000000000000000000000000000000000000000000000011100001000011010010010
000000000000000000000000000000000000000000000000011011111000001010001111
000000000000000000000000000000000000000000000000011010101000010010010001
000000000000000000000000000000000000000000000000011100101000010110010010
000000000000000000000000000000000000000000000000011011111000011010010010
000000000000000000000000000000000000000000000000011101101000100110010010
000000000000000000000000000000000000000000000000011100101000101010010100
000000000000000000000000000000000000000000000000011101001000111110010100
000000000000000000000000000000000000000000000000011110111000110110010101
000000000000000000000000000000000000000000000000011001101000000110001110
000000000000000000000000000000000000000000000000011000111000001010010000
000000000000000000000000000000000000000000000000011000110111101010001111
000000000000000000000000000000000000000000000000011000010111101010001101
000000000000000000000000000000000000000000000000010111110111101010001010
000000000000000000000000000000000000000000000000010101110111010010000010
000000000000000000000000000000000000000000000000011000000111101010001010
000000000000000000000000000000000000000000000000011010111000010110010010
000000000000000000000000000000000000000000000000011010011000010110010010
000000000000000000000000000000000000000000000000011011011000001110010010
000000000000000000000000000000000000000000000000011001000111111110001101
000000000000000000000000000000000000000000000000011100001000011010010100
000000000000000000000000000000000000000000000000011011101000011010010011
000000000000000000000000000000000000000000000000011011101000100010010110
000000000000000000000000000000000000000000000000011011001000011010010100
000000000000000000000000000000000000000000000000011010111000011110010110
000000000000000000000000000000000000000000000000011001111000010110010010
000000000000000000000000000000000000000000000000011010111000010110010011
000000000000000000000000000000000000000000000000011001010111111110001110
000000000000000000000000000000000000000000000000011001101000001110010000
000000000000000000000000000000000000000000000000011001101000010010010010
000000000000000000000000000000000000000000000000011011011000010110010011
000000000000000000000000000000000000000000000000011001111000001110010001
000000000000000000000000000000000000000000000000011001101000010010010001
000000000000000000000000000000000000000000000000011001111000001010010000
000000000000000000000000000000000000000000000000011010111000001110010010
000000000000000000000000000000000000000000000000011011111000011010010011
000000000000000000000000000000000000000000000000011011101000010110010011
000000000000000000000000000000000000000000000000011001111000001010010010
000000000000000000000000000000000000000000000000011000010111111010010000
000000000000000000000000000000000000000000000000011000110111101010001100
000000000000000000000000000000000000000000000000011000000111011010000111
000000000000000000000000000000000000000000000000010110110111010110000110
000000000000000000000000000000000000000000000000011001000111111110001100
000000000000000000000000000000000000000000000000010111100111110110001010
000000000000000000000000000000000000000000000000011000010111011010000111
000000000000000000000000000000000000000000000000011000000111010010000101
000000000000000000000000000000000000000000000000010110100111010110000100
000000000000000000000000000000000000000000000000010110010111010010000010
000000000000000000000000000000000000000000000000010100110110100101111110
000000000000000000000000000000000000000000000000010011110110011001111011
000000000000000000000000000000000000000000000000010000010101100001110000
000000000000000000000000000000000000000000000000010010000101100101110011
000000000000000000000000000000000000000000000000010000110101101001110000
000000000000000000000000000000000000000000000000010000110101011001101011
000000000000000000000000000000000000000000000000001111000101011101101111
000000000000000000000000000000000000000000000000001100100100110001100100
000000000000000000000000000000000000000000000000001111010101010101101010
000000000000000000000000000000000000000000000000001101110101000001100101
000000000000000000000000000000000000000000000000010000100101011001101101
000000000000000000000000000000000000000000000000001111000101010001101001
000000000000000000000000000000000000000000000000001110010101000101100111
000000000000000000000000000000000000000000000000001110110101001001100111
000000000000000000000000000000000000000000000000001110110100110101100101
000000000000000000000000000000000000000000000000001110100101001001101010
000000000000000000000000000000000000000000000000001110100101000001100110
000000000000000000000000000000000000000000000000011011001000011010010001
000000000000000000000000000000000000000000000000011000111000001010010001
000000000000000000000000000000000000000000000000011010100111110010001101
000000000000000000000000000000000000000000000000011010000111111110001100
000000000000000000000000000000000000000000000000011011101000001110001110
000000000000000000000000000000000000000000000000011001010111111110001101
000000000000000000000000000000000000000000000000011001111000000010010000
000000000000000000000000000000000000000000000000011010001000000010001111
000000000000000000000000000000000000000000000000011001000111101110001010
000000000000000000000000000000000000000000000000011000111000000010001100
000000000000000000000000000000000000000000000000011001111000010010010000
000000000000000000000000000000000000000000000000011010011000001010001111
000000000000000000000000000000000000000000000000011100101000010110010001
000000000000000000000000000000000000000000000000011011011000001110001110
000000000000000000000000000000000000000000000000011100101000011010010010
000000000000000000000000000000000000000000000000011101111000100110010011
000000000000000000000000000000000000000000000000011100011000100010010011
000000000000000000000000000000000000000000000000011101001000110110010101
000000000000000000000000000000000000000000000000011110011000110110010101
000000000000000000000000000000000000000000000000011001100111110010001011
000000000000000000000000000000000000000000000000011001101000000010001111
000000000000000000000000000000000000000000000000011001110111111010001111
000000000000000000000000000000000000000000000000011001001000000010001110
000000000000000000000000000000000000000000000000011000000111100110001010
000000000000000000000000000000000000000000000000011000000111101010001001
000000000000000000000000000000000000000000000000011001101000000010001110
000000000000000000000000000000000000000000000000011010101000000110010001
000000000000000000000000000000000000000000000000011001011000000010010000
000000000000000000000000000000000000000000000000011010100111110110001110
000000000000000000000000000000000000000000000000011100011000001110010001
000000000000000000000000000000000000000000000000011010101000001010010001
000000000000000000000000000000000000000000000000011011001000011110010100
000000000000000000000000000000000000000000000000011010011000010110010010
000000000000000000000000000000000000000000000000011011001000011110010100
000000000000000000000000000000000000000000000000011010001000011110010100
000000000000000000000000000000000000000000000000011100001000011110010101
000000000000000000000000000000000000000000000000011011111000011010010101
000000000000000000000000000000000000000000000000011011011000010010010011
000000000000000000000000000000000000000000000000011011101000100010010110
000000000000000000000000000000000000000000000000011101011000101010010111
000000000000000000000000000000000000000000000000011100011000101110011000
000000000000000000000000000000000000000000000000011011011000101010010110
000000000000000000000000000000000000000000000000011011101000101110010111
000000000000000000000000000000000000000000000000011100101000011010010100
000000000000000000000000000000000000000000000000011011101000011110010100
000000000000000000000000000000000000000000000000011011001000011010010100
000000000000000000000000000000000000000000000000011100001000010010010010
000000000000000000000000000000000000000000000000011010111000010010010010
000000000000000000000000000000000000000000000000011001011000000010001111
000000000000000000000000000000000000000000000000011001000111110010001100
000000000000000000000000000000000000000000000000011001010111110010001100
000000000000000000000000000000000000000000000000010111010111100010000110
000000000000000000000000000000000000000000000000011010010111101110001110
000000000000000000000000000000000000000000000000010111110111011110000111
000000000000000000000000000000000000000000000000011000100111010110000110
000000000000000000000000000000000000000000000000010111010111001110000111
000000000000000000000000000000000000000000000000010110100111010010000100
000000000000000000000000000000000000000000000000010101000111000001111111
000000000000000000000000000000000000000000000000010011100110101001111110
000000000000000000000000000000000000000000000000010011110110001101111010
000000000000000000000000000000000000000000000000010010000101111101110101
000000000000000000000000000000000000000000000000010000100101100101101111
000000000000000000000000000000000000000000000000010000100101100101101111
000000000000000000000000000000000000000000000000001111100101100101101111
000000000000000000000000000000000000000000000000001111000101010101101011
000000000000000000000000000000000000000000000000010001000101010001101100
000000000000000000000000000000000000000000000000001111010101010101101111
000000000000000000000000000000000000000000000000010000100101011101101101
000000000000000000000000000000000000000000000000010000110101011001101101
000000000000000000000000000000000000000000000000010000000101010001101101
000000000000000000000000000000000000000000000000001101100101000001100110
000000000000000000000000000000000000000000000000001111010101001101101000
000000000000000000000000000000000000000000000000001110100101001101101001
000000000000000000000000000000000000000000000000001110100101001101101010
000000000000000000000000000000000000000000000000010000110101001101100110
000000000000000000000000000000000000000000000000011100101000011010010011
000000000000000000000000000000000000000000000000011010011000010110010010
000000000000000000000000000000000000000000000000011011101000010010010010
000000000000000000000000000000000000000000000000011100001000001110001110
000000000000000000000000000000000000000000000000011100011000010110010000
000000000000000000000000000000000000000000000000011011111000001110001110
000000000000000000000000000000000000000000000000011010001000000110001110
000000000000000000000000000000000000000000000000011001011000000010001101
000000000000000000000000000000000000000000000000011001001000001010001010
000000000000000000000000000000000000000000000000011001010111110110001100
000000000000000000000000000000000000000000000000011010001000000010001110
000000000000000000000000000000000000000000000000011011001000001110010001
000000000000000000000000000000000000000000000000011100001000011110010011
000000000000000000000000000000000000000000000000011100101000010110010000
000000000000000000000000000000000000000000000000011100101000011010010010
000000000000000000000000000000000000000000000000011100011000011110010001
000000000000000000000000000000000000000000000000011100101000100010010001
000000000000000000000000000000000000000000000000011101011000101110010011
000000000000000000000000000000000000000000000000011110011001001010011001
000000000000000000000000000000000000000000000000011000111000001110001110
000000000000000000000000000000000000000000000000011000000111110110001100
000000000000000000000000000000000000000000000000010110010111011010000111
000000000000000000000000000000000000000000000000010110100111100010000110
000000000000000000000000000000000000000000000000010110000111101010000111
000000000000000000000000000000000000000000000000011000110111111010001011
000000000000000000000000000000000000000000000000011000110111111110001101
000000000000000000000000000000000000000000000000010111101000000010001110
000000000000000000000000000000000000000000000000011001000111111110001111
000000000000000000000000000000000000000000000000011000110111111110001101
000000000000000000000000000000000000000000000000011100011000011110010010
000000000000000000000000000000000000000000000000011011011000010010010010
000000000000000000000000000000000000000000000000011100001000001110010011
000000000000000000000000000000000000000000000000011011001000010010010010
000000000000000000000000000000000000000000000000011001111000010110010010
000000000000000000000000000000000000000000000000011011101000001110010010
000000000000000000000000000000000000000000000000011100001000010110010011
000000000000000000000000000000000000000000000000011100101000011010010100
000000000000000000000000000000000000000000000000011011011000100110010101
000000000000000000000000000000000000000000000000011100101000100010010111
000000000000000000000000000000000000000000000000011101011000100110010111
000000000000000000000000000000000000000000000000011011011000011010010101
000000000000000000000000000000000000000000000000011100101000011010010101
000000000000000000000000000000000000000000000000011100001000101110011001
000000000000000000000000000000000000000000000000011101101000101010011001
000000000000000000000000000000000000000000000000011100101000010110010101
000000000000000000000000000000000000000000000000011010101000010110010011
000000000000000000000000000000000000000000000000011010111000001110010001
000000000000000000000000000000000000000000000000011010011000010010010010
000000000000000000000000000000000000000000000000011010101000010110010010
000000000000000000000000000000000000000000000000011001101000001010001110
000000000000000000000000000000000000000000000000011000110111111010001101
000000000000000000000000000000000000000000000000011000010111110010001010
000000000000000000000000000000000000000000000000010111110111100110001010
000000000000000000000000000000000000000000000000010110110111010010000101
000000000000000000000000000000000000000000000000011000010111011110001000
000000000000000000000000000000000000000000000000010111000111010110000110
000000000000000000000000000000000000000000000000010101010110111110000010
000000000000000000000000000000000000000000000000010101000110111001111101
000000000000000000000000000000000000000000000000010010100110100101111100
000000000000000000000000000000000000000000000000010100000110000101110111
000000000000000000000000000000000000000000000000010011110110001101110110
000000000000000000000000000000000000000000000000001001010111011011000110
000000000000000000000000000000000000000000000000010000010101101001110011
000000000000000000000000000000000000000000000000001000010110111110111110
000000000000000000000000000000000000000000000000000111010111000111001010
000000000000000000000000000000000000000000000000001101110101100110000000
000000000000000000000000000000000000000000000000001101100101111101110110
000000000000000000000000000000000000000000000000001011010110010010010111
000000000000000000000000000000000000000000000000001011010110010010111010
000000000000000000000000000000000000000000000000001100000101111110110000
000000000000000000000000000000000000000000000000001111100101100001101111
000000000000000000000000000000000000000000000000001001000110100011001010
000000000000000000000000000000000000000000000000001111100101010101101010
000000000000000000000000000000000000000000000000001000100110110110111111
000000000000000000000000000000000000000000000000000111000110111111001000
