$date
        2026-Mar-11 22:47:32
$end
$version
        Vivado v2018.3 (64-bit)
$end
$timescale
        1ps
$end
$scope module dut $end
$var reg 7 " ACC_core/cnt_layer [6:0] $end
$var reg 9 ) ACC_core/data_bram_we [8:0] $end
$var reg 1 2 ACC_core/control_source $end
$var reg 72 3 ACC_core/softmax_out [71:0] $end
$var reg 1 { ACC_core/softmax_write_valid $end
$var reg 1 | ACC_core/complete $end
$var reg 1 } ACC_core/rstn_accelerator $end
$var reg 32 ~ \ACC_core/pcie_addr_reg[0]__0 [31:0] $end
$var reg 1 @" ACC_core/<const0>_1 $end
$var reg 1 A" ACC_core/<const0>_2 $end
$var reg 1 B" ACC_core/<const0>_3 $end
$var reg 1 C" ACC_core/<const0>_4 $end
$var reg 1 D" ACC_core/<const0>_5 $end
$var reg 1 E" ACC_core/<const0>_6 $end
$var reg 1 F" ACC_core/<const0>_7 $end
$var reg 1 G" ACC_core/<const0>_8 $end
$var reg 1 H" ACC_core/<const0>_9 $end
$var reg 1 I" ACC_core/<const0>_10 $end
$var reg 1 J" ACC_core/<const0>_11 $end
$var reg 1 K" ACC_core/<const0>_12 $end
$var reg 1 L" ACC_core/<const0>_13 $end
$var reg 1 M" ACC_core/<const0>_14 $end
$var reg 1 N" ACC_core/<const0>_15 $end
$var reg 1 O" ACC_core/<const0>_16 $end
$var reg 1 P" ACC_core/<const0>_17 $end
$var reg 1 Q" ACC_core/<const0>_18 $end
$var reg 1 R" ACC_core/<const0>_19 $end
$var reg 1 S" ACC_core/<const0>_20 $end
$var reg 1 T" ACC_core/<const0>_21 $end
$var reg 1 U" ACC_core/<const0>_22 $end
$var reg 1 V" ACC_core/<const0>_23 $end
$var reg 1 W" ACC_core/<const0>_24 $end
$var reg 1 X" ACC_core/<const0>_25 $end
$var reg 1 Y" ACC_core/<const0>_26 $end
$var reg 1 Z" ACC_core/<const0>_27 $end
$var reg 1 [" ACC_core/<const0>_28 $end
$var reg 1 \" ACC_core/<const0>_29 $end
$var reg 1 ]" ACC_core/<const0>_30 $end
$var reg 1 ^" ACC_core/<const0>_31 $end
$var reg 1 _" ACC_core/<const0>_32 $end
$var reg 1 `" ACC_core/<const0>_33 $end
$var reg 1 a" ACC_core/<const0>_34 $end
$var reg 1 b" ACC_core/<const0>_35 $end
$var reg 1 c" ACC_core/<const0>_36 $end
$var reg 1 d" ACC_core/<const0>_37 $end
$var reg 1 e" ACC_core/<const0>_38 $end
$var reg 1 f" ACC_core/<const0>_39 $end
$var reg 1 g" ACC_core/<const0>_40 $end
$var reg 18 h" ACC_core/pcie_bram_we_1 [17:0] $end
$var reg 1 z" ACC_core/pcie_write_ena_reg $end
$var reg 72 {" ACC_core/pcie_data_out_1 [71:0] $end
$var reg 1 e# ACC_core/bram_st $end
$var reg 1 f# ACC_core/<const0>_41 $end
$var reg 72 g# ACC_core/pcie_data_out [71:0] $end
$var reg 72 Q$ ACC_core/pcie_data_in [71:0] $end
$var reg 31 ;% ACC_core/pcie_addr [30:0] $end
$var reg 1 Z% ACC_core/pcie_write_ena $end
$var reg 1 [% ACC_core/rstp_sys $end
$var reg 72 \% ACC_core/kernel5_read_input [71:0] $end
$var reg 16 F& ACC_core/kernel_read_addr5_reg [15:0] $end
$var reg 1 V& ACC_core/<const0>_42 $end
$var reg 1 W& ACC_core/<const0>_43 $end
$var reg 1 X& ACC_core/<const0>_44 $end
$var reg 1 Y& ACC_core/<const0>_45 $end
$var reg 1 Z& ACC_core/<const0>_46 $end
$var reg 1 [& ACC_core/<const0>_47 $end
$var reg 1 \& ACC_core/<const0>_48 $end
$var reg 1 ]& ACC_core/<const0>_49 $end
$var reg 1 ^& ACC_core/<const0>_50 $end
$var reg 1 _& ACC_core/<const0>_51 $end
$var reg 1 `& ACC_core/<const0>_52 $end
$var reg 1 a& ACC_core/<const0>_53 $end
$var reg 1 b& ACC_core/<const0>_54 $end
$var reg 1 c& ACC_core/<const0>_55 $end
$var reg 1 d& ACC_core/<const0>_56 $end
$var reg 1 e& ACC_core/<const0> $end
$var reg 1 f& ACC_core/pcie_bram_we $end
$var reg 1 g& ACC_core/kernel_wea $end
$var reg 72 h& \ACC_core/pcie_data_in_reg[14]__0 [71:0] $end
$var reg 2 R' ACC_core/control_state [1:0] $end
$var reg 1 T' ACC_core/control_source_reg__0 $end
$var reg 3 U' ACC_core/mode [2:0] $end
$var reg 72 X' ACC_core/ofmap_write_0_reg_mux [71:0] $end
$var reg 15 B( \ACC_core/bram_write_addr[0] [14:0] $end
$var reg 9 Q( ACC_core/bram_write_wea_reg [8:0] $end
$var reg 1 Z( _TRIGGER $end
$var reg 1 [( _WINDOW $end
$var reg 1 \( _GAP $end
$upscope $end
$enddefinitions $end
#0
$dumpvars
b111111 "
b0 )
12
b0 3
0{
0|
1}
b0 ~
0@"
0A"
0B"
0C"
0D"
0E"
0F"
0G"
0H"
0I"
0J"
0K"
0L"
0M"
0N"
0O"
0P"
0Q"
0R"
0S"
0T"
0U"
0V"
0W"
0X"
0Y"
0Z"
0["
0\"
0]"
0^"
0_"
0`"
0a"
0b"
0c"
0d"
0e"
0f"
0g"
b0 h"
0z"
b0 {"
1e#
0f#
b0 g#
b111111111111111111111111111111111111111111111111111111111111111111111111 Q$
b0 ;%
0Z%
1[%
b100111111111111101110000001111111001111110100001111010010100100010110 \%
b1010011110110101 F&
0V&
0W&
0X&
0Y&
0Z&
0[&
0\&
0]&
0^&
0_&
0`&
0a&
0b&
0c&
0d&
0e&
0f&
0g&
b111111111111111111111111111111111111111111111111111111111111111111111111 h&
b10 R'
1T'
b11 U'
b0 X'
b10011000111001 B(
b0 Q(
0Z(
1[(
0\(
$end
#1
b111111011111111011111100001000100001001100010101111100011111010000010011 \%
b1010011110110110 F&
#2
b111011111110101011100011111110110010000000011111111010001110111011110010 \%
b1010011110110111 F&
#3
b111111111110110000000000000100111110101000100111001110011111001000000000 \%
b1010011110111000 F&
#4
b111010110000100111101011111010000000011100001111111101111111001011110000 \%
b1010011110111001 F&
#5
b111111010000011111110001000010000000010011110001000110001111001000100010 \%
b1010011110111010 F&
#6
b110001000011110110111111101110111111101101000000010000001111111000 \%
b1010011110111011 F&
#7
b111011111110110111111011111010001111111100001010111110110001110100001001 \%
b1010011110111100 F&
#8
b111010111111010000010111111110001111001100011100001010111110100111110010 \%
b1010011110111101 F&
#9
b111110111111011000000100000101110000010011110100000101110001110100100101 \%
b1010011110111110 F&
#10
b111100011110110111110101111110100000000011110110111110111111101011010101 \%
b1010011110111111 F&
#11
b100011111101011110101001001110001010111111001000101011111110000001111 \%
b1010011111000000 F&
#12
b111110011101010100000001110110111111101011111000001000011110101111110010 \%
b1010011111000001 F&
#13
b11100000000000010110001000100000000100011010000001000000111011110010 \%
b1010011111000010 F&
#14
b11110011000000010000010101111101100010000000100100000010111100011 \%
b1010011111000011 F&
#15
b1000001111111011111001000010001110110000001011001000100001001100000010 \%
b1010011111000100 F&
#16
b1111010000100111111000111101011111001100000000000111000001100011110101 \%
b1010011111000101 F&
#17
b111100100011010000001010111101010000000111100101000000001111100000001001 \%
b1010011111000110 F&
#18
b1010110010011111101111000001001111101011101011001000101110110100001110 \%
b1010011111000111 F&
#19
b111110101111101000101011111110111111101100001101000010110010010100001110 \%
b1010011111001000 F&
#20
b1001100000111011110110000100111111111000010010111011110010100011110010 \%
b1010011111001001 F&
#21
b111110111111111111110000000000100000000100000110001000100000101111111000 \%
b1010011111001010 F&
#22
b1000011111110100110000111110000000110111011100001010100000011100000110 \%
b1010011111001011 F&
#23
b111111110001000000100100111110110000011011110110001010100000010011111001 \%
b1010011111001100 F&
#24
b111011110010110000010001111110011110110100001000000001110000011111110010 \%
b1010011111001101 F&
#25
b111110010000111110011000100100001000011101001111101101111110011110110 \%
b1010011111001110 F&
#26
b1000010000000001110111011111111010100000010000101011111100011011101 \%
b1010011111001111 F&
#27
b1010001101011110110111111101110101111111110000010011110110100101100 \%
b1010011111010000 F&
#28
b1000101101000100010001111100111111101011101100111100011110010011101101 \%
b1010011111010001 F&
#29
b1010000000100001110000100101111010100001101000111001111110000000111 \%
b1010011111010010 F&
#30
b111011010000100100000001001011001111010100001100110111001110100011111110 \%
b1010011111010011 F&
#31
b100010001010011111010000010001111101011111011111000111110001000100000 \%
b1010011111010100 F&
#32
b111100100000100011100000000010001111110100000001111010001110111111010011 \%
b1010011111010101 F&
#33
b111011100001110111111101000010010001100100010001001010100000000111111000 \%
b1010011111010110 F&
#34
b111101110000000100000001111010111111111100100101000001011111110011100111 \%
b1010011111010111 F&
#35
b100100000001111111010001000011111010011110110111000110000111100000011 \%
b1010011111011000 F&
#36
b101111010011111101111110011110101000001100111100000010010100001010 \%
b1010011111011001 F&
#37
b111010001101111100001010111111001111010111111001111101100000111000000100 \%
b1010011111011010 F&
#38
b111110000001000111101101000010110000110011100111111111001111000100001110 \%
b1010011111011011 F&
#39
b111100001110110100000110001100011110011011111011000100001110010011111100 \%
b1010011111011100 F&
#40
b111111111011111111111111111101111101111101111110111110001010000001000 \%
b1010011111011101 F&
#41
b110101111011000000001111100111110001000011100000001010001110111111001 \%
b1010011111011110 F&
#42
b101100000000011111110111111101111010011111110000010001110001111110111 \%
b1010011111011111 F&
#43
b10000000011011111011000001100000111000001001000001111110101011110011 \%
b1010011111100000 F&
#44
b111010110001101000011100000101100001000011101011000100101110011111111011 \%
b1010011111100001 F&
#45
b111011110000011011101010111101111110111011111101111111000000000111111010 \%
b1010011111100010 F&
#46
b11111111111111110110111100011111000100001110000001010000110011110111 \%
b1010011111100011 F&
#47
b111011000000101111110110111110001111111011100100111100011111000100100001 \%
b1010011111100100 F&
#48
b1000010000111000010000111011101111111000001010000111011111110011111100 \%
b1010011111100101 F&
#49
b100001101000101110010001111111001000001101101101100011010 \%
b1010011111100110 F&
#50
b1000010000100000001110000000101110110111110011000001001110110011101110 \%
b1010011111100111 F&
#51
b111010000001001000101101111111111111001111110001111011101110111000101111 \%
b1010011111101000 F&
#52
b111011111010100000100000010011111100111100110000011011110110011111011 \%
b1010011111101001 F&
#53
b111011101111011000011011111100100000000000010111110111001111010111111001 \%
b1010011111101010 F&
#54
b100111111111100011010111101111111110000001110111100000000011011100010 \%
b1010011111101011 F&
#55
b1011001110100100010001111100110010100111101001111100010000000011101101 \%
b1010011111101100 F&
#56
b111110000001001000000010000010011111010111100111000110101110111011100011 \%
b1010011111101101 F&
#57
b11101111001011111111001011010000000100001110111011011111111000101101 \%
b1010011111101110 F&
#58
b100101111010111011110000110001110110111101001001011001101001011101011 \%
b1010011111101111 F&
#59
b10000001000000101111101000000010111111001111100101110101011111111 \%
b1010011111110000 F&
#60
b110100100000000111110000111010011111111011101110111000000000110111101010 \%
b1010011111110001 F&
#61
b111110010000011000000110000101101110111111111101111101010000111100000000 \%
b1010011111110010 F&
#62
b11111111100100110000111111110110011111010111101000000100011111110 \%
b1010011111110011 F&
#63
b111010111110001000110111111110111111101100000101001000110001010100000001 \%
b1010011111110100 F&
#64
b1000001111000111111001000001000000001000000000000011110001100111111100 \%
b1010011111110101 F&
#65
b111010110001111011110100111101111111101011110100000111101111000111110011 \%
b1010011111110110 F&
#66
b1010000000100111110111111001110001110100011111000010110000110011101101 \%
b1010011111110111 F&
#67
b111111111101110111110011111110000001101100001011000101101110110111110001 \%
b1010011111111000 F&
#68
b101110000100111111010111010101110000100011001111010001111000100001001 \%
b1010011111111001 F&
#69
b111011011110111011110000000111101110010100000000001011001110111011101101 \%
b1010011111111010 F&
#70
b111001000001010011111100111000100000111111111000111000110000111011101110 \%
b1010011111111011 F&
#71
b101001111011011111001111101001110001011111111000110010000101111101100 \%
b1010011111111100 F&
#72
b1000111110001011111011111100010000001111111100000001100000000011111011 \%
b1010011111111101 F&
#73
b101110011100110000000000001111001011110011111010000010010011100111 \%
b1010011111111110 F&
#74
b111101011111010100001111000000110001100100100111000101100000001000001010 \%
b1010011111111111 F&
#75
b111110011111010111110011111111000001000111111110111111000000010011110100 \%
b1010100000000000 F&
#76
b111101111111001111111101111011001101101111011100110111001111000111101111 \%
b1010100000000001 F&
#77
b110101111001011111111000001110000010000110000000100011110110011111110 \%
b1010100000000010 F&
#78
b111111001111101111110100111110101110101000010000000101011110101000001111 \%
b1010100000000011 F&
#79
b111101010000111000010101111110001110100111100110000010011110011011010111 \%
b1010100000000100 F&
#80
b11111111010011111111000010111110100011100111001001110000110000010000 \%
b1010100000000101 F&
#81
b1011100010111000111110001100011110001111101100000110100000101 \%
b1010100000000110 F&
#82
b1101000000011100000000111100001110000011111000000101100000111111110010 \%
b1010100000000111 F&
#83
b111010101110100000001010111101001101110000001111111101110001101111111111 \%
b1010100000001000 F&
#84
b111101111111110100000100001100110001000011101101000110111111000111111100 \%
b1010100000001001 F&
#85
b111111000001110100001101111010010000100111110000111110101110101000010110 \%
b1010100000001010 F&
#86
b111101010001101111100100001000100010010011101000001001001111100000100000 \%
b1010100000001011 F&
#87
b110110000000011111000111100101111111111111111111100011111000011110101 \%
b1010100000001100 F&
#88
b1010111110101100011110111010101111010011100011111110101111001011110110 \%
b1010100000001101 F&
#89
b1111110000101000111111111111101011111101001010101111100011110001 \%
b1010100000001110 F&
#90
b111101001111110100000010111101011111011011111110000110101110010011111111 \%
b1010100000001111 F&
#91
b111101001110101000010011111100001111001111111001000011001110100111111110 \%
b1010100000010000 F&
#92
b111111100010011000000001000000001110100000001011001010101111111100001100 \%
b1010100000010001 F&
#93
b1000111111111000000100000111010000110000011111000010111111100000011010 \%
b1010100000010010 F&
#94
b111111010000000000001000111101100000110000001001000100001111001000000011 \%
b1010100000010011 F&
#95
b101010000101100000111001000010000111100001000000010001110100100000101 \%
b1010100000010100 F&
#96
b11111111110011111010111100100000010000010010111101100010010100000011 \%
b1010100000010101 F&
#97
b101111101000000011000011100001011000011100111111111111101000000011 \%
b1010100000010110 F&
#98
b111101101111100000110100000010001110100100001010000001000000001100001000 \%
b1010100000010111 F&
#99
b111010001110010111110010111111010010000111111100111011110010110000111010 \%
b1010100000011000 F&
#100
b110111110001011111110100111100001110101100001001000100000000110000011001 \%
b1010100000011001 F&
#101
b111000100001110011101110000101110001101111100011000110000000001011110000 \%
b1010100000011010 F&
#102
b1101101100011111000111100101111010000000010000000101101000011110110 \%
b1010100000011011 F&
#103
b111101111110010111110111111110111111011000111111111111111111010000001000 \%
b1010100000011100 F&
#104
b1001111010111101111111000001111001000001001000010110010001111100001 \%
b1010100000011101 F&
#105
b1110000001000 \%
b1010100000011110 F&
#106
b111111001111101111111110000011101111101000001110000111000000011011110100 \%
b1010100000011111 F&
#107
b100111111101011110001111100101111011011110011000011110000001100010010 \%
b1010100000100000 F&
#108
b111011000000000111110111000001111110110100101010111101000000110000000000 \%
b1010100000100001 F&
#109
b111101011111111111111111111101000010001000011001000000101111100000010010 \%
b1010100000100010 F&
#110
b101011110100000011000111111010001100000010100000100001110110100001000 \%
b1010100000100011 F&
#111
b111101000000001111110010111111001111110100001000111111000000011000011011 \%
b1010100000100100 F&
#112
b110111000000010111110001111110011110011000001010111110100000101100001010 \%
b1010100000100101 F&
#113
b111100111111100100001101111100111110110011100010111101101111101000000000 \%
b1010100000100110 F&
#114
b111111010001100011111001111011001111011111110100000001101111011100010110 \%
b1010100000100111 F&
#115
b111011010010100011101011000001011111011000000001111011111110100111101111 \%
b1010100000101000 F&
#116
b111100110001100111110011000001111111100111110010111110100000011111110111 \%
b1010100000101001 F&
#117
b1 )
b111100011111111100001000111010111110011100100001111011111111011000001000 \%
b1010100000101010 F&
b10010100011101101000110010010110101011101100000010000000011110100111001 X'
b1 Q(
#118
b0 )
b111110011111110011111110111110110011111111000000010000010111110101 \%
b1010100000101011 F&
b0 X'
b10011000111010 B(
b0 Q(
#119
b1001111111100001110111111011111101100010110111100000000100111111001 \%
b1010100000101100 F&
#120
b1000100000010111100011001001011111000011111010111001010010000000100111 \%
b1010100000101101 F&
#121
b10111111010111110100000100111111111000000100111101001111110011111001 \%
b1010100000101110 F&
#122
b1001110100100100100111111111110110000000000111001110000110011111011 \%
b1010100000101111 F&
#123
b101110100111100111111101010000110000001001000001100000101100001111 \%
b1010100000110000 F&
#124
b111101001110111011111111001001011111010000010000000100001110101111110110 \%
b1010100000110001 F&
#125
b111010101111010011110100111010111110100111100010000011001111101100000000 \%
b1010100000110010 F&
#126
b1110110100001001111111110001010000010001001001101111111011101001 \%
b1010100000110011 F&
#127
b110001100100011111111100101110101011110100111011001110110111111011 \%
b1010100000110100 F&
#128
b111101111111010011111000001001111111100011101100111111010000100100001011 \%
b1010100000110101 F&
#129
b111110101110100011101110000100101111101000101111000000111111011100010110 \%
b1010100000110110 F&
#130
b1010101111110111101000001001110000001100001111111110001111010011110010 \%
b1010100000110111 F&
#131
b110110111110111111111101000011111110111000011111001000001110110000000110 \%
b1010100000111000 F&
#132
b111110000000001100011101111110100000000111100110000111101110100011111110 \%
b1010100000111001 F&
#133
b111001111100011110111111100101110111111111011001101001110101011110111 \%
b1010100000111010 F&
#134
b10001110111111110111101000000100111011110111011011111101000001011 \%
b1010100000111011 F&
#135
b111011110000111011110010111111011111011000010001111101101111011100010111 \%
b1010100000111100 F&
#136
b111100011110010100101100000010101111000000100001000110001111100100000011 \%
b1010100000111101 F&
#137
b110011111010000010111000010011110000100101011111100010000101100000101 \%
b1010100000111110 F&
#138
b111101101111110000011110111010101111011111111100000110111111110111101001 \%
b1010100000111111 F&
#139
b111110000000000111111101000010000000010111100100000101011111111000010010 \%
b1010100001000000 F&
#140
b111111000001110011011101000000100000100000000000111101101111111111101011 \%
b1010100001000001 F&
#141
b111010001111011111111001001010100000010000011001111110100001100011101101 \%
b1010100001000010 F&
#142
b1101000001000100001001111011110000000111101111111011110000000100000000 \%
b1010100001000011 F&
#143
b111111010000101111110001111100100010000000000000000100010000111100100101 \%
b1010100001000100 F&
#144
b1001011111000000001101000100100000100111110011111100101111000111110100 \%
b1010100001000101 F&
#145
b1111001000000010111100110100000111011011111110111111011100000001 \%
b1010100001000110 F&
#146
b1111111010111100100111011110000011000010100000111001110101111110011 \%
b1010100001000111 F&
#147
b111110110000100111111111000000100001100111110010111100101110110111100110 \%
b1010100001001000 F&
#148
b111100111111101100001101111110111111111000001100000110010010110100010100 \%
b1010100001001001 F&
#149
b111001100000001100000111000100101110010111101100000010100001110011110000 \%
b1010100001001010 F&
#150
b10101111101011111000111011010000001111111110111000110000010000010001 \%
b1010100001001011 F&
#151
b1011010000001100000001111110101110110100101000111010111111010100000000 \%
b1010100001001100 F&
#152
b111001110000101000010111111100101111000111111001000010100000010100001111 \%
b1010100001001101 F&
#153
b100011111011111110101111101101111110011111000001011010000001111110001 \%
b1010100001001110 F&
#154
b111101111111101111111101111100110010001111101101111011000001110111101010 \%
b1010100001001111 F&
#155
b111110011111100000011110000010000000101111101110111110110000000000101000 \%
b1010100001010000 F&
#156
b111111001110111011101111111110111111111011111010000011000001010011110001 \%
b1010100001010001 F&
#157
b10101110111011111101111111101111000000001011111111001111101100010100 \%
b1010100001010010 F&
#158
b10000000011011110000111011010000101011101110111011101111110111110100 \%
b1010100001010011 F&
#159
b111100101111001000010110001010101110111111111111000110000000101011110000 \%
b1010100001010100 F&
#160
b111111001111101011101110111011011111111100011110000100000001100011011100 \%
b1010100001010101 F&
#161
b111010010000101011101000111110101110001011111010000110100000111111101011 \%
b1010100001010110 F&
#162
b100100000011100011111111011011110011011111000000001011101101111111001 \%
b1010100001010111 F&
#163
b111100001110000000010000011111111011011100011111101001111011100010100 \%
b1010100001011000 F&
#164
b111001101111000011111011111011100001011011101010000100010001100011101010 \%
b1010100001011001 F&
#165
b111110011110110011111110111110110000010111110110000110101111111111101101 \%
b1010100001011010 F&
#166
b111110010001010111101110111101010001011000010111000100011111111111101011 \%
b1010100001011011 F&
#167
b110110111101001111100000001111111101101110110111101110 \%
b1010100001011100 F&
#168
b111000100001000111101101111000100000110011110110111011011111110000000010 \%
b1010100001011101 F&
#169
b111101011111100111111001111100111110111000000000000101011111001111110100 \%
b1010100001011110 F&
#170
b111101010001010011101011111010010010000100001011111110100001000111101111 \%
b1010100001011111 F&
#171
b111100001110101100010011111101101111001000010110000010000000110100000001 \%
b1010100001100000 F&
#172
b1001110001000001100000100101110110111110010000100001110011111111011 \%
b1010100001100001 F&
#173
b11000001001011101011000110100001000111101010000100111110111011111001 \%
b1010100001100010 F&
#174
b111010111110000111101001000001110000100100101111111011100001110011110111 \%
b1010100001100011 F&
#175
b111001001111011000010100111001001110010011101100000101010000000111101001 \%
b1010100001100100 F&
#176
b111011011110111011111111111100000000011000000010001010000000011111111011 \%
b1010100001100101 F&
#177
b111110110010011000000000000001100000000000101100000010001111001011101111 \%
b1010100001100110 F&
#178
b111101010001011000000010001001110000000111110100111101110000100011111000 \%
b1010100001100111 F&
#179
b111110101111010000100011000010111111011111111100111110100001101000000101 \%
b1010100001101000 F&
#180
b10111110010000000010111110011110111111011011111110001110110100000111 \%
b1010100001101001 F&
#181
b101111101110111110101111110010001100000100010111111100001010011111011 \%
b1010100001101010 F&
#182
b111011000001100100100001111101110000001111111100000000101111011011110110 \%
b1010100001101011 F&
#183
b1001110000110111001110111100001111101111110111111111111110111111111001 \%
b1010100001101100 F&
#184
b111100011111110011110001000110111111110000110100111110110000000111101101 \%
b1010100001101101 F&
#185
b111001011111100011101101111000101111111111111011000010001111011011111000 \%
b1010100001101110 F&
#186
b111111010001001111111010111101100001111111111110111001110000010011101010 \%
b1010100001101111 F&
#187
b111010101110110000001110000001001111010100000011000110101110111000010100 \%
b1010100001110000 F&
#188
b10001111010000010001111100111110100100010000000000001101111000010111 \%
b1010100001110001 F&
#189
b111010110001001111111000001001001111010100010110111010101111101100000001 \%
b1010100001110010 F&
#190
b111111110011101110111000110001001100011011111101011111011100100000 \%
b1010100001110011 F&
#191
b111110010001111100001110111101011111000011101110111010011111011011101010 \%
b1010100001110100 F&
#192
b111010111111111011110110000111000000101011101110111011010011010100011001 \%
b1010100001110101 F&
#193
b110110111111011100001001000001000011010000000101111111101111101000000011 \%
b1010100001110110 F&
#194
b111111000010001011110001111110100000011000011010111011010000011111100111 \%
b1010100001110111 F&
#195
b111011100000001011110000001011101111010011111111111011111111101111110001 \%
b1010100001111000 F&
#196
b111000100011000100000111111111011111001011100101111010111110100100011000 \%
b1010100001111001 F&
#197
b101110000100100010110111111111111010000110000111111101110101100000000 \%
b1010100001111010 F&
#198
b110100001010000011100111100101111011011110111111010111111111000001000 \%
b1010100001111011 F&
#199
b111010110010001100011000111110001111101100001110000001101101100111110101 \%
b1010100001111100 F&
#200
b111111101110110111111001110110110010001111101101111110111101110111110110 \%
b1010100001111101 F&
#201
b101110111100000010000000100000001011110000000000011110011000011110 \%
b1010100001111110 F&
#202
b111100101110111000011001111111010000100011110010000010001111111000010010 \%
b1010100001111111 F&
#203
b111101011110100111110110000001000001000000010011000111100000011111111110 \%
b1010100010000000 F&
#204
b111010010000010011111101111110111111101111101000111011111111001111011101 \%
b1010100010000001 F&
#205
b110100001010100001100001010100000001111110101111010101111010000001010 \%
b1010100010000010 F&
#206
b100001111001011110111111101101110011000000111111001110000001100000011 \%
b1010100010000011 F&
#207
b10111110110000001001111110100001000011111010000110111111010100010111 \%
b1010100010000100 F&
#208
b101001110010000000000001000010000100011111110001000110000110011100101 \%
b1010100010000101 F&
#209
b111101110001101100001011111100101110111111101010000011011110010100000111 \%
b1010100010000110 F&
#210
b11000001001011110100111111000000101111111001000000011111000000011000 \%
b1010100010000111 F&
#211
b111100001111010111101100111110011110101100100111111111011111100100011100 \%
b1010100010001000 F&
#212
b1111101100111110000111110011111000100000100111100111111011011111110 \%
b1010100010001001 F&
#213
b111001101111001100011101110111011110101111111101111001010001001011111011 \%
b1010100010001010 F&
#214
b1000101110101100101001111011011111011000001101000011001111000000101110 \%
b1010100010001011 F&
#215
b101101110111011110011000011010001001000011010000111110010011011111000 \%
b1010100010001100 F&
#216
b11001110010000001111110111101110011111110101111111010000000011111000 \%
b1010100010001101 F&
#217
b111001001111010111110010000010110001001011101101000011111110010100001101 \%
b1010100010001110 F&
#218
b111111011111011011111110000011011111001000100110001110011111000100001000 \%
b1010100010001111 F&
#219
b111110000010111011110010111101010000101111111101000111110000111011110000 \%
b1010100010010000 F&
#220
b11000000000100011001111010000001111011010111111110101110110000011000 \%
b1010100010010001 F&
#221
b111101001111011100111000111011101111110111100101000111000000101011110100 \%
b1010100010010010 F&
#222
b111110111111100011101100111101111111100000001100001011100000100111110001 \%
b1010100010010011 F&
#223
b11111110010100011010000001011110110000000101000000010001001111111010 \%
b1010100010010100 F&
#224
b111010101111110111101101111100110001101000011100000001111111010100010111 \%
b1010100010010101 F&
#225
b1001001110100011101011000001100001010111100111111100001111011000001001 \%
b1010100010010110 F&
#226
b100000000100111101000111111011110100011110101111110100000111100001111 \%
b1010100010010111 F&
#227
b110100000111100000101111100100001110111111101111101001111011011110011 \%
b1010100010011000 F&
#228
b111010000001100011111001111111100000001000010010111100000000011111110001 \%
b1010100010011001 F&
#229
b111100101110011111110101000101111110111011101000111100100000010111110100 \%
b1010100010011010 F&
#230
b111111111111111100001101000010010000011011111011111100111111001111110100 \%
b1010100010011011 F&
#231
b111100100000101100010110111010101111000000100100111101101111001011110000 \%
b1010100010011100 F&
#232
b111110001111111011111001000000010000001000000110000110001110110000001111 \%
b1010100010011101 F&
#233
b111111010000011011100111111001010001111111111000111100000000010011111110 \%
b1010100010011110 F&
#234
b111001101111110000110001000000011110111111111111111011011110100111101011 \%
b1010100010011111 F&
#235
b111111110011011110011111100111110111100100001000011110011100011101111 \%
b1010100010100000 F&
#236
b111010101110100100000100000111000010010000000110111111010001000111111111 \%
b1010100010100001 F&
#237
b111111101111101100000101000010101111000011101000111100010000110000001010 \%
b1010100010100010 F&
#238
b11101111011000010100000100101111101100010101111110110010010011111001 \%
b1010100010100011 F&
#239
b1010000111000001000111110110010111111111001111100011111110111110001 \%
b1010100010100100 F&
#240
b111111101111000100010011000000011101101100100011111101001110101011100101 \%
b1010100010100101 F&
#241
b111001101110111100011100000101100000110100010111111101011110110000011011 \%
b1010100010100110 F&
#242
b11111100011101110111110011111101011110101000110001110000111101100 \%
b1010100010100111 F&
#243
b111011000000100000000111111110001111011111110000001000110000001000000111 \%
b1010100010101000 F&
#244
b111110111110000111110010000100111111000000101110000101011111000011111001 \%
b1010100010101001 F&
#245
b1011111101111101011000000011110011011110111111101100001100111111000 \%
b1010100010101010 F&
#246
b111101011111110111111101000000111110111111110110000000100010011100001110 \%
b1010100010101011 F&
#247
b10011111010100010000001001001110110000101110111001001110100000010000 \%
b1010100010101100 F&
#248
b1011011110010 \%
b1010100010101101 F&
#249
b111011101111101100111011111100111110011100011110000100001111000111110011 \%
b1010100010101110 F&
#250
b11000010010100000011110110111111001111110010000010101110110111111000 \%
b1010100010101111 F&
#251
b110111011111001011111101111101000000111100011011000001000001000111110000 \%
b1010100010110000 F&
#252
b111110110010100111111001000100000000001100010011111100011110101011111111 \%
b1010100010110001 F&
#253
b11010000110111111111110101010000000011100100111111110000001011111001 \%
b1010100010110010 F&
#254
b1011000000001100001110000010011111010111111101000110111110110000000011 \%
b1010100010110011 F&
#255
b111101010001111100000111111111111110101111110110111111001111101100000000 \%
b1010100010110100 F&
#256
b111101011101111011111011111100101111101000010110001000111110001111011011 \%
b1010100010110101 F&
#257
b111111110000101111101010111010101111110111110101111111001111010011110011 \%
b1010100010110110 F&
#258
b111010000011111110100000101010000011111101101111110001111110000000010 \%
b1010100010110111 F&
#259
b1100000001000000100111110000001111011101110000011010001101011110010 \%
b1010100010111000 F&
#260
b1 )
b11101111110100100001000001011111011100010111111001111111110111101011 \%
b1010100010111001 F&
b10001110101000101001110010001110101110101010010010001010100111001001000 X'
b1 Q(
#261
b0 )
b111001011111111000001000111010000001101000010000000011011111000100100000 \%
b1010100010111010 F&
b0 X'
b10011000111011 B(
b0 Q(
#262
b111011001111001100010110111000001111110100100111111111101110010100000111 \%
b1010100010111011 F&
#263
b111010001110010000000001001101110000000000001000000000110001101011101101 \%
b1010100010111100 F&
#264
b111110101111000100011010000011000000110100011011111111101110101100010101 \%
b1010100010111101 F&
#265
b111011011111101100001110111101110000100000000001111111010000101100001111 \%
b1010100010111110 F&
#266
b111101011111101111101011111011101110101111101001110010000000100100010001 \%
b1010100010111111 F&
#267
b110000000001000001000110100011111100000010101111101000000011011010010 \%
b1010100011000000 F&
#268
b111110011110110111111111111101111111110100000010000000110000111011100001 \%
b1010100011000001 F&
#269
b1111111111000001000000100100001010111111110000011011110100111110111 \%
b1010100011000010 F&
#270
b10010001000111100111111001110000111111100111111111001101111011111101 \%
b1010100011000011 F&
#271
b101100000111011110100111110000000100011110100111000001110011000001001 \%
b1010100011000100 F&
#272
b111010100001111100001100000001101110101011110001000100111101001111110111 \%
b1010100011000101 F&
#273
b110011101101011111010000011101111001111110011110110011111100011011100 \%
b1010100011000110 F&
#274
b110111001111011100000000000110000000000000100000110110111111101111111101 \%
b1010100011000111 F&
#275
b11111011011111001111110000000001111100111111011000000001100001010 \%
b1010100011001000 F&
#276
b101101110000100001111000001000001000011110110000000101111100111101100 \%
b1010100011001001 F&
#277
b111110000001101000010100000100011111000011110100000010000000100000100010 \%
b1010100011001010 F&
#278
b111100011110111011111001110110001110001011110000111111101111011011110011 \%
b1010100011001011 F&
#279
b110111010001101011100001111100110000100100000000000100001111110011011010 \%
b1010100011001100 F&
#280
b111110000010111111110111100001110001100011010111101110001101011011101 \%
b1010100011001101 F&
#281
b1001000001110000001010000111000001000111100110000001000000000000000011 \%
b1010100011001110 F&
#282
b111001010000010000010010000100000001100111111000111111110000100100011000 \%
b1010100011001111 F&
#283
b1101100001100100011000111100010000111000011111000000001111000000000001 \%
b1010100011010000 F&
#284
b10100000111100001000000100111111011000011000111111000001010100001111 \%
b1010100011010001 F&
#285
b10110001000000000100000111100001010011101100000010110010111011101000 \%
b1010100011010010 F&
#286
b111011000000100000001110000101011111011011111100111110001101011100001100 \%
b1010100011010011 F&
#287
b101101111110111110110000000000000001100000001111010100001100100010100 \%
b1010100011010100 F&
#288
b111111101101101111110011000000101100110000010011111101110000001000000111 \%
b1010100011010101 F&
#289
b10000100100000110001001100001100100001101111011100000011011101000 \%
b1010100011010110 F&
#290
b111111111111101111011101111000110000100011111110000111000000000111111011 \%
b1010100011010111 F&
#291
b10001111000100010111111100110001000111111011001000011111011011111101 \%
b1010100011011000 F&
#292
b111101100001010111111110111101111111001000000101000110111111011100000100 \%
b1010100011011001 F&
#293
b101101110100111011001000100001111001000000101110111010000001000000010 \%
b1010100011011010 F&
#294
b101011111001000001111000011111110110100001000000011111101010111110100 \%
b1010100011011011 F&
#295
b100010010000011101111001010101110110111111111111101010000100000011110 \%
b1010100011011100 F&
#296
b111100110000010011111001000110000001000000011010000010010000011000010000 \%
b1010100011011101 F&
#297
b111001011110011100001001111000100000011011111110111000111110101011110101 \%
b1010100011011110 F&
#298
b110001110010000000101111100101111001000011001000010100001111100100000 \%
b1010100011011111 F&
#299
b100011111111000010010000010001111010000001111001001010000111000000010 \%
b1010100011100000 F&
#300
b110110110000011000011001000000011111000100000100111100110001000100001110 \%
b1010100011100001 F&
#301
b1111111100111111110111000000001100111110100000010100001000100001011 \%
b1010100011100010 F&
#302
b10000010000001000000011011111110111111110000100100001010011111000 \%
b1010100011100011 F&
#303
b101000001100000000111111010110000110011111111001001101110001011110011 \%
b1010100011100100 F&
#304
b100101110110011111010111001011101110000000011111110010000011111111000 \%
b1010100011100101 F&
#305
b111110011101111011110110000000100001100000010100000100100000001111111000 \%
b1010100011100110 F&
#306
b110000000011100001001000011100000000111110000111100110001100000001010 \%
b1010100011100111 F&
#307
b100101111111100000010111010110001010111110001111110111111110111111101 \%
b1010100011101000 F&
#308
b11101111101000100011000110110001010011110000000111000000110000001001 \%
b1010100011101001 F&
#309
b111110000001000100000011000001010010001100000111000011000000110111101011 \%
b1010100011101010 F&
#310
b1000000010011111110001011101101010000010101000110101110101000001110 \%
b1010100011101011 F&
#311
b111010110001110111110000111010000000011011111110000001110000011000010001 \%
b1010100011101100 F&
#312
b110111000010001100011100111101011110110011101011111101111110100000001111 \%
b1010100011101101 F&
#313
b111101011110101100000010111111000000110011101111000110111111101000010001 \%
b1010100011101110 F&
#314
b111110101110010000011001000001110000010100010111000100001110110000010001 \%
b1010100011101111 F&
#315
b1010001011111101100001000111110110011110100000111010001010000001001 \%
b1010100011110000 F&
#316
b1110010110011101111000001001111010011111111000010001110000111011000 \%
b1010100011110001 F&
#317
b111110001111011100100101000011001110111000001010111101101111111111110110 \%
b1010100011110010 F&
#318
b11111110101100001110000110100000010100000010000010100000100011010011 \%
b1010100011110011 F&
#319
b1011110101011111101000101100010100100011010000110100001100111110101 \%
b1010100011110100 F&
#320
b111001010001110000010000111110100000101111111000111101100001100111110000 \%
b1010100011110101 F&
#321
b110001110010011101010111100100001100111101110111100111111100000001001 \%
b1010100011110110 F&
#322
b111110101111110111000001011111101100001100000011100001100100100000 \%
b1010100011110111 F&
#323
b101110000101111111101111101011110001111111100000001011110000100001101 \%
b1010100011111000 F&
#324
b110001110011111001000100110000000100010011000100001110100000011010 \%
b1010100011111001 F&
#325
b111110010001110100011110111111101111110111110110111110111111011100011100 \%
b1010100011111010 F&
#326
b1011110100111110101111111100001110111101111000101010000110111110001 \%
b1010100011111011 F&
#327
b1111110011101111000000100000001100000011111011101101100111111110 \%
b1010100011111100 F&
#328
b111110011101101111110010111110000000101100001001111101001101101100011001 \%
b1010100011111101 F&
#329
b110001110000000100111110100000101011111110000001011111101111111010 \%
b1010100011111110 F&
#330
b1001011110111000011100000000100000110000010001000001100000001100011010 \%
b1010100011111111 F&
#331
b11111011000001001111110000001010000011111111010111110001111101011 \%
b1010100100000000 F&
#332
b111000111111110100000100000100001110110000010101111101101110110100000011 \%
b1010100100000001 F&
#333
b10000010011011111111000101010000000100100010000000111110101000000001 \%
b1010100100000010 F&
#334
b111110110001101100101000111001111111101011101010111111110000011000000001 \%
b1010100100000011 F&
#335
b110001100100011010111010000000110000001110000011111111100100011011 \%
b1010100100000100 F&
#336
b1000101111101111111110001001001111111000001001111000110000110000100011 \%
b1010100100000101 F&
#337
b10101111110111111001111100100010010111111101000101001111111000110110 \%
b1010100100000110 F&
#338
b111101010000011000000100111100100001011000000010000101001111001011100010 \%
b1010100100000111 F&
#339
b111000100010001100000000111000001111001000011111111001101111001100010110 \%
b1010100100001000 F&
#340
b111111101111010111110110000010011110110100001100111101011111010111111111 \%
b1010100100001001 F&
#341
b101011111111100000111111011100001100100001011000010010001010000001100 \%
b1010100100001010 F&
#342
b111001101111011011101000000010100000000000010011000101011111101100100001 \%
b1010100100001011 F&
#343
b110111111100111110110000111110000010111101010110111111111010011111111 \%
b1010100100001100 F&
#344
b11111110000100000100111010111111001000000100000001001110100100101000 \%
b1010100100001101 F&
#345
b111110001111111111110101000011010010000100100100111001011111110100001111 \%
b1010100100001110 F&
#346
b111000011111001000010001000011011110010000000100111010110000111100010110 \%
b1010100100001111 F&
#347
b111001011111110011111110111000111111100011101111111010000000101000000110 \%
b1010100100010000 F&
#348
b1001011111111100011100000100101111101111110101000011010001100100001110 \%
b1010100100010001 F&
#349
b100101101101100010001111101101111001000100001111011000001101111101011 \%
b1010100100010010 F&
#350
b111101110011100000011111001100001100000000100000101010000001100011001 \%
b1010100100010011 F&
#351
b111110011110000011101110111101001101011000001010001001000000000000000100 \%
b1010100100010100 F&
#352
b1100110010010000100101000001001111001100011101000110011110001011111101 \%
b1010100100010101 F&
#353
b111011110000010000001101000101100000100100101000111101000000010011110101 \%
b1010100100010110 F&
#354
b110111001110001011100111111010011110100111110100000011001110101011100110 \%
b1010100100010111 F&
#355
b110111111010011111110000010011110011011100011000011010001011111110011 \%
b1010100100011000 F&
#356
b111111111110110000001011111010010000110100011111111110100001010100011000 \%
b1010100100011001 F&
#357
b10100000001011110000000010101101100011111001000110001110100011111000 \%
b1010100100011010 F&
#358
b111110010000110100001011000000101111111000101000000111100000010100000010 \%
b1010100100011011 F&
#359
b111010101110100111111100000011000001011011011000111101011111111111101111 \%
b1010100100011100 F&
#360
b111110100001011000001001111011101110101000010000000000101110101000001010 \%
b1010100100011101 F&
#361
b111011101111111101110111100011101110011110101000010010001011000000011 \%
b1010100100011110 F&
#362
b111110010111011111101111011111110011111110110000100011110110111100011 \%
b1010100100011111 F&
#363
b111110010001000100000000010001110100100011111111010101101110100000100 \%
b1010100100100000 F&
#364
b111111011101011011111010111101110001000000001000111101100010000011111010 \%
b1010100100100001 F&
#365
b111010001111100111100000000101011111000011110110111001000000110011111010 \%
b1010100100100010 F&
#366
b111100010001011100010110000011100000011111111010000111101111000100101001 \%
b1010100100100011 F&
#367
b1001111111101011110010111111100000011111110011000010110000000111111011 \%
b1010100100100100 F&
#368
b100100001010100000100000000101111011111100011000000001111111011111111 \%
b1010100100100101 F&
#369
b110111110001111111111010111011001111011111100000000111001111111000001011 \%
b1010100100100110 F&
#370
b101110000101100001101111000001111100100011010111011001111100100100110 \%
b1010100100100111 F&
#371
b111110010001010100000001111100001101110100000100000000100000100111101111 \%
b1010100100101000 F&
#372
b1000001111111000100001000001111111011100100101000010010010010000000101 \%
b1010100100101001 F&
#373
b111100101111001011110100111110110001000000001001000010101111110111100000 \%
b1010100100101010 F&
#374
b111001100000101011111011111000100010100011011011111110000001000011110100 \%
b1010100100101011 F&
#375
b111110010001111100011111000010100001001011111100000101111111111011100100 \%
b1010100100101100 F&
#376
b111000001110000100100111101110001111111101010000010010000110000001000 \%
b1010100100101101 F&
#377
b111101010000011100010111111101100000011100000000111010000000101011110010 \%
b1010100100101110 F&
#378
b1011111110111110101111110000000010100000110111111111111110000010101 \%
b1010100100101111 F&
#379
b111110101111011100001110001001110001100100010111111110101111011100010110 \%
b1010100100110000 F&
#380
b111100000000010100100011111111101111101111101010000000101111010011111011 \%
b1010100100110001 F&
#381
b111110101101011100001001000110000001100100000000111100110001010100100101 \%
b1010100100110010 F&
#382
b111010011111101000000101000000100010101100100010111010001110110100101100 \%
b1010100100110011 F&
#383
b111001101101100010110111101110000000000010001000101101111010011110101 \%
b1010100100110100 F&
#384
b111011110001110111101000111101000001010100000001111100000000001111110011 \%
b1010100100110101 F&
#385
b111110101111010011111001111011001111101111101101000100001110111111110010 \%
b1010100100110110 F&
#386
b111110011111100111111100111000001111101000001000000111000001101111110110 \%
b1010100100110111 F&
#387
b111100111111111000011001000100111111011111110110000100011111100011111011 \%
b1010100100111000 F&
#388
b101011111011000000010111110011110110011110001110111100000110111111000 \%
b1010100100111001 F&
#389
b111111001110111100100101000110000001011100010000111100101111101000000011 \%
b1010100100111010 F&
#390
b10000001000001000000111011110111011111011000010101111111000010010 \%
b1010100100111011 F&
#391
b1111010100000101 \%
b1010100100111100 F&
#392
b111101110111111101110000100000000000011100011111011000000010011110110 \%
b1010100100111101 F&
#393
b111010001111010000010101111001011110111100000101111110011110010100001001 \%
b1010100100111110 F&
#394
b111011100010001000100001111100100001111000001101111110110000010000000010 \%
b1010100100111111 F&
#395
b11111110010000000001000000111111001100001100111111011111000100011010 \%
b1010100101000000 F&
#396
b111100101111010000001110000010001111000011101111111111111110111111111111 \%
b1010100101000001 F&
#397
b111011011111110111110100000100100001010011111011111101011110111100001000 \%
b1010100101000010 F&
#398
b11111111011000000101000111100001110111111011111000111111101000000010 \%
b1010100101000011 F&
#399
b110100000011011110001000011110001011000011000111111111111101011111010 \%
b1010100101000100 F&
#400
b111110111110011011111101000100000000010011110111111000111111101000010110 \%
b1010100101000101 F&
#401
b110000000111100010110111111001111100111111100000110011111001000000000 \%
b1010100101000110 F&
#402
b111010000011111111100111101000000101100000001111100101111110100001111 \%
b1010100101000111 F&
#403
b1 )
b11011111110100001111111011110010010000001100111111010001001011100001 \%
b1010100101001000 F&
b10110110100110001011111010100000010110001011001010000010011100100111011 X'
b1 Q(
#404
b0 )
b101001110001111110111111101000001101000000010111000001110010011111100 \%
b1010100101001001 F&
b0 X'
b10011000111100 B(
b0 Q(
#405
b111010010000110011111001110110000010100000000001000011101110101111111100 \%
b1010100101001010 F&
#406
b10001111100011110000000001000000001111111110111011101111001100001000 \%
b1010100101001011 F&
#407
b111101000000010011111001111110001110111111101101111001100000010000011001 \%
b1010100101001100 F&
#408
b100001101110000001111000001101110111111111010000101111101110011010100 \%
b1010100101001101 F&
#409
b111101110001001100001100000101000011110100010000000011101111100111101011 \%
b1010100101001110 F&
#410
b111011001101110100000111111110011111110100010010111000111111100000010010 \%
b1010100101001111 F&
#411
b11111111001000010010111010101101110011111110111111110001000100011101 \%
b1010100101010000 F&
#412
b10011111101000100101111101110001001100100001000010000001001011110111 \%
b1010100101010001 F&
#413
b111100010000110111100100111001000001010111110001111001011110000100000001 \%
b1010100101010010 F&
#414
b111100010000010100000011110111000000110000011101000011100000000011111011 \%
b1010100101010011 F&
#415
b111100111111110000000111111011010001111100000110111100111101000111100100 \%
b1010100101010100 F&
#416
b111110010001100100010000000111001111001111101001111010011111101100001010 \%
b1010100101010101 F&
#417
b110111111111100011111011111010100000000100010011000001010000001000010101 \%
b1010100101010110 F&
#418
b111110001110111111110110000010110010110100011111000001100000000011101100 \%
b1010100101010111 F&
#419
b110101001111000100011100111110000000110111110010111100000000001011101011 \%
b1010100101011000 F&
#420
b110011110101011101001000100111110100011110101111110111111100111110001 \%
b1010100101011001 F&
#421
b111111100001001011111111000010110010001100101001000000001111010011111001 \%
b1010100101011010 F&
#422
b1000010000101111110011111011011111011000011001111110001111001011110001 \%
b1010100101011011 F&
#423
b101111000111110111111011111111111000001100111110010000101000001000 \%
b1010100101011100 F&
#424
b111100111101111011110011111001100000011000100010000110111111000111111101 \%
b1010100101011101 F&
#425
b110101111001111111101111111101110110011110111111011000000001100001100 \%
b1010100101011110 F&
#426
b111100111111000111110111000101010000110000001101111101010000111111111010 \%
b1010100101011111 F&
#427
b111110101110110111100101000011111110111111111110000001011111100100001111 \%
b1010100101100000 F&
#428
b1001011110000111101100111011000000011100010111000001100000000111110001 \%
b1010100101100001 F&
#429
b111110110000001011100000111111010001011111010000111111000000101111110101 \%
b1010100101100010 F&
#430
b111011001110111111000011000000010000101100000001000000101111100011110111 \%
b1010100101100011 F&
#431
b111100110001001000000000111111010010001000001011111111000001001000000101 \%
b1010100101100100 F&
#432
b101111110100000000111111011111000011101010000010001111001000000100 \%
b1010100101100101 F&
#433
b1011110000011011101111111101100010010100011000001001010001011111111111 \%
b1010100101100110 F&
#434
b111101110001111100010110000001000000001100000101000010111110110000001000 \%
b1010100101100111 F&
#435
b1001000000000000000110000100000010100000011010111011110000110111100111 \%
b1010100101101000 F&
#436
b111010110001101100001110000101111111110100001011110111010001011000010011 \%
b1010100101101001 F&
#437
b11000000101111110001111111000001000011111010000110011111011000001101 \%
b1010100101101010 F&
#438
b1000101110101100011100111000011111011100011001110111110000110011111101 \%
b1010100101101011 F&
#439
b1000110000011111110010111110001111110111110101111010101111110100010010 \%
b1010100101101100 F&
#440
b11100010111100001010110101111111101000010010111110100000111000011011 \%
b1010100101101101 F&
#441
b110111111100011111010000100010000011000001011000110001111010100001000 \%
b1010100101101110 F&
#442
b111001011111110011101010000100001111011100010111111001000001011100100010 \%
b1010100101101111 F&
#443
b1000011111101100010100111101001110101000010100111011101111000011101111 \%
b1010100101110000 F&
#444
b1101010001011011110011111101110001000111111000000111001111011000000111 \%
b1010100101110001 F&
#445
b11001111100100001111000000111111010011111101111100100010011011101010 \%
b1010100101110010 F&
#446
b110100010000001111111101111011111111110111111011000001110001011111111010 \%
b1010100101110011 F&
#447
b10001100011111000111010000000000100000101000011010001101000001101 \%
b1010100101110100 F&
#448
b1011111101000001100000011100010001000001101000001010010011100000101 \%
b1010100101110101 F&
#449
b11101110111111110010000100001101011111100001111011101110011100010000 \%
b1010100101110110 F&
#450
b1001110101011111110000111100000001111111010000010100000001100011011 \%
b1010100101110111 F&
#451
b111001011111110011111110000000000000101000100001001001111111011111111111 \%
b1010100101111000 F&
#452
b11100000100000011101111101110001100100001110000010101111010111110101 \%
b1010100101111001 F&
#453
b11001111000011110001000011011111110011110011111110000000001111101010 \%
b1010100101111010 F&
#454
b111110001111110000100101111000111111011011111110111110011111101100000001 \%
b1010100101111011 F&
#455
b11101110100100011101000001001110000100000100111101000001110111101101 \%
b1010100101111100 F&
#456
b10111110001111110010000100100000101100100010001001011111011111111111 \%
b1010100101111101 F&
#457
b10011110101100000100111110001110110011110100111101000000000100000111 \%
b1010100101111110 F&
#458
b1001010000101000001101111100011111101100001010000010101111110100000111 \%
b1010100101111111 F&
#459
b11001111001111111110111010001101111100000101111000001110110100000000 \%
b1010100110000000 F&
#460
b111000011110100111101010000100110000111000000000111001011111110111100101 \%
b1010100110000001 F&
#461
b110110100000101100011010000011110000101100011110000001101111011100010000 \%
b1010100110000010 F&
#462
b111101100001010100000111000001001110011111101100000111101111001000010111 \%
b1010100110000011 F&
#463
b10000011000001101000000001110111000010000000010001111010011111000 \%
b1010100110000100 F&
#464
b10001111101100001000000101100000010011011011111000101110110111111100 \%
b1010100110000101 F&
#465
b10001110111000000110111001000001110000001101111111101111100011101101 \%
b1010100110000110 F&
#466
b10000001111000100100111010100000100000110010111101001101110000100001 \%
b1010100110000111 F&
#467
b111111010001100100011010000010110001100000000001111010011111000111100111 \%
b1010100110001000 F&
#468
b11010001000000000011111110000001110111101011000001001110001100000100 \%
b1010100110001001 F&
#469
b1000111111111011110011000001010001011100010001000010000000000011011100 \%
b1010100110001010 F&
#470
b111110111111110011111011000000010001101011110101111001110010101111111110 \%
b1010100110001011 F&
#471
b111011110111000000100111101101111110100001110000001111110100111110111 \%
b1010100110001100 F&
#472
b111011110011100001110001000010000110011100001001001101110101000000101 \%
b1010100110001101 F&
#473
b111011001111011011110101111000111110111111111100001001011101101100100111 \%
b1010100110001110 F&
#474
b111101001111001110111100110110000010110111101111111101001110111011110100 \%
b1010100110001111 F&
#475
b1101101010100011000000100011110001111111110001001000000010100001101 \%
b1010100110010000 F&
#476
b11010000101111101011000001110000011100011010111100111101110111110011 \%
b1010100110010001 F&
#477
b111011110000000100001001111110101111010111110000000010000000111100000000 \%
b1010100110010010 F&
#478
b100001001111111011000010010000101011111111000011010000111000000001 \%
b1010100110010011 F&
#479
b111001010001110011110100111110110000010011111110111110101111001100010010 \%
b1010100110010100 F&
#480
b110101110100011111110111011110000111100001010111001101111110111100110 \%
b1010100110010101 F&
#481
b111110110000100011101010111100010010001000110000000001101110111011111010 \%
b1010100110010110 F&
#482
b110001111101111101111001000010010100000011011000001110000100000000110 \%
b1010100110010111 F&
#483
b110111111111011000010100111011100000011111111001111100010001011100000110 \%
b1010100110011000 F&
#484
b1001011110011100101010111111101111001100001001000010001110110000001110 \%
b1010100110011001 F&
#485
b101010000101111100101000100011111011011110111000001011110010111011100 \%
b1010100110011010 F&
#486
b111110101111001100000100001011001111011011110010111100011111100011100110 \%
b1010100110011011 F&
#487
b111111101000001010000110000000101111101001000100101111011011110101 \%
b1010100110011100 F&
#488
b111011111111011111110100000011100001011011110101000101101110110011011001 \%
b1010100110011101 F&
#489
b101011111100111101010111000101111001000010011111111110000011000000111 \%
b1010100110011110 F&
#490
b111111000000110000001110001001001111011000001100111100000000000111111011 \%
b1010100110011111 F&
#491
b111011010001001111111101000010001111000000001101000110110001010111110011 \%
b1010100110100000 F&
#492
b111100110000111000000101000101110000010011011111000110011110100011100110 \%
b1010100110100001 F&
#493
b110110100000011111101100000010011110010011100110111110100000110011110011 \%
b1010100110100010 F&
#494
b110110001111100111111100110110111111110000101011000110111111011000101000 \%
b1010100110100011 F&
#495
b111100111111110111110001000111100010000111111010111010010000001011111001 \%
b1010100110100100 F&
#496
b111010001111011111101001111100010001010100000101111110110001001011110111 \%
b1010100110100101 F&
#497
b111111010001001100000001000011110000001111101001000001000000110111110010 \%
b1010100110100110 F&
#498
b111100111111111100000000000001100010101011111110110101011111001111111001 \%
b1010100110100111 F&
#499
b111001111111100010110111010111110010100010011000111101110000100011001 \%
b1010100110101000 F&
#500
b111001111000000011001000001101110000100000100000011010001110000011101 \%
b1010100110101001 F&
#501
b1100001010011101010111100000001110000011100000101001111000000000101 \%
b1010100110101010 F&
#502
b10010010010000000000111110000000101100011010000111110000011011110101 \%
b1010100110101011 F&
#503
b1110001000000011011000000011110110000001010111110100000010111110010 \%
b1010100110101100 F&
#504
b111111111111111100010101111101101111110111111101111110001111011111101001 \%
b1010100110101101 F&
#505
b111110111111111011111010111101110000011100001010000010001111011111111111 \%
b1010100110101110 F&
#506
b101011111011111111000000010000000001000101000000001111110100111111101 \%
b1010100110101111 F&
#507
b111101100000100111100000000000111101111111111000000111110000111011100011 \%
b1010100110110000 F&
#508
b110100001100011111010111111001111011011110110000101001111001000101101 \%
b1010100110110001 F&
#509
b111000111111000011111110000001100000101000100010000111010001111111110011 \%
b1010100110110010 F&
#510
b1000101111001011110100000011010001011111101001111110101111101100000101 \%
b1010100110110011 F&
#511
b111100010000000111111010001010001101101011110101000000000001110111110001 \%
b1010100110110100 F&
#512
b100010100111111011000011000000101100001111111010000000111100000010 \%
b1010100110110101 F&
#513
b111101000000100000001000000011101101101000101101000101111111011100000011 \%
b1010100110110110 F&
#514
b100001111011100000100111110101110100011101100000001110000100011011101 \%
b1010100110110111 F&
#515
b1000010001110011110001000011011111010000000000111101110001101111011101 \%
b1010100110111000 F&
#516
b111111100010000000011011111001000000000011111000111001000001011100011110 \%
b1010100110111001 F&
#517
b1100000100000001010110010111111100011110111000100101111101111100000 \%
b1010100110111010 F&
#518
b111011110000010100011010111101001111010111111001111110000000110000000011 \%
b1010100110111011 F&
#519
b111110110000000000000001111101000011000011111101001011001111110011110010 \%
b1010100110111100 F&
#520
b111011100001100011111100111010111110110000001001111101010000011100100000 \%
b1010100110111101 F&
#521
b111011110011011000000000000100111111110011101011000000010000011011110010 \%
b1010100110111110 F&
#522
b111001101111011000001111111110111110010000001010000000011110011011100011 \%
b1010100110111111 F&
#523
b11111111111011101000111100110001000000010110111100110001100000101101 \%
b1010100111000000 F&
#524
b11111110011110110111110000000101111111100111111100000010000010111 \%
b1010100111000001 F&
#525
b11110000001111111001111111000000001100000011111011001110100111110011 \%
b1010100111000010 F&
#526
b111011001110111111111100000000011111101111111010111101100010001100001111 \%
b1010100111000011 F&
#527
b1010011101110111110101110110110000011100001111111000100000110111111011 \%
b1010100111000100 F&
#528
b111011110001001111110110000001101111011000000110000110111111101000011111 \%
b1010100111000101 F&
#529
b1000000011011110001111010000001011000000001000001110001000011110011 \%
b1010100111000110 F&
#530
b111011011111010011110111000000000001010100001111111001010001100100011110 \%
b1010100111000111 F&
#531
b111100011111111111101111111101110001001100001111111111101110011111110110 \%
b1010100111001000 F&
#532
b111110100010011111110001000001111111110111111111111110000001000000011101 \%
b1010100111001001 F&
#533
b111111110101100011111000111111111111011100100111111101111110011111011 \%
b1010100111001010 F&
#534
b1111111100000110 \%
b1010100111001011 F&
#535
b11111101111111010111000101111001111101101111011010011101000000100 \%
b1010100111001100 F&
#536
b111110101111110000001110111111010010010111110100000010110011111011111101 \%
b1010100111001101 F&
#537
b111111110011101100000111101111100100101011111000000001111100000000 \%
b1010100111001110 F&
#538
b1010000001000010111111010110001100100000000111111110010101100000001 \%
b1010100111001111 F&
#539
b111110110001000000011010111100001111010000010000111110000011001111101011 \%
b1010100111010000 F&
#540
b111011101111100011110100111100101111010100011100111111111111001111110011 \%
b1010100111010001 F&
#541
b111111101101110111111010000011011110101100111101111001100100100011111011 \%
b1010100111010010 F&
#542
b111001110100111110101111100011110000111101111000010011110010011111110 \%
b1010100111010011 F&
#543
b111001111001111101100111101111111101000011001000101101110001000010011 \%
b1010100111010100 F&
#544
b111111100000011100101010000010011111111011101011110111000100001100011110 \%
b1010100111010101 F&
#545
b110000111100000011000001000000000000011010001001111111010000000110 \%
b1010100111010110 F&
#546
b1 )
b111110111111010011110111111101111111010100010101111100001111111000001010 \%
b1010100111010111 F&
b10011000011111101000010010101000011011101100000010000100010110101001100 X'
b1 Q(
#547
b0 )
b10111101011111110110111000000001011011111001000101001111101011100100 \%
b1010100111011000 F&
b0 X'
b10011000111101 B(
b0 Q(
#548
b1000000000001100000110111100001110011111110011111001111110111111110010 \%
b1010100111011001 F&
#549
b1100111111011011110101000010111101111000000111111011010001110000100000 \%
b1010100111011010 F&
#550
b10011111101011110001000111110001101111111101000110011110110011110100 \%
b1010100111011011 F&
#551
b10001110010100011100111100100011010011100110010000101111101111100111 \%
b1010100111011100 F&
#552
b110110001110001000100000111100101110110111110100000110000000110111111001 \%
b1010100111011101 F&
#553
b1010011111100011111111100101110001011100111111001110000011100010000 \%
b1010100111011110 F&
#554
b1001111011111110010111110001101111011100000111101111111011111011100 \%
b1010100111011111 F&
#555
b10110001011100001101111000000000101011111000111100110000010000010110 \%
b1010100111100000 F&
#556
b11001110101000101100000001010100010000000110110111110001011000101011 \%
b1010100111100001 F&
#557
b111110000000000011100010111100011111101100000010111101101110011111110100 \%
b1010100111100010 F&
#558
b111100101110011111101101110100111111010100100110111001011110010100101010 \%
b1010100111100011 F&
#559
b111111100000100011110100111101101110110100111010111111010010101011101011 \%
b1010100111100100 F&
#560
b111001111100000101001111101011101110000001101110111100001111011111001 \%
b1010100111100101 F&
#561
b111111010001101111111001111111111110111011110010111011110001000000011101 \%
b1010100111100110 F&
#562
b101111101111011111110111111101110011100010010010000011110001011101011 \%
b1010100111100111 F&
#563
b111111001101111111110100111111010001001111100100111011111111101011110110 \%
b1010100111101000 F&
#564
b111111101110101111101100000000011110010111110101111001000001001111101101 \%
b1010100111101001 F&
#565
b111110000000001111001101000000010011001011110110000000001111100000111100 \%
b1010100111101010 F&
#566
b111101001111010100110100111100110011000111101111111110111111110111110011 \%
b1010100111101011 F&
#567
b111111111110101001001111000100101110101011100101000000011111110111110010 \%
b1010100111101100 F&
#568
b110010010011111011001111111001111101100001001111001111111011011011010 \%
b1010100111101101 F&
#569
b111110100000001011101110111100011111011011100111111101001111000100000111 \%
b1010100111101110 F&
#570
b111000001110100011110000000110111110110011110100111010000001000011111101 \%
b1010100111101111 F&
#571
b1000011110011111111110000110011110110100000101111011001110111000010010 \%
b1010100111110000 F&
#572
b10111111100111101000000010010001010111110000110110110010100100011110 \%
b1010100111110001 F&
#573
b111011101110100000011111000010110010000000101001111111100000110011100001 \%
b1010100111110010 F&
#574
b111011011111111000001100111010100010010011110001111011010010010100001011 \%
b1010100111110011 F&
#575
b111011000000110011101101000000111110011111101001001010000010010011110001 \%
b1010100111110100 F&
#576
b111011011110101011101101000000101111000000010101111010000000010111110110 \%
b1010100111110101 F&
#577
b100011100101100001111000010011111101111101101111110111110110011101000 \%
b1010100111110110 F&
#578
b111101001110111000001111111100001111100111111001000010110000100011110100 \%
b1010100111110111 F&
#579
b1011111111011010110111011111110001000000110111111011111001011110010 \%
b1010100111111000 F&
#580
b111100011110110111111111111111111111100101000100111110101110110111100001 \%
b1010100111111001 F&
#581
b111010110001000111101011111100010000010011110010001001010001100011110100 \%
b1010100111111010 F&
#582
b1101111101111100011111011111110110011101000011000011111000011110110 \%
b1010100111111011 F&
#583
b111111011110101011101100001001001111000000000010111010100100000000001101 \%
b1010100111111100 F&
#584
b100111111000100000100000010100011110011011100000010001111100011111000 \%
b1010100111111101 F&
#585
b10000110000001000001000001011111110001100000101111111010000001011111000 \%
b1010100111111110 F&
#586
b111010111111111100001000000101000000100111101010000101000011011011110100 \%
b1010100111111111 F&
#587
b111001001110110111011111000000101110100000000011111100110001100011111000 \%
b1010101000000000 F&
#588
b110101101111111100000001111101011111011011111001111100001110110011101100 \%
b1010101000000001 F&
#589
b1011000000100100001100001100100000111111011110110111110001000011111111 \%
b1010101000000010 F&
#590
b111100110001000011100110111110111111010011100110001111101111001000001100 \%
b1010101000000011 F&
#591
b111101110001010100011101111010111110001100001111111011100000111111100110 \%
b1010101000000100 F&
#592
b1011000000100000000111111111010001110011100010111110010001001011110100 \%
b1010101000000101 F&
#593
b111100111111110111110111111000111111001011110000111101010000001111111110 \%
b1010101000000110 F&
#594
b101001111010011110010111100010000100011111001111010001110110111110110 \%
b1010101000000111 F&
#595
b111010110011101100000100111010110001001011100101000100001111101011100011 \%
b1010101000001000 F&
#596
b10000110000001010001010001110001011101110000100101111010011110011 \%
b1010101000001001 F&
#597
b1111101111111101001000000000111011101010000000001111011111110100 \%
b1010101000001010 F&
#598
b1010000111111101100111001001111110100001011001011001110011111100011 \%
b1010101000001011 F&
#599
b111100100000010011100010111000111111001011110100000001001110010111111100 \%
b1010101000001100 F&
#600
b100001111011111110111000111001111101000001101111010010001001011110110 \%
b1010101000001101 F&
#601
b111011100010010111100011001101011110101011111101111010101111110000010000 \%
b1010101000001110 F&
#602
b111100100101001111110001000110011111110011111101000010010001101100000100 \%
b1010101000001111 F&
#603
b1001111100111111000111110010000111100000000111110011111000000010000 \%
b1010101000010000 F&
#604
b111000100001100000000011111010110001011111100010111101001110111100000011 \%
b1010101000010001 F&
#605
b1110000010011110110000011011101011011110011001110011110011011101111 \%
b1010101000010010 F&
#606
b111010111111100111100001111010111110010011010111111101110000011011111010 \%
b1010101000010011 F&
#607
b111011101111100111111101111000111101111100101001001011101110001111110101 \%
b1010101000010100 F&
#608
b1000000001011100011100111110101111001111011001110111110001000111101110 \%
b1010101000010101 F&
#609
b111100011111001111101101110111111110100011100110111011111111101111111000 \%
b1010101000010110 F&
#610
b1001111101000000110111110110001001011100010111100110001001011100110 \%
b1010101000010111 F&
#611
b11110001111111010111000111110111100001111001001100000111011111011 \%
b1010101000011000 F&
#612
b1000010000011100001011000001110001100111100000110100100001100111101011 \%
b1010101000011001 F&
#613
b1111010000000000100110111010000000001100011011111110001111011011111111 \%
b1010101000011010 F&
#614
b110111011110010111101001111110111111111111100010000000111111000011110000 \%
b1010101000011011 F&
#615
b1000000000101100000011000010011111010100100000111011001111111100011001 \%
b1010101000011100 F&
#616
b111110101111100000001001111101001110110100001110111001110000011100000001 \%
b1010101000011101 F&
#617
b111011110000101100000111111110101111011011101010111001100001010011110101 \%
b1010101000011110 F&
#618
b100010000000011111100111101101111010111111001111101011111111111110100 \%
b1010101000011111 F&
#619
b111101001111000000011000111001010001011111101010111111111110111000000101 \%
b1010101000100000 F&
#620
b111001100000110011011110000001011110001000011000111000111111000000100001 \%
b1010101000100001 F&
#621
b110110001100100001111111000010011001000000011111111011111001100011111 \%
b1010101000100010 F&
#622
b110111110001101100011100111001011110111111101010111110010010000000000011 \%
b1010101000100011 F&
#623
b1001011110010111111101111101101101110100001010111110110001000100010101 \%
b1010101000100100 F&
#624
b111010010001101011101111001100110000110011111001111001001110010100001000 \%
b1010101000100101 F&
#625
b110110010000001111100100111010011111110100110011000011110000011000101010 \%
b1010101000100110 F&
#626
b1000001111011110001000010001101110100011000111010000010001011011000 \%
b1010101000100111 F&
#627
b111111000001011111111101111010111110111111110100111010001110001100000110 \%
b1010101000101000 F&
#628
b111111101111100100100111000001111111111011101011111001100001000111110101 \%
b1010101000101001 F&
#629
b111001011111000011111111111111010001001011110111111111011110001111111011 \%
b1010101000101010 F&
#630
b11011111100100001111111101001111000100000100000011010011000111111000 \%
b1010101000101011 F&
#631
b111110111110000100000111111011010001110111100011000000110001000100000100 \%
b1010101000101100 F&
#632
b111111100000001000000110111111101111011000000010000001000001100111111010 \%
b1010101000101101 F&
#633
b1111100100001001000001011111110100011101111101000000011000001110 \%
b1010101000101110 F&
#634
b111101001101010000000110000011001110110111101110000110010000000000010111 \%
b1010101000101111 F&
#635
b111110101101101000100110000010111111001000001110001000010001010000010011 \%
b1010101000110000 F&
#636
b111001110000001100001001111101011110110000011010000010110001000011100111 \%
b1010101000110001 F&
#637
b1100010011000100001011001000100000011111101000111000111111100111010011 \%
b1010101000110010 F&
#638
b111010111111011011110000111011111111110111010110000001111110111000010101 \%
b1010101000110011 F&
#639
b111100010001001011111111111010000001000111010110111010111101101011111001 \%
b1010101000110100 F&
#640
b111010000010011101111111010001111010000110011111001000001010011111110 \%
b1010101000110101 F&
#641
b111011101110101000010010111011111110110111101010000101000000001011100000 \%
b1010101000110110 F&
#642
b111010010001111100010010111110001110101011110010111110011101111111101111 \%
b1010101000110111 F&
#643
b111010110011001000000000111100110001001100001111000111101111010111111100 \%
b1010101000111000 F&
#644
b111101011110010011101001111010111111111000110100000000111111100100000111 \%
b1010101000111001 F&
#645
b111101111111001000010000111101111111001111110011000010010010111111110100 \%
b1010101000111010 F&
#646
b111010010010001111100011111001111111110000101111000101111111001000010011 \%
b1010101000111011 F&
#647
b111001100000000111110001001010011110101011101100000100110001101000001000 \%
b1010101000111100 F&
#648
b111010101111000011100101000010010000011100011001111100111111000000011101 \%
b1010101000111101 F&
#649
b111110110000000111111111000011011110111111010111000000010001100011011111 \%
b1010101000111110 F&
#650
b110110011111111011101010000001100000101100000101000011111111000000101001 \%
b1010101000111111 F&
#651
b111101100000001000011111111011011110011100010100000001001111111111110101 \%
b1010101001000000 F&
#652
b111110001111011111100001111010110001001011111000111100000000110011010010 \%
b1010101001000001 F&
#653
b111011001111101111110101111100001110010011111000111100110010110111011100 \%
b1010101001000010 F&
#654
b101111111001011111011111000001111110111111011001000101110101011100000 \%
b1010101001000011 F&
#655
b110111100011011100000001111100011110111100001010111100111111010100001000 \%
b1010101001000100 F&
#656
b111101111111100000100101111100000001010111110000111100000001000111101000 \%
b1010101001000101 F&
#657
b1010010111011110100111101000001001011111010000101000011101111100001 \%
b1010101001000110 F&
#658
b111101010001110111101111111100101111111111011101111100101110001100000000 \%
b1010101001000111 F&
#659
b111110111110110100010100111011001110110011101011111001000000000000000011 \%
b1010101001001000 F&
#660
b11100000101100000110000001011111010111101100000011010000111111110001 \%
b1010101001001001 F&
#661
b111011000000011000000000111011111111010100010001111100010001001100011100 \%
b1010101001001010 F&
#662
b1000001111001100110100111110111110011111101100110101101110110000100010 \%
b1010101001001011 F&
#663
b111100110000011100010101111110100001011101000011000011000001000011110101 \%
b1010101001001100 F&
#664
b10010110000010111101001111010011110100000000000000111100000110100000111 \%
b1010101001001101 F&
#665
b101010000001011110001111110011111010000011101111101111111010100000111 \%
b1010101001001110 F&
#666
b111001101111101011110101111011101111001111101010000010001111010111100001 \%
b1010101001001111 F&
#667
b1000011110000100111101000010101110010111111011111010101111101111110001 \%
b1010101001010000 F&
#668
b1010011110110100011110000000011110101111111100000001100000111100000111 \%
b1010101001010001 F&
#669
b111010000000101011011001000011011111011000011100111001001110101011100111 \%
b1010101001010010 F&
#670
b111001101110100111011100001000001111101011101101111011101110111100011100 \%
b1010101001010011 F&
#671
b111000001111110011100110001001110000000111011010000010110001001000001101 \%
b1010101001010100 F&
#672
b110110001011100010111111111110011011011101111111111010010011100011010 \%
b1010101001010101 F&
#673
b111010011110111011111000000000110000110100011111111000101111010100000001 \%
b1010101001010110 F&
#674
b111100100000011100010110111010101110110111101010111010111111001011111101 \%
b1010101001010111 F&
#675
b111011101110111111101110000011001111110011110011111011111111010011100111 \%
b1010101001011000 F&
#676
b111000001111111100000110000100101101110100000010111011101110001000001001 \%
b1010101001011001 F&
#677
b1111111111110101 \%
b1010101001011010 F&
#678
b111011001110011000010110000100010010101111110000111001101111101111011000 \%
b1010101001011011 F&
#679
b1101111111110000000101011111100011110001000101101111010100101011 \%
b1010101001011100 F&
#680
b111011011101100011101011111111101111101011100100000101011111011000011100 \%
b1010101001011101 F&
#681
b111100111110111011111101111011011110011100010000000001100000101000100100 \%
b1010101001011110 F&
#682
b111110011110101000000000111110111101110100101111111011000001101000110101 \%
b1010101001011111 F&
#683
b111100011111100011011101001000011110011111110100111101111111111011101111 \%
b1010101001100000 F&
#684
b11010001111100100001111011011110010000001100111001011111000111101101 \%
b1010101001100001 F&
#685
b111011101111011111111001001100111100111111101111111101101110011100011110 \%
b1010101001100010 F&
#686
b111011000001101000000101001010001111010100011100000010100001001000000010 \%
b1010101001100011 F&
#687
b1111110100000000100111110101101111000101111000100100000100011101110 \%
b1010101001100100 F&
#688
b100000000111011101101111000101111111000000100000001110000101111110100 \%
b1010101001100101 F&
#689
b1 )
b111000001111010111010101000010010000001111100110111111100000101111100011 \%
b1010101001100110 F&
b1110010100101101011111010010100100101001001101001110100100101001001111 X'
b1 Q(
#690
b0 )
b1010111100000111111110001000101110011000000010001010101110111000000010 \%
b1010101001100111 F&
b0 X'
b10011000111110 B(
b0 Q(
#691
b111100010011000000001010000111110010000000010001111000010000010111101101 \%
b1010101001101000 F&
#692
b110010001100100010111000110101110011100010101001010000001100100001100 \%
b1010101001101001 F&
#693
b111011101101011011011110000100100001101111111111000011110000100000011001 \%
b1010101001101010 F&
#694
b111101001111001100001100000000011111001000100110111010101110011011100110 \%
b1010101001101011 F&
#695
b111100001110111000011001111001000000111111110111000110001111110111101010 \%
b1010101001101100 F&
#696
b111011100010000011110001001001111110011011011000000010101110111100101000 \%
b1010101001101101 F&
#697
b111110001111000011101010111001011110110011101111000000010000000011101110 \%
b1010101001101110 F&
#698
b10100001100111111110111101001111010011101100000011111110100011110011 \%
b1010101001101111 F&
#699
b111010110001010000000100000000001110011100100010001000011110011111111001 \%
b1010101001110000 F&
#700
b111100010010011011110010111101010010001000001111111101000000101000000000 \%
b1010101001110001 F&
#701
b111111011111110100010011111010101111011011011000001001011101111111111011 \%
b1010101001110010 F&
#702
b111011110001101011111110111011001110001111111111111100100010100011111011 \%
b1010101001110011 F&
#703
b100101110010111101100000010101111111000000100000010111111110111111100 \%
b1010101001110100 F&
#704
b111100111111111111111011000001101111001111101111000001000000000000110001 \%
b1010101001110101 F&
#705
b11010000101011110101111101101101111000110111111101100010000000001111 \%
b1010101001110110 F&
#706
b111101111111101011101100000010110010010011111101111101110000101111110101 \%
b1010101001110111 F&
#707
b10000000010000000100000000100000000111101110111011110000001011110000 \%
b1010101001111000 F&
#708
b101110111111111001111110000001000111111010000000110001100100100111 \%
b1010101001111001 F&
#709
b100000000010111110011000000100000111000000011111101101111100111100010 \%
b1010101001111010 F&
#710
b111100010000111111100110111000101111100100000001000100110000100111100000 \%
b1010101001111011 F&
#711
b110101110000100100001111111100111111010100000011001010101111110111111011 \%
b1010101001111100 F&
#712
b111100100001010000010111111011010001101000100100000100100000101111111001 \%
b1010101001111101 F&
#713
b1010000001000100010011000010000000000000000100111010011110001100100001 \%
b1010101001111110 F&
#714
b111100111110101111101101111101101111000000001101000010001110110011011111 \%
b1010101001111111 F&
#715
b111011001111010111100111111110111111011011111001111100010001111000000011 \%
b1010101010000000 F&
#716
b11011111100111110000000011110000111011101101000110000001001000010011 \%
b1010101010000001 F&
#717
b111000111110111000001101000011001110111111111111111000000000101111100110 \%
b1010101010000010 F&
#718
b111001111101100010110001000111111111000001111000010110001100011101110 \%
b1010101010000011 F&
#719
b111110111110100011100011000010110010001011100101000101010000101011111011 \%
b1010101010000100 F&
#720
b111000101110101011110101001001011110100111111101001000010010000000000110 \%
b1010101010000101 F&
#721
b10111110101011111111000010101110110000001010111111110000011100000101 \%
b1010101010000110 F&
#722
b111101001111011000001101111001110000100100001001000000011110100000110100 \%
b1010101010000111 F&
#723
b111010010000010100001111000010001111010100100010000010010010000000010011 \%
b1010101010001000 F&
#724
b1111110011111101101111001100001011000001000000010000001010111010001 \%
b1010101010001001 F&
#725
b111110111111110011111010000101100001011011100110000110000000011011100011 \%
b1010101010001010 F&
#726
b111101100010010011110010000111100000000000001110111111110010001100010010 \%
b1010101010001011 F&
#727
b111100101111110100100101111010000000100011011111111011001110101011111000 \%
b1010101010001100 F&
#728
b111010001111000100010100001000111110000011111100111110101110011011101111 \%
b1010101010001101 F&
#729
b100001001011010010111100101101011111111011000101100000000000011001 \%
b1010101010001110 F&
#730
b1101111100000101011111100111110011111110111001011000001001000000010 \%
b1010101010001111 F&
#731
b10010000011110001111010000000110000100011000101000000111000010001 \%
b1010101010010000 F&
#732
b1010011111111011110001000101010000010111011111111101001110000100011101 \%
b1010101010010001 F&
#733
b10111110110011111001111110110001010111101111000010011110110111100100 \%
b1010101010010010 F&
#734
b10001111110000010111111111010000110000010101111101000000001000000101 \%
b1010101010010011 F&
#735
b10100001010111101100001000010001011000000101000100011111010000000110 \%
b1010101010010100 F&
#736
b1000000000000100011111000000001110010000010100000001110000000111101111 \%
b1010101010010101 F&
#737
b111100101111001011101010000100111110101011100001000100000000000011101001 \%
b1010101010010110 F&
#738
b111101000000001111111001111101110001100011111000001001001111101111011110 \%
b1010101010010111 F&
#739
b110111101111110011100000000111101110111011110001000001111111101111100100 \%
b1010101010011000 F&
#740
b1101111010111110010111111001110111111011111000001010001100111110110 \%
b1010101010011001 F&
#741
b111010110001010011111111000101001110101011101101111010010000110011111011 \%
b1010101010011010 F&
#742
b111110001111011000010000111100110010010111110110000010010001101100100011 \%
b1010101010011011 F&
#743
b110101111101011100010001001011111100011101110111111111111000100010100 \%
b1010101010011100 F&
#744
b111001000000111000000111000110011111000111111111001000000000001100000100 \%
b1010101010011101 F&
#745
b11000000100111111101001000010000000011110001111010000001111111110100 \%
b1010101010011110 F&
#746
b10001111110000010111000101100010111011110011111011100000100100000101 \%
b1010101010011111 F&
#747
b111100111110110111010100111101011111001100001000111101000010100011011110 \%
b1010101010100000 F&
#748
b100001111000111111011000000111110011000001101001010110010000011101111 \%
b1010101010100001 F&
#749
b1101001111000011111110111011101101101000001101000110111101111111100100 \%
b1010101010100010 F&
#750
b111110100000011111110101110110101101110100100010111111111111001100101000 \%
b1010101010100011 F&
#751
b111101001111010000100101111000111111101111111101000010110000001000000111 \%
b1010101010100100 F&
#752
b11110001001000000000000000111110010111111110000011011110110111101100 \%
b1010101010100101 F&
#753
b111111101101111111111000000011000000111100011110000011110010101111011110 \%
b1010101010100110 F&
#754
b101110100011111110001000101111000111100010000000011111010000001110 \%
b1010101010100111 F&
#755
b10110000011111110001111000111111111011001111111010100000110111011101 \%
b1010101010101000 F&
#756
b111111011111110111100101111110100011111000001110111011000001111100010110 \%
b1010101010101001 F&
#757
b11111100000010111000001000000111011110111111010011110111000011010 \%
b1010101010101010 F&
#758
b110100000111011111011111111110000000100011000111101111101001011110010 \%
b1010101010101011 F&
#759
b111111101110011111110100000000000000110111111101000000011111000011101101 \%
b1010101010101100 F&
#760
b111001111111110011110101111110111111111011101001000101011111100111111111 \%
b1010101010101101 F&
#761
b11000001110011111110000001001110011011111101111001111111100011111100 \%
b1010101010101110 F&
#762
b101011101100100011000110111010001010100000110111100101110111111101011 \%
b1010101010101111 F&
#763
b1001110000100100001110000101111111010000011101000100010000010011010101 \%
b1010101010110000 F&
#764
b1001010001011000001001000111010000010111111011111110100001011000000000 \%
b1010101010110001 F&
#765
b1101110110100000011111110001111100000000010001010011110011111110101 \%
b1010101010110010 F&
#766
b11111001100001011000001011110110100010101111011001111000000001000 \%
b1010101010110011 F&
#767
b110110001011111100110111111111111001011011001111011001101011000001000 \%
b1010101010110100 F&
#768
b111110011110011100000011111111011111001000111101111000101111110100010100 \%
b1010101010110101 F&
#769
b111100110000000011111100111010001111011011100110000010011111001011101011 \%
b1010101010110110 F&
#770
b111011010000001000001100000001000000111100111011000011101110101111100010 \%
b1010101010110111 F&
#771
b11111111111000001011111101001101110111111100111010010000000000100010 \%
b1010101010111000 F&
#772
b1000101110001100100101111011010000011000000101000000001111011011111000 \%
b1010101010111001 F&
#773
b110101000000110100011001110111011111100000000001000010111111010011101011 \%
b1010101010111010 F&
#774
b1011111001111100000001000011111011111110001111010001111111011111110 \%
b1010101010111011 F&
#775
b111001111100011110110111101101110010100000101111100100001000000100010 \%
b1010101010111100 F&
#776
b111100000010011100001000110101110111011011110000010110001100100100011 \%
b1010101010111101 F&
#777
b101111011011111111000101101101110111100110001110110001010111111101 \%
b1010101010111110 F&
#778
b1011110110111110001111111011111001011101111111011010001001111101001 \%
b1010101010111111 F&
#779
b111111100010110111100110110110001111111000001100111001010010011011101001 \%
b1010101011000000 F&
#780
b1100010000001011101100000001001111111111101011000000100001100111110001 \%
b1010101011000001 F&
#781
b1010111111100011110011110110010001000111111010000011010001100111111011 \%
b1010101011000010 F&
#782
b110111001101110100000100111110111111111000011000111010111111101100001111 \%
b1010101011000011 F&
#783
b10101111110000000100111111100000110000010000000011011110101000001101 \%
b1010101011000100 F&
#784
b111011100000011100001100111100110001000011110110000011111110001000010001 \%
b1010101011000101 F&
#785
b1010100010101111100001000001010001101011111100000010100000111000111101 \%
b1010101011000110 F&
#786
b1101111110100000000010000111010001011100011000001010111111100011111000 \%
b1010101011000111 F&
#787
b111101001101100011110101000101000010001000001111000000111111111111101111 \%
b1010101011001000 F&
#788
b110001111010100001101111010011111010000001010111111000010011100000010 \%
b1010101011001001 F&
#789
b111110111110100011111111110111100001100100000101111101001111001000010100 \%
b1010101011001010 F&
#790
b111001101110001011110001111101011111111111101101111111110000010100011011 \%
b1010101011001011 F&
#791
b111101011111110011100100000010100000010011110001001000001111110100011011 \%
b1010101011001100 F&
#792
b1000001101111110000000011110001011000010001000101100001110111100111 \%
b1010101011001101 F&
#793
b111110101111001111111011111111100001110011010111000000110000010100010100 \%
b1010101011001110 F&
#794
b111101011110101111100110111100100000001011110100111101011110001011111011 \%
b1010101011001111 F&
#795
b10001111111111110000000101000001100111100110111100111110101111101000 \%
b1010101011010000 F&
#796
b111010110010001011110111111011011101111011101011001010010000111011101111 \%
b1010101011010001 F&
#797
b111111000010001000010001111011110000000111111101000101010010110100011111 \%
b1010101011010010 F&
#798
b1000000001100000011001111100000001000100001110111011100001001100101010 \%
b1010101011010011 F&
#799
b111111011110110100000011000101110001100011101111000010110001100111110010 \%
b1010101011010100 F&
#800
b110001111011011111000111101101111010111100101000111000001100000010001 \%
b1010101011010101 F&
#801
b110010001100000001111111100000101111101000000000011111001000011101 \%
b1010101011010110 F&
#802
b100111110100100110010111100100000111100101011111111111101100011110101 \%
b1010101011010111 F&
#803
b111100011111110011110001111000011111101100000111111111001111110011101010 \%
b1010101011011000 F&
#804
b111101011110111100010011000010101111101000011100111000111111111000001010 \%
b1010101011011001 F&
#805
b111011111110101111110010111110110001010100000110000011010010111011101101 \%
b1010101011011010 F&
#806
b1011101111110111110110000000010001111000000010000001000001010011101101 \%
b1010101011011011 F&
#807
b111100100001011111011110111011100000101100010001000000100001100100100100 \%
b1010101011011100 F&
#808
b1010000001110111111111110011000001010111101111111011011101010 \%
b1010101011011101 F&
#809
b111000001111010011101110111111110001010111100001111111101111000111111011 \%
b1010101011011110 F&
#810
b111110101110010100000001111111010000001100010001111101010000011011111100 \%
b1010101011011111 F&
#811
b10001110110100011010111110110000010100011000111111110010001000000001 \%
b1010101011100000 F&
#812
b10111111100011111111000010011111011111111100000010010001001011101101 \%
b1010101011100001 F&
#813
b1110111110011100000100000100110001111000010101000000001110100100001010 \%
b1010101011100010 F&
#814
b11001110111011111010001110001110000000000101000110110001010000010001 \%
b1010101011100011 F&
#815
b111000011111001111110111000011000000011111110100000000011110011111101110 \%
b1010101011100100 F&
#816
b111110100001010111101101001000100010000111110100111100010000100011011001 \%
b1010101011100101 F&
#817
b111000110000100111100010110111111111100100000011000111111111110111101011 \%
b1010101011100110 F&
#818
b110111111111110011011010111010001110110011110110110111101111010011101100 \%
b1010101011100111 F&
#819
b111010101111110100011101000000100000110111111111000101011111001111111111 \%
b1010101011101000 F&
#820
b1100111101110 \%
b1010101011101001 F&
#821
b0 \%
b1010101011101010 F&
#822
b1010101011101011 F&
#823
b1010101011101100 F&
#824
b1010101011101101 F&
#825
b1010101011101110 F&
#826
b1010101011101111 F&
#827
b1010101011110000 F&
#828
b1010101011110001 F&
#829
b1010101011110010 F&
#830
b1010101011110011 F&
#831
b1010101011110100 F&
#832
b1 )
b1010101011110101 F&
b10111000011001101000111001110100011000000011100010001110100001101010110 X'
b1 Q(
#833
b0 )
b1010101011110110 F&
b0 X'
b10011000111111 B(
b0 Q(
#834
b1010101011110111 F&
#835
b1010101011111000 F&
#836
b1010101011111001 F&
#837
b1010101011111010 F&
#838
b1010101011111011 F&
#839
b1010101011111100 F&
#840
b1010101011111101 F&
#841
b1010101011111110 F&
#842
b1010101011111111 F&
#843
b1010101100000000 F&
#844
b1010101100000001 F&
#845
b1010101100000010 F&
#846
b1010101100000011 F&
#847
b1010101100000100 F&
#848
b1010101100000101 F&
#849
b1010101100000110 F&
#850
b1010101100000111 F&
#851
b1010101100001000 F&
#852
b1010101100001001 F&
#853
b1010101100001010 F&
#854
b1010101100001011 F&
#855
b1010101100001100 F&
#856
b1010101100001101 F&
#857
b1010101100001110 F&
#858
b1010101100001111 F&
#859
b1010101100010000 F&
#860
b1010101100010001 F&
#861
b1010101100010010 F&
#862
b1010101100010011 F&
#863
b1010101100010100 F&
#864
b1010101100010101 F&
#865
b1010101100010110 F&
#866
b1010101100010111 F&
#867
b1010101100011000 F&
#868
b1010101100011001 F&
#869
b1010101100011010 F&
#870
b1010101100011011 F&
#871
b1010101100011100 F&
#872
b1010101100011101 F&
#873
b1010101100011110 F&
#874
b1010101100011111 F&
#875
b1010101100100000 F&
#876
b1010101100100001 F&
#877
b1010101100100010 F&
#878
b1010101100100011 F&
#879
b1010101100100100 F&
#880
b1010101100100101 F&
#881
b1010101100100110 F&
#882
b1010101100100111 F&
#883
b1010101100101000 F&
#884
b1010101100101001 F&
#885
b1010101100101010 F&
#886
b1010101100101011 F&
#887
b1010101100101100 F&
#888
b1010101100101101 F&
#889
b1010101100101110 F&
#890
b1010101100101111 F&
#891
b1010101100110000 F&
#892
b1010101100110001 F&
#893
b1010101100110010 F&
#894
b1010101100110011 F&
#895
b1010101100110100 F&
#896
b1010101100110101 F&
#897
b1010101100110110 F&
#898
b1010101100110111 F&
#899
b1010101100111000 F&
#900
b1010101100111001 F&
#901
b1010101100111010 F&
#902
b1010101100111011 F&
#903
b1010101100111100 F&
#904
b1010101100111101 F&
#905
b1010101100111110 F&
#906
b1010101100111111 F&
#907
b1010101101000000 F&
#908
b1010101101000001 F&
#909
b1010101101000010 F&
#910
b1010101101000011 F&
#911
b1010101101000100 F&
#912
b1010101101000101 F&
#913
b1010101101000110 F&
#914
b1010101101000111 F&
#915
b1010101101001000 F&
#916
b1010101101001001 F&
#917
b1010101101001010 F&
#918
b1010101101001011 F&
#919
b1010101101001100 F&
#920
b1010101101001101 F&
#921
b1010101101001110 F&
#922
b1010101101001111 F&
#923
b1010101101010000 F&
#924
b1010101101010001 F&
#925
b1010101101010010 F&
#926
b1010101101010011 F&
#927
b1010101101010100 F&
#928
b1010101101010101 F&
#929
b1010101101010110 F&
#930
b1010101101010111 F&
#931
b1010101101011000 F&
#932
b1010101101011001 F&
#933
b1010101101011010 F&
#934
b1010101101011011 F&
#935
b1010101101011100 F&
#936
b1010101101011101 F&
#937
b1010101101011110 F&
#938
b1010101101011111 F&
#939
b1010101101100000 F&
#940
b1010101101100001 F&
#941
b1010101101100010 F&
#942
b1010101101100011 F&
#943
b1010101101100100 F&
#944
b1010101101100101 F&
#945
b1010101101100110 F&
#946
b1010101101100111 F&
#947
b1010101101101000 F&
#948
b1010101101101001 F&
#949
b1010101101101010 F&
#950
b1010101101101011 F&
#951
b1010101101101100 F&
#952
b1010101101101101 F&
#953
b1010101101101110 F&
#954
b1010101101101111 F&
#955
b1010101101110000 F&
#956
b1010101101110001 F&
#957
b1010101101110010 F&
#958
b1010101101110011 F&
#959
b1010101101110100 F&
#960
b1010101101110101 F&
#961
b1010101101110110 F&
#962
b110110011100111 F&
#963
b110110011101000 F&
#964
b11011111011100000001111111100000000111011101110001110000000000010010 \%
b110110011101001 F&
#965
b1000100000011111110101000011000010110000100010000111011111100100001000 \%
b110110011101010 F&
#966
b111010100001001000101001111110101110110100100111000100110010001111101010 \%
b110110011101011 F&
#967
b111110000100000010101111111011100111000010110111111000000110011010010 \%
b110110011101100 F&
#968
b111001110110111111100010000010001001111111110000001000001011011010000 \%
b110110011101101 F&
#969
b111101101111001100011100111100010000001111101110111000011101111111010001 \%
b110110011101110 F&
#970
b110100001011100001000000010010010101000000100000000100000010011110111 \%
b110110011101111 F&
#971
b111011001110101011110010000100111110110100010011111011111111001111111010 \%
b110110011110000 F&
#972
b111101010000000011101110000010100000001011111100111100011110101011111111 \%
b110110011110001 F&
#973
b110100000111011110101000010110000001100010100000101111111110111101011 \%
b110110011110010 F&
#974
b110000001110100000010000101101101000011111000111000111111011111110011 \%
b110110011110011 F&
#975
b1 )
b100010000111000001010111011010010111011111011000000101101011011111101 \%
b110110011110100 F&
b10010110100101101001011010010110100101101001011010010110100101101011011 X'
b1 Q(
#976
b0 )
b111000101111111011110001111000101111000111100101111011111110100111110110 \%
b110110011110101 F&
b0 X'
b10010111010000 B(
b0 Q(
#977
b1000000010111100111111011001111110111011110111110100000100011011110 \%
b110110011110110 F&
#978
1|
b111000101111101011110000111100111111101000010111000110101110010111110000 \%
b110110011110111 F&
#979
b1000000 "
0|
0e#
b101010000001011110010110111001111101000001110000101101111101011011110 \%
b110110011111000 F&
b0 R'
b0 U'
#980
b111111111110100011110111110100010100100100100000010101111001011101111 \%
b110110011111001 F&
b1 R'
#981
b111111010000000011111111000100100001110100100101000011101111010111101100 \%
b110110011111000 F&
#982
b111101110001000011101000111101111101010111111011001010000000010111111101 \%
b110110011111001 F&
#983
b111111010000000011111111000100100001110100100101000011101111010111101100 \%
b110110011111010 F&
#984
b111101110001000011101000111101111101010111111011001010000000010111111101 \%
b10100 F&
#985
b11111110000000100100000100101111010011101111111110110010110011110011 \%
b0 F&
#986
b1111111111111111000000000000010000000011001011100000101000000000 \%
#987
b111100011101000111100101000000100001100000001010111111110000000000000000 \%
b0 B(
#988
b10 R'
b110 U'
#989
1e#
b10011001000000 B(
#995
b1 F&
#996
b10 F&
#997
b111110011111011100001110111111001110111111111011111011101000000011000000 \%
b11 F&
#998
b111010111100010111011110000001100001001000001011111100111101000011101010 \%
b100 F&
#999
b111111111111111000000000110011000010111111110010000000010000000000000000 \%
b101 F&
#1000
b10100000000000001010010001100010010 \%
b110 F&
#1001
b10000000100000001000000000000000000000000 \%
b111 F&
#1002
b1111011111111111001001110000010111010011000000010000001000000010 \%
b1000 F&
#1003
b1101111011011100010111000000101111101111111100 \%
b1001 F&
#1004
b11110110111110111000111100110100100111110111001101110001111110100 \%
b1010 F&
#1005
b111101111101110011101100111010101111111100001110000011011110001000010000 \%
b1011 F&
#1006
b1000000101100001000111010011101111101000000 \%
b1100 F&
#1007
b10000011000111010011110010000000010011110111001100110001101000001000 \%
b1101 F&
#1008
b1111000011101001111111010001000100000000 \%
b1110 F&
#1009
b110111111110100111111011000000000000110011111010111111010001110001000111 \%
b1111 F&
#1010
b1101101100010011111111011110101000001110 \%
b10000 F&
#1011
b1101000011100000110000111000111101111010111011111111111110011100000000 \%
b10001 F&
#1012
b1111111100000000000000000000100011111000001100010000011000000000 \%
b10010 F&
#1013
b111100110001001100001100111111111111010100101100111011111111101000000001 \%
b10011 F&
#1014
b1111101010111100000001111111111100011110 \%
b10100 F&
#1015
b111111010000100110001101000110001100011100011101111110111100101111111111 \%
b10101 F&
#1016
b1111111111111111000000000000010000000011001011100000101000000000 \%
b10110 F&
#1017
b111111100000111000001011111111111111011100000011111100010001011000010010 \%
b10111 F&
#1018
b1111001011110010000010000000100111000101 \%
b11000 F&
#1019
b111111001111001100010011000011100000000111110111000000010000000111111001 \%
b11001 F&
#1020
b11111000000110011110110011110000000000001111010011111010 \%
b11010 F&
#1021
b111100101110100000000000000011000001000000010110000010011111100111101110 \%
b11011 F&
#1022
b1001111110001111111100001111000011010000001111111111 \%
b11100 F&
#1023
b111101110000010011111110111111110000011000000101000001100000010100010000 \%
b11101 F&
#1024
b11110010000001110001011100000000000011111111110000000001 \%
b11110 F&
#1025
b1001111100100010000000101111111101100000000111100100000111111111100 \%
b11111 F&
#1026
b1110111111101111100100001101111010010000100000001100 \%
b100000 F&
#1027
b100010001011011111001111110100001011111011010000011000011010011001100 \%
b100001 F&
#1028
b11010110000001110001111011111101111010111110101011110001 \%
b100010 F&
#1029
b111110111110010011101101110100011110110110111010110111011110110111000110 \%
b100011 F&
#1030
b11110100000000101111111100010010000001100010101111101110 \%
b100100 F&
#1031
b111110101000100011111111101111000011101110000110100000000100001100 \%
b100101 F&
#1032
b11101011000110010000000000011011000010100001000111110101 \%
b100110 F&
#1033
b111111000000011111011110111011000001010111111100000110001111000000011010 \%
b100111 F&
#1034
b11101001111110100001011011110101000100001111011011101110 \%
b101000 F&
#1035
b111010011110100011110010000011011110100011000011000100011101111011111010 \%
b101001 F&
#1036
b1000100110111100011110000011110000101011101011100000001 \%
b101010 F&
#1037
b111101001110111000001010111110000000101100010010111111001111100000001011 \%
b101011 F&
#1038
b1111110101110101000000011000100000000100100010010 \%
b101100 F&
#1039
b111111000000001111110001111111100000001100000011111100111111111111110011 \%
b101101 F&
#1040
b10111111011111111011101100111110101111101000010000 \%
b101110 F&
#1041
b11111101101011110010000010010000000000000001000110010000000011110101 \%
b101111 F&
#1042
b10001100011111000000101110000101100011101111011010000100011110010 \%
b110000 F&
#1043
b110000000011111010001010010001110001000110000000000011110110111111010 \%
b110001 F&
#1044
b111010011111101111111000111101001110001111110010111100110000110001000001 \%
b110010 F&
#1045
b111101110100001011011100000000111111101100000110001010101111110100000000 \%
b110011 F&
#1046
b101011101100011110110001000100010100100110110110010100000010100001100 \%
b110100 F&
#1047
b110110000100100001010111101010010101111111011000010111110101100000011 \%
b110101 F&
#1048
b111110110000001011101111110111111111011000000110000000001111001111011010 \%
b110110 F&
#1049
b111100001110000111100110111110111111011111110111001000101111111000101000 \%
b110111 F&
#1050
b111111110000001000110110010000101011111000000010100000100000000010 \%
b111000 F&
#1051
b110111111111111000000000111101111111010011001001 \%
b111001 F&
#1052
b101110001101011000100101001001000001010100000000001001101110110100000000 \%
b111010 F&
#1053
b11111101111011101111111001110000101000110101110011100000000100010111 \%
b111011 F&
#1054
b110011011101100100110101010011010011111011101101000000010010111111110011 \%
b111100 F&
#1055
b101110000101010111100100110010100000010011011001000110001111110000010100 \%
b111101 F&
#1056
b110110001101101011111110000011000000111100101000010001011110111100100011 \%
b111110 F&
#1057
b10010000110111010101000001000001000100001111000100000001101100011111 \%
b111111 F&
#1058
b1100100010011011100000110101101100011111110001001011010011001100000000 \%
b1000000 F&
#1059
b111000110001100011000111111101100011000111110001001001101111010011100101 \%
b1000001 F&
#1060
b111010000010010011110101000010111101100011010001000110110000010111100011 \%
b1000010 F&
#1061
b1101010000100111000000000100010001111111010101001010111110110100000110 \%
b1000011 F&
#1062
b101111111111011110101001001101110010101000010 \%
b1000100 F&
#1063
b1101110011111100110110101100010011000010101000110111111100100001010 \%
b1000101 F&
#1064
b1011111110000101111111100100001111111101111000010110001101100001001 \%
b1000110 F&
#1065
b1100100110111010100000101000000111100010010001001010001110100010011 \%
b1000111 F&
#1066
b1000101100010011011010111110111101011011011010111100101111101000011100 \%
b1001000 F&
#1067
b110000000111011011110111111101111101000011011000100100010010111101101 \%
b1001001 F&
#1068
b11000000000010110011001000110001011000000111111010001111111111011101 \%
b1001010 F&
#1069
b110101001100011010111100111110100000011000010010010000010000101111100101 \%
b1001011 F&
#1070
b111111111111101100000100111101101111100000000110000010101101010011111111 \%
b1001100 F&
#1071
b111110010011001100000011111100010000000100000000000010100001010111111001 \%
b1001101 F&
#1072
b110100001110110101110100000010101111100011101011101011010001111100011110 \%
b1001110 F&
#1073
b101100001001000100110100011100010101011011010 \%
b1001111 F&
#1074
b111000010001010100101111001011110001110100011010001001001110011111110001 \%
b1010000 F&
#1075
b1100001110100000011000011001111110000001001111110110001110100010100 \%
b1010001 F&
#1076
b101100011110111110011000011110000100011011011000100100001011100000011 \%
b1010010 F&
#1077
b10110010011111101100001001001101100011011111111010000000101100001111 \%
b1010011 F&
#1078
b1000101111110011100110111110111111101111011100000001000001111111100111 \%
b1010100 F&
#1079
b110001111100111011101110001000111110101100001110111100001100111111010110 \%
b1010101 F&
#1080
b111111110111000101011100001000110010010011111101000110001111110011100101 \%
b1010110 F&
#1081
b110001111110000100110000011001111111000011001111111111110110010110001 \%
b1010111 F&
#1082
b1011110100100000011111000100001010011110000000001110001000000001101 \%
b1011000 F&
#1083
b111001101111011111101100000001111011111111011001111011011110000100010100 \%
b1011001 F&
#1084
b11100011110100101111101111010000101111111101 \%
b1011010 F&
#1085
b1111101110111100111110000110001011111011111010110110101110100100011100 \%
b1011011 F&
#1086
b101100000011000010110111101101110101011110011110101101101101011111001 \%
b1011100 F&
#1087
b110111011111100111110001000111101110011001100 \%
b1011101 F&
#1088
b111100110000100000001100111100111111111011111001111111010000010111111110 \%
b1011110 F&
#1089
b101101110001000001010001010110000100011110011001110101110010000001100 \%
b1011111 F&
#1090
b111111010001100000010000000000101111011011011100 \%
b1100000 F&
#1091
b110111100001011110111110101111110001110100000010001001001111110111010010 \%
b1100001 F&
#1092
b110110000000000011111100111001011111111100000101001101000101000000010010 \%
b1100010 F&
#1093
b111011110100111010110010111101001111110001001011 \%
b1100011 F&
#1094
b1001011100011100101100110001101101001000000010001101011110100100111010 \%
b1100100 F&
#1095
b10111111010100101110111000110000110011011001111101000010100000011010 \%
b1100101 F&
#1096
b1011111100100011001000010001101000000001100 \%
b1100110 F&
#1097
b11000001001011111000111001010000101111111010000001100000010111111101 \%
b1100111 F&
#1098
b100100001000100011011111100110001010111011110110111010000101111110011 \%
b1101000 F&
#1099
b101100000011111111111000001100000101111111011 \%
b1101001 F&
#1100
b1010010001011100101010000100010000111100001011110011101110110100100010 \%
b1101010 F&
#1101
b10000001110100101000111110000000111011000001101110011111111111111101 \%
b1101011 F&
#1102
b111111001101101011100101001000001110111011000011 \%
b1101100 F&
#1103
b111111011111000111111110111101000000101100001100000010001111001111101110 \%
b1101101 F&
#1104
b1010000001101011110101111101010000000000010111110110001111110111100010 \%
b1101110 F&
#1105
b1000010001010100110100000101110010010100101101 \%
b1101111 F&
#1106
b1100110001000011111010111101010000010111110100000000001111110011110100 \%
b1110000 F&
#1107
b111101111010101001010000000000001010000110010000000001111010011110101 \%
b1110001 F&
#1108
b111100110000110111100111111001111110001011110110 \%
b1110010 F&
#1109
b111111001110100000001110111101111110101000001001000000001111010000100010 \%
b1110011 F&
#1110
b10110000100100001111000000000001010000000100111100111111011000111011 \%
b1110100 F&
#1111
b10010000110011101110000111000011000100011000 \%
b1110101 F&
#1112
b1001100000100000001000001111111010111101101001011111111000101000100 \%
b1110110 F&
#1113
b100000000100011001111000000000111000000000001001110000111000010111 \%
b1110111 F&
#1114
b101100001100111110101000100010010101111011101 \%
b1111000 F&
#1115
b10101110110000000000111101001111101011111111111011111101111100001100 \%
b1111001 F&
#1116
b11111101011111010000010000000010100001100001000000000101000001001 \%
b1111010 F&
#1117
b110111110000011000010010000001010000001011110001 \%
b1111011 F&
#1118
b11000001111111111010000000100000101100000000001010001111000000010100 \%
b1111100 F&
#1119
b111100100000100100010000110001001111011000000101111001011111011100010111 \%
b1111101 F&
#1120
b111100111111111100011001001011010010110011100100 \%
b1111110 F&
#1121
b111011111111101111110011110110110010101100111001111000000001010100000001 \%
b1111111 F&
#1122
b1000000010011010111011000010011111110100101100111110011111100100000111 \%
b10000000 F&
#1123
b110110101111100011011100000101100001001100010011 \%
b10000001 F&
#1124
b1101000000011111110011111101100000100011011100001000011111101100010000 \%
b10000010 F&
#1125
b100000000010111100100000010100001000111101001000010001111111111100100 \%
b10000011 F&
#1126
b111001101111110100001010111000110001000011010110 \%
b10000100 F&
#1127
b111111100010010000010001000000100000011111101111111110011111100111100100 \%
b10000101 F&
#1128
b10001111011100000110000100111110111000000001000000111110110011111011 \%
b10000110 F&
#1129
b1011111101000000000000100010000001011111111 \%
b10000111 F&
#1130
b110111011111001100001110111011001111101000011111000100000001011000011100 \%
b10001000 F&
#1131
b1110000000000000010111110100010101111111101111001001100101011110110 \%
b10001001 F&
#1132
b111011111101100011101110111111010000110011110000 \%
b10001010 F&
#1133
b110110001110100011111111111100110010100000001101111101110010011011001010 \%
b10001011 F&
#1134
b10010011111111110000011011110111000100111110011110010011000001010 \%
b10001100 F&
#1135
b111111110000011100101010111100110011001011101100110111101111100000001100 \%
b10001101 F&
#1136
b11110101100011111010010010000010100010010110101100000101111101110 \%
b10001110 F&
#1137
b111001101101110101011001000010101111111000011011000000111101101111111011 \%
b10001111 F&
#1138
b111011011110111111101110001010010001011011111110110101110110111111010110 \%
b10010000 F&
#1139
b111111000001111000111000001100001111001111110111000010011111110000001010 \%
b10010001 F&
#1140
b100010000111100010000001011000010100011111111111010011011010011101011 \%
b10010010 F&
#1141
b1000010101100100010010100101110011000001111000010100010000000100110 \%
b10010011 F&
#1142
b111101011111001101111101000010101110101111100101111100010001111111100110 \%
b10010100 F&
#1143
b110000011101100000101011111111100000011011110111000100000000000111010011 \%
b10010101 F&
#1144
b110100010010110110111101000000101110011011110010000001001110100000010011 \%
b10010110 F&
#1145
b111011100111011100000000001010000000011111100011111100000010000011101011 \%
b10010111 F&
#1146
b111111100000110111101011111111010000000011000000111100111110010000001010 \%
b10011000 F&
#1147
b111100000000111011111000000100100001110000010000111011000001111000100000 \%
b10011001 F&
#1148
b1111111100101011101110010011100001101111000110111100011110010111110010 \%
b10011010 F&
#1149
b1011100000101011101001001110010010000000000110111110111110100011101110 \%
b10011011 F&
#1150
b1000111111011011101101000111011101111000000001110010011100001000001101 \%
b10011100 F&
#1151
b10001110011011100111000110110000011000001111000000110010010100000110 \%
b10011101 F&
#1152
b1100011111101111101011001100000000001100000010000111010001010111001100 \%
b10011110 F&
#1153
b11110000010100001110111100110001001000000001111100001111001100001000 \%
b10011111 F&
#1154
b1010110001001000100000000010111110111011000111001100110000000000100110 \%
b10100000 F&
#1155
b111101101100000001010111100000000100111001111000011010001011011101110 \%
b10100001 F&
#1156
b1100000110011100001111100100010001000010001111110110011000011100000 \%
b10100010 F&
#1157
b11110010001000000011001110100000010000000110111111001111000111111011 \%
b10100011 F&
#1158
b111110101111110111110101001001100000010011111111111110010010011111101110 \%
b10100100 F&
#1159
b1010001110000110111101110010110001000111011011111110110001110000010111 \%
b10100101 F&
#1160
b110011001101100100101100111101111110100111110111001010101111000100000100 \%
b10100110 F&
#1161
b111101000010010011101000001000001101101000010101111010001111110100010001 \%
b10100111 F&
#1162
b101111101100010101110101011110101111010011111100101111010000000011 \%
b10101000 F&
#1163
b11111101100100000010111100011111111100010001000011011111001111111001 \%
b10101001 F&
#1164
b110000011000110101111100101110011000000101000000111111010011111101 \%
b10101010 F&
#1165
b11110010111110000111011000001000111101010111100110001101100110101 \%
b10101011 F&
#1166
b111101000001101111111111111010111101001000000110000000111011001011111111 \%
b10101100 F&
#1167
b11111111110011100011000111000000010011101010111100101110110100000110 \%
b10101101 F&
#1168
b100000000010111111011110111001111101011101010000011100010001111101100 \%
b10101110 F&
#1169
b11000000110000100100000100000011010000000001000010010010011011111111 \%
b10101111 F&
#1170
b111100010001001011100000000101111110110000001100000001000010101000000101 \%
b10110000 F&
#1171
b111001110111000000110110111110001010000011010000111101111111011110011 \%
b10110001 F&
#1172
b110101110000011100100000100111101100101011101111010111101111100010111 \%
b10110010 F&
#1173
b111100101110101000011101000001111110111111110011111100001110111100100001 \%
b10110011 F&
#1174
b1110001000100001100111010001111110100001001110111101111011000001010 \%
b10110100 F&
#1175
b111111011110101011111111000010100001010111101011000000111111001111100001 \%
b10110101 F&
#1176
b11111010111011111110010110000110011110001110010110000110111111001 \%
b10110110 F&
#1177
b111010011110001011101100110111011110110000001011110010100000101111101111 \%
b10110111 F&
#1178
b110001110100011111101110100101111110011111010000111001110110011101000 \%
b10111000 F&
#1179
b111010101101110100000111111001011111111100001001111101000000010100011001 \%
b10111001 F&
#1180
b101100000101100011011000101011111110111111100000100110000010000001010 \%
b10111010 F&
#1181
b11100000001011111010110111111111101100001111111111101110101000001110 \%
b10111011 F&
#1182
b110110111111000011111011111000111110110011010111111001100000101000100100 \%
b10111100 F&
#1183
b111101011101110000101101110001111101111100110001001100101101100000010000 \%
b10111101 F&
#1184
b111100010001110011110100111100000001110100111011000101100010000000010011 \%
b10111110 F&
#1185
b111000001010000010100111000011111010111110010000100000000000111111110 \%
b10111111 F&
#1186
b1110001010111011001111111000001110111001010110100101110110100001000 \%
b11000000 F&
#1187
b111101011101110111011011111101100010110011000000000111000001111100100101 \%
b11000001 F&
#1188
b111011100001111001001101110100001101100000011000000100001111100111001011 \%
b11000010 F&
#1189
b1001101101110011110101111011101111100011111011001000110001101000000011 \%
b11000011 F&
#1190
b110000001011011110001010011111001100000111000100110000001110111111 \%
b11000100 F&
#1191
b111101100000000011011000000100001110101000110001111100101111110000000111 \%
b11000101 F&
#1192
b111010101111100011110000111110101110011000001111000111000010011011111011 \%
b11000110 F&
#1193
b101101111011000001011110110011110110011101111101010001101110011101100 \%
b11000111 F&
#1194
b101101000011011000000111000001010011001011101101000011010001000000010001 \%
b11001000 F&
#1195
b1111000000011111110000000001000000111011000101000000011100111111010001 \%
b11001001 F&
#1196
b111001001110111000101101000101011110011001011101111000100001100011111001 \%
b11001010 F&
#1197
b111111001110101111110100000010010000011100010100111011001111011011110110 \%
b11001011 F&
#1198
b111100110001010000010010000001111111000100000111000011100000011011101000 \%
b11001100 F&
#1199
b111111101000010111000110011111011000001000 \%
b11001101 F&
#1200
b111111011000001010110111111110001100100000111101110001000111010100 \%
b11001110 F&
#1201
b1010100001011111101010111101011110000100000100111110010001010000100110 \%
b11001111 F&
#1202
b10010000101011011110001011011110001000100101 \%
b11010000 F&
#1203
b101111101000000100110101001110001100001010111010111111010111010011 \%
b11010001 F&
#1204
b100000000011000000000111010010010001011110000111101010010110100001101 \%
b11010010 F&
#1205
b10100001000011100110001100011101111000010011 \%
b11010011 F&
#1206
b111111101100001001000001001111111111111101000001010000100100000000 \%
b11010100 F&
#1207
b111111000000000111111111111010111111111011111000110111001111110011110111 \%
b11010101 F&
#1208
b111111001111111000000000111110001111101000001000 \%
b11010110 F&
#1209
b1100000011000011001110111111111001000101001111110111001111100010000 \%
b11010111 F&
#1210
b110000001100011110111111110001110000100001111111011111110111111111111 \%
b11011000 F&
#1211
b111110000000111001001101011101111010011010101 \%
b11011001 F&
#1212
b111100111110101000000010111110001111011100001001000001001110110111110010 \%
b11011010 F&
#1213
b110110000011100011100111000100100111111101011000010101110100011100110 \%
b11011011 F&
#1214
b110001011100111101111000110000011000011000 \%
b11011100 F&
#1215
b111111000000100000001010111111001111111111110101000001000000000111111010 \%
b11011101 F&
#1216
b100010111000000101000000000000010000010110000001010000001000010001 \%
b11011110 F&
#1217
b111111011111110111111110111000011111101011111000 \%
b11011111 F&
#1218
b1001010001010111111110111101100000001111111111000100010001011011111011 \%
b11100000 F&
#1219
b111101000000001100000110111011111101011111011101000010011111111100000010 \%
b11100001 F&
#1220
b111100101110111111111111000101001110100110100100 \%
b11100010 F&
#1221
b111010101111000100110010000011010000010000010001111010011110111000001011 \%
b11100011 F&
#1222
b11001111011011011111001000100000001100011100001001110000000011110110 \%
b11100100 F&
#1223
b111001111111000111111101000110011111100011100100 \%
b11100101 F&
#1224
b111011110011000111101010111000101111010000000000000010001111010011111000 \%
b11100110 F&
#1225
b1000111111001100010111001001011111011000000010000101100001010000010001 \%
b11100111 F&
#1226
b11011110011100000000111000100000110011110101 \%
b11101000 F&
#1227
b111111101000000010000000110000011000001100111111010000000100000111 \%
b11101001 F&
#1228
b111110010000110000000001000000011111101100001010000001100000100011111111 \%
b11101010 F&
#1229
b1101111000111110111000000100000011000000010 \%
b11101011 F&
#1230
b111011011111101100111010001000001110111000011010000001011110011111011010 \%
b11101100 F&
#1231
b110000101111110000101111001011000011001111110111000100011111010111011001 \%
b11101101 F&
#1232
b110000100011111000000010000001110111101101 \%
b11101110 F&
#1233
b1110100000110000010000000010010000010111110011111110110001101000001011 \%
b11101111 F&
#1234
b1001011011000100111110111011100010000101001011111101111110011111101010 \%
b11110000 F&
#1235
b111100000001010111011010111100111110111111111100 \%
b11110001 F&
#1236
b10000100100000110111110101111110111101111000001011111110011110001 \%
b11110010 F&
#1237
b100111110111111111010111110100001000111101100111100011111001011111110 \%
b11110011 F&
#1238
b111101100000101100000111111110000000000111111100 \%
b11110100 F&
#1239
b111111111111100000000101000000111111110000000000000001100000010000000110 \%
b11110101 F&
#1240
b111111010000001000000001111011101111111111111110110101110000101100000001 \%
b11110110 F&
#1241
b111100100000001111111010111110000000100011111101 \%
b11110111 F&
#1242
b101011111110011111001000100001110110000001100111101000000001111111110 \%
b11111000 F&
#1243
b111111001110000011111001000001100000001011101010000011010000101111111011 \%
b11111001 F&
#1244
b111110001110111111110101000001010010000000000111 \%
b11111010 F&
#1245
b111101000000011011111001000100101111001111110001111100100000111011111000 \%
b11111011 F&
#1246
b1100000011100001100111100000001001000000001000011100001001011101111 \%
b11111100 F&
#1247
b1100011101100100000110000011011111011011110100111100100000110111110100 \%
b11111101 F&
#1248
b11100000110100001011000110011110111111110111000100010001011111111010 \%
b11111110 F&
#1249
b10011111110100010100111011101110110000001100111101011111100000000111 \%
b11111111 F&
#1250
b100001110110111110001000010100000011100001100111101011111010011110101 \%
b100000000 F&
#1251
b10111100000100011110101110110010000011111110111000010011110010100000111 \%
b100000001 F&
#1252
b10101110101100001110000010101111010100001010111011100000110111011010 \%
b100000010 F&
#1253
b111100000000010100101110111100111111010000001010001000100000111000001001 \%
b100000011 F&
#1254
b101110000100100001101000010000000110011110010000100000010011111110000 \%
b100000100 F&
#1255
b1010010001011110101001110110000111100001101111100001111011100001101 \%
b100000101 F&
#1256
b10100000110000001011000101110000101111110001001000111111101111110111 \%
b100000110 F&
#1257
b10111110110000101000111101100000110111110010110011110000101000000111 \%
b100000111 F&
#1258
b11001111100100000111000011111111011111010001111101101101111011110111 \%
b100001000 F&
#1259
b111100110000011100000100111110110000010111110001000011010000110111110101 \%
b100001001 F&
#1260
b10010000100100001010000011110000110000000110000011011111011000100101 \%
b100001010 F&
#1261
b1001101110000101000100000010010001101100001011000111110000000011101010 \%
b100001011 F&
#1262
b110010010010000101111000000110000101000001010000001010001001011110100 \%
b100001100 F&
#1263
b111110101111011011111001000000100000111100001000000011110000001100100001 \%
b100001101 F&
#1264
b10000000011110000000011100000010000001111000010001110011011001110 \%
b100001110 F&
#1265
b111011100000100011110101110010100000010000000101001001100000011100000101 \%
b100001111 F&
#1266
b111101010000100100000100000100111110111100110000001010010001010100001100 \%
b100010000 F&
#1267
b11100001000100000010000110101110001100011101111011001110001111110100 \%
b100010001 F&
#1268
b111100100000000111111101000010010001011000010111111101101101000100001110 \%
b100010010 F&
#1269
b111010010000110111001000001001010000001100011000111110110000010111110111 \%
b100010011 F&
#1270
b111011011110011000001101000000111111101100001100000001110000100000000101 \%
b100010100 F&
#1271
b101100000011011100100111101001110111100000101000100000000001000011010 \%
b100010101 F&
#1272
b100001001100000011000011010010010111100001111110111110110100000000 \%
b100010110 F&
#1273
b110101011111011011111000010010010100100000000110111101111101100111110100 \%
b100010111 F&
#1274
b10100010100100010000000001111111011011101000000101001111001100000010 \%
b100011000 F&
#1275
b1011111110101100111111111000000110100000000111111110000100011100110 \%
b100011001 F&
#1276
b1010001101011101101000100111111011001111111000100000000000011110000 \%
b100011010 F&
#1277
b1001010001100111111111111111010000000100100011111001011111000111101011 \%
b100011011 F&
#1278
b10110000001000000110000111010000001000100000000010100000110011101111 \%
b100011100 F&
#1279
b111011111110110100010101000100101110001000000011000010001100011100001101 \%
b100011101 F&
#1280
b10110001100111111011111001110001011111110110000011110010010100010000 \%
b100011110 F&
#1281
b111100100000110011111110111010110010001111110101000111100010100111110001 \%
b100011111 F&
#1282
b10000010000010011000010110010110111110010111100100000110111101111 \%
b100100000 F&
#1283
b101000010110111100100111010001111100100000010000010101110001100010001 \%
b100100001 F&
#1284
b101110010010100011110101111111011111000000000000000000011110001000010100 \%
b100100010 F&
#1285
b110000001110011111010001000011111111000011110111000111110100111110010 \%
b100100011 F&
#1286
b1011110010000001000110010000000001000010000000011100000101011111001 \%
b100100100 F&
#1287
b10101111101111111001111101100000111011110100000011100010011100000011 \%
b100100101 F&
#1288
b1010000001011101001111011010001011100001001111100011110110011111111 \%
b100100110 F&
#1289
b111001101111110000001000111010011111001011110010111101001111011100000001 \%
b100100111 F&
#1290
b1111111000011000000010001110100011111000111110101111110011110101 \%
b100101000 F&
#1291
b10101111010011011001111101011110100000011011000000101111101000001001 \%
b100101001 F&
#1292
b101111110100001111000000101111111111010000111111110000100011101101 \%
b100101010 F&
#1293
b111001001111110011111101000110010000010100010110111110001111011101001110 \%
b100101011 F&
#1294
b111100111011010110101111000010000000110111110011111011011111011000100100 \%
b100101100 F&
#1295
b111111100000000100111000000100100100001011101100001001000000000100010111 \%
b100101101 F&
#1296
b111000101110011011100111111011011111010111011101110100000000011111111010 \%
b100101110 F&
#1297
b111101011110001011100010001111101111001100101010111111010000100111011101 \%
b100101111 F&
#1298
b111011011101100000111000001111010010000100101100111011101111011111111100 \%
b100110000 F&
#1299
b111010011111011111101100000100100000100011011110111111001110111111110110 \%
b100110001 F&
#1300
b111001100001001011101001110010001100110011101000000011101110000111100111 \%
b100110010 F&
#1301
b111110111101011111101111111100101111011111010111000000000010100011111100 \%
b100110011 F&
#1302
b1001010011001100000000001001100001010100001101101111101110110011011100 \%
b100110100 F&
#1303
b111000110001100011110000110110010010101000001010000011010000100111100110 \%
b100110101 F&
#1304
b111110011000010111110100010000011111010101111001010000100100001110 \%
b100110110 F&
#1305
b1011101101110000000011000111010000101011111100111110001110000100010000 \%
b100110111 F&
#1306
b111011100000001100100011000100110010110011110100111100001110001000010101 \%
b100111000 F&
#1307
b110101110001101100110000001001110001001011110000111110110000000111101011 \%
b100111001 F&
#1308
b110110101001111100000101000011010000100000100010000100111110110111111111 \%
b100111010 F&
#1309
b0 \%
b100111011 F&
#1310
b100111100 F&
#1311
b100111101 F&
#1312
b100111110 F&
#1313
b100111111 F&
#1314
b101000000 F&
#1315
b101000001 F&
#1316
b101000010 F&
#1317
b101000011 F&
#1318
b101000100 F&
#1319
b101000101 F&
#1320
b101000110 F&
#1321
b101000111 F&
#1322
b101001000 F&
#1323
b101001001 F&
#1324
b101001010 F&
#1325
b111101010000010111111000000010010001001100001000111001000001010111111101 \%
b101001011 F&
#1326
b101100000100000000110000110100000010111111111000001011111000011111011 \%
b101001100 F&
#1327
b111100111110001011111111000110010000000100001100000101000000001111110000 \%
b101001101 F&
#1328
b1110011011110111111110101111101011111100 \%
b101001110 F&
#1329
b1101100101000001011001000111101001011010100000100101101001000001100 \%
b101001111 F&
#1330
b111110101100100100010001001101101111001100010000001011100001001000000000 \%
b101010000 F&
#1331
b1000000010111100010110110101110110100010100000001000010111011110111 \%
b101010001 F&
#1332
b10110000110010010100110011111011100100 \%
b101010010 F&
#1333
b111101111110111111110101000001110001100100100110000101101111010000000101 \%
b101010011 F&
#1334
b111011100000011000011000111110001111001111101101111001000000001100000010 \%
b101010100 F&
#1335
b111110001111111011011101000001001111001011110011110010101111110100000110 \%
b101010101 F&
#1336
b1111000111111010111110001110101111110110 \%
b101010110 F&
#1337
b111101111110000001010001000010011110110011110110000100101110110111110100 \%
b101010111 F&
#1338
b110010101110011011010001110010011111011111110000111010110011000011101100 \%
b101011000 F&
#1339
b111010000001010100000011111110011101100000001100001110000000001111101110 \%
b101011001 F&
#1340
b11001111101000000010100010111100111110 \%
b101011010 F&
#1341
b1001100000101111010100000111000001000111010011111100100000111111111011 \%
b101011011 F&
#1342
b10111111011100000111111101011111001000000010110000010001000000000100 \%
b101011100 F&
#1343
b110001110110111110000111111110000001011010010111111011101011000011011 \%
b101011101 F&
#1344
b1111000010001000100001110111111110011 \%
b101011110 F&
#1345
b111011010010000011011110000010101110011111111111000010011111011011101111 \%
b101011111 F&
#1346
b11101011011100010000000010000001000010010000101100010100111111011 \%
b101100000 F&
#1347
b1100000001000001100001001111111101000010000000111100011010011100110 \%
b101100001 F&
#1348
b11000000100101111000000000011100001101 \%
b101100010 F&
#1349
b111101010000010100001100010001111110010100100011000100000011001111100111 \%
b101100011 F&
#1350
b111001001110110100000001110001111101111100011011000000101111011111111111 \%
b101100100 F&
#1351
b111110110011010011110110111010001111111111101000000001111110101011110111 \%
b101100101 F&
#1352
b1111100001001111111010000000111101101 \%
b101100110 F&
#1353
b100010001011000101111111001001110000011000110001010001101000000001101 \%
b101100111 F&
#1354
b111101001011101000011000000001100010000100011000110111100001100011110111 \%
b101101000 F&
#1355
b110000101111111111001110111010000000011101001110111101110100000001001 \%
b101101001 F&
#1356
b10100100101000000101010000100001001000 \%
b101101010 F&
#1357
b110001000000011001111001001111111000000011111001111101111111011100 \%
b101101011 F&
#1358
b111110111111101100001101110100011111110111111101111110100000000000000110 \%
b101101100 F&
#1359
b111111100000001111100110111110010001010100001100000101010000101111110000 \%
b101101101 F&
#1360
b1011110111000100110000010011101001 \%
b101101110 F&
#1361
b111011100001000011101011000000111111010111110111110101110001101011111011 \%
b101101111 F&
#1362
b101111111011100110000011011111101111110000000010111101110111111001 \%
b101110000 F&
#1363
b111011100001001100000001111110001111010011111100000111100001010111110001 \%
b101110001 F&
#1364
b1111001100001000111111100000011000000001 \%
b101110010 F&
#1365
b100000000010000000101111101111101000100000101000011011111010111101111 \%
b101110011 F&
#1366
b111001001111001111110101110011010000010011101101000000000000001111110111 \%
b101110100 F&
#1367
b100111111100111101001000011101110100111010011000110011110110100000111 \%
b101110101 F&
#1368
b10110100010011001101110010001100001011 \%
b101110110 F&
#1369
b1101100000001111100110000001111111110000000011111011110010011000010110 \%
b101110111 F&
#1370
b111000000000010100100100111011011111001111110111000010010000010000101101 \%
b101111000 F&
#1371
b110010100000111000001011000110000001110100011010111010010010010011101010 \%
b101111001 F&
#1372
b1111011000011101111010110000101000001111 \%
b101111010 F&
#1373
b111100100000010111100000000011011111111011111111000000101111011000010111 \%
b101111011 F&
#1374
b1101111111100010010000010010001111000000011000001010000101100000101 \%
b101111100 F&
#1375
b111101110000011100001100111010001111111011110101111111010000110011111110 \%
b101111101 F&
#1376
b100000000001000011010000000111111110 \%
b101111110 F&
#1377
b111101101111111111110001111111001111110011001011001100110001000011101111 \%
b101111111 F&
#1378
b101111011110100000011110000000001111111111100100001010110001011011101110 \%
b110000000 F&
#1379
b1100010001111100110000011011110011011100100000101011111101100001001 \%
b110000001 F&
#1380
b1001110111101000011001110111100110010 \%
b110000010 F&
#1381
b110000011000011010000100011111010111111010110010100010000100010101 \%
b110000011 F&
#1382
b11000001100100000110000110001111010011101100000110010000101011100110 \%
b110000100 F&
#1383
b111111101111000011101111111101100000010100011001001110011111011011110011 \%
b110000101 F&
#1384
b110000010011000100110001111000010000 \%
b110000110 F&
#1385
b10100000111100011001000000001100001011101100111100010001110111100101 \%
b110000111 F&
#1386
b10011110100011110110111010000010000100000010111111100000001011000101 \%
b110001000 F&
#1387
b111111011100010101000001111111011100000001000000111101111111100111 \%
b110001001 F&
#1388
b1101011111010000101110100100000010011 \%
b110001010 F&
#1389
b100011111011111101000000001111110111100001010111010101110011011101001 \%
b110001011 F&
#1390
b111111101000000011111000011111110011111011000000000000010100001011 \%
b110001100 F&
#1391
b11111111101011100100111110011110101100010100000000110000010100000100 \%
b110001101 F&
#1392
b1101110111101100000101000001011011100111 \%
b110001110 F&
#1393
b111001111000000010001111001000000100011111011111111001111101111111000 \%
b110001111 F&
#1394
b101101110110011111011000010000010010110110001000010110000100111101100 \%
b110010000 F&
#1395
b10001110011100011101111100111110101111110010111001100010011100101100 \%
b110010001 F&
#1396
b1110101000000000111101000000011111111110 \%
b110010010 F&
#1397
b1000001101101101010001111011110000110000000001110110100000001100110100 \%
b110010011 F&
#1398
b1001000110000100001010000010011111100111110110111001101101010100101010 \%
b110010100 F&
#1399
b111001001110111000001110110001101111111011010100111110111011100000001100 \%
b110010101 F&
#1400
b1111000011101111010011100000010111111111 \%
b110010110 F&
#1401
b111100000001000111110101000011001111010100011011000111010001010011111111 \%
b110010111 F&
#1402
b111110111111000111111100001000111111001011101001000000110000000111111111 \%
b110011000 F&
#1403
b111100000000010100100001111111011110101000000111111111001110001100001010 \%
b110011001 F&
#1404
b1111010100001111000100011111011011100011 \%
b110011010 F&
#1405
b111101101111001011110011111010100000000000000001000010110011111011100000 \%
b110011011 F&
#1406
b11001111111000011001000010110001010111101001111110110000001000011001 \%
b110011100 F&
#1407
b1001011111001000010101111010111101100100011100110100000010001000110110 \%
b110011101 F&
#1408
b1111011000001011000011110000000111110111 \%
b110011110 F&
#1409
b0 \%
b110011111 F&
#1410
b110100000 F&
#1411
b110100001 F&
#1412
b110100010 F&
#1413
b111111101111100100001010111101100000101000010101111010010000001000011000 \%
b110100011 F&
#1414
b111011111111000000011000000101110110011111011111101011110000011111111 \%
b110100100 F&
#1415
b11001111111011111110111101001111101011111001111111000000000011111110 \%
b110100101 F&
#1416
b111101110000100100011101000010101110011011111000111011101110100011111011 \%
b110100110 F&
#1417
b110111110000101011101011000001101111001100011100111011111111001000100111 \%
b110100111 F&
#1418
b1000001110011010101111101011111010111110100000100111110011111101010 \%
b110101000 F&
#1419
b111101111111110001011100000000011110110011110110111110100010011001010001 \%
b110101001 F&
#1420
b1010011001011111010111111000000111111110100111101011111101100110010 \%
b110101010 F&
#1421
b100011111101000000011111000001110010111110011111101011111101011110110 \%
b110101011 F&
#1422
b111001111010011101001000011101111011100001000111110011111010011111000 \%
b110101100 F&
#1423
b110110000111111101101000000011111100011110011000000100010010100001110 \%
b110101101 F&
#1424
b111010011111100000001011000001010000111111111010001101011110110111111101 \%
b110101110 F&
#1425
b111111111111110000010000111110111110110011100010000011000001100111110100 \%
b110101111 F&
#1426
b111001100000011111101010000000010000100111111101111001111111100000010100 \%
b110110000 F&
#1427
b111000010011011111111001111111000010010100011011000100001110010100001001 \%
b110110001 F&
#1428
b11111001100001001000000001110111111111100001001111110110011111111 \%
b110110010 F&
#1429
b111110101111100000101101000000001110010111110011000011110000100000000010 \%
b110110011 F&
#1430
b101101101111111100101000110001111000011111010111111110000001111110111 \%
b110110100 F&
#1431
b11111111000001100000010011111010000000100111111101111101111110100 \%
b110110101 F&
#1432
b100000011100000011111100101110110111111001111010001111111011111000 \%
b110110110 F&
#1433
b111100111111011111110010111110000001100100011100111100000000001000000111 \%
b110110111 F&
#1434
b101101111100011110111 \%
b110111000 F&
#1435
b111011110000110011111101000001101111111011111110111101100001000111111010 \%
b110111001 F&
#1436
b111011000000101100000111111110111111100000010001001000000001000011111100 \%
b110111010 F&
#1437
b110010001011100000101000001001111100011010101000001010000101111101101 \%
b110111011 F&
#1438
b111011010001000111101001000001001110011100000001000111100000110000101000 \%
b110111100 F&
#1439
b111001011111110000000000000110000001110000010010111101011110110011101010 \%
b110111101 F&
#1440
b100101111101100001100000000011110100100000011111111011110111100000101 \%
b110111110 F&
#1441
b11000001010011111101000110010000000111110010000001101111100111100001 \%
b110111111 F&
#1442
b110110010010100011011101111011101110100000010110111110111111100111101101 \%
b111000000 F&
#1443
b1010011111000111111001111101010001111111101000001010010001010111111100 \%
b111000001 F&
#1444
b110111100001000011111110111100011111110000010100101111111111111100010000 \%
b111000010 F&
#1445
b110101010000001000000001111010111111111111110000111001110000010100001011 \%
b111000011 F&
#1446
b111010101111100011111100111110000000111000000000111101000001001011101110 \%
b111000100 F&
#1447
b101011111010100000000000001110000001111110011000001001111100111110100 \%
b111000101 F&
#1448
b100001111000001011000100111110110000000100000010110000110011110000 \%
b111000110 F&
#1449
b10011111011000001011111110001111001111110000111001111111100011110100 \%
b111000111 F&
#1450
b111110101111110011111110000101001111010000011010000101011111001000001001 \%
b111001000 F&
#1451
b100111111110011110101111100100000101000000011000101000000110100000110 \%
b111001001 F&
#1452
b111110001110011000000000111101111110001000000101111011011111010000001101 \%
b111001010 F&
#1453
b1101110101111111010000011001111101000000011000010000001001100010000 \%
b111001011 F&
#1454
b111110011111101100100000000110001111101011101100111010111111001100000001 \%
b111001100 F&
#1455
b111110001110100100001111001100001000011111101111011100000000100001000 \%
b111001101 F&
#1456
b111111001111110011110000 \%
b111001110 F&
#1457
b100000100011101011000110111111101000100011111111000000101011111111 \%
b111001111 F&
#1458
b111100111111010111111100000000001111100000001110111101000001011000010111 \%
b111010000 F&
#1459
b100111110010000000011111011111110100011011111000000101111111100001110 \%
b111010001 F&
#1460
b111110010010110011111110000101111111101100010011000101101110111111010110 \%
b111010010 F&
#1461
b111110010000001011100101111110110010011111111111000000101111101100000111 \%
b111010011 F&
#1462
b1000111111100100000001000000001110110011101010000000110000011111110000 \%
b111010100 F&
#1463
b101100010011011001111000100010000001111111100111110000000000111111010 \%
b111010101 F&
#1464
b111111111001111001011111010101110001100001110111110000000001011111010 \%
b111010110 F&
#1465
b111011110000100111110000111111000001101011111000111011010000111100010000 \%
b111010111 F&
#1466
b111111010001000100001111111100001111101000100110000000001111111000001010 \%
b111011000 F&
#1467
b111011110000000000000111110110111101110011111111000011000001011100000111 \%
b111011001 F&
#1468
b10001000000001101000010001111101011100001111001001111101000001001 \%
b111011010 F&
#1469
b1100111111101111111101010010100000110111110110111111111111010111101110 \%
b111011011 F&
#1470
b111011111111111100001101000011000001100111101111000011110010110000000001 \%
b111011100 F&
#1471
b111011111111000001010111110111111110111101010000101101111010111111011 \%
b111011101 F&
#1472
b10000101011111110000100000000000100000100000100100000110111111110 \%
b111011110 F&
#1473
b11001110001011101010000000111110110100001011000010110011011011110001 \%
b111011111 F&
#1474
b111010010000110111110000111100001111010000000100111100001111110000001010 \%
b111100000 F&
#1475
b111101111110010111111010000100101111100100010011111111000011010100010011 \%
b111100001 F&
#1476
b110000010011110000000001110000011000100000111111111111001111101101 \%
b111100010 F&
#1477
b1010010000111000011010000011001111111100000110111111000000010011110010 \%
b111100011 F&
#1478
b111011001111011000001000 \%
b111100100 F&
#1479
b10110010010000010000111001100001010111101101001000011111110011111101 \%
b111100101 F&
#1480
b11001001110111100011010111110110000101011100001000111100010001011111110 \%
b111100110 F&
#1481
b1100010010011000111100110010100001011111111110001000110110010111110110 \%
b111100111 F&
#1482
b10111111001111100110111101111111101000001101000111011110010011111001 \%
b111101000 F&
#1483
b111001011111011100011100111100011110000100010010001010000010110000101000 \%
b111101001 F&
#1484
b11010101101011111111001011100001110111110101000111001111011101000010 \%
b111101010 F&
#1485
b11100111011101011110011001101001101110000000111000011001110000111010011 \%
b111101011 F&
#1486
b1011111010011111111110010011111101001001101000000001110001000110001 \%
b111101100 F&
#1487
b1010101110101100101010011100110001111000001110110010101011100011101001 \%
b111101101 F&
#1488
b11011001111011011111010110101001111110111010101111101100000110000001101 \%
b111101110 F&
#1489
b11100011111001100000000110011101110110011110101010000100000110100101110 \%
b111101111 F&
#1490
b11001000000111111000100111000111111001011110000110011100001000101110000 \%
b111110000 F&
#1491
b110001000001100001001001010001110000010001100111000011001110001100011110 \%
b111110001 F&
#1492
b1110111110011111000111000111100001110100010000001100100011100100101001 \%
b111110010 F&
#1493
b101111001010111011111010111110110010011011100100010110001111101100101101 \%
b111110011 F&
#1494
b101010111110010000100110111011000100001111110000001001000000111111110001 \%
b111110100 F&
#1495
b10011001011010100101001010110000010111000101000000111011101001001110001 \%
b111110101 F&
#1496
b111110110100010001010101011111010001110000000111110010111100011000010000 \%
b111110110 F&
#1497
b111100011100011111011000001011000001110011111100000111111100001000010010 \%
b111110111 F&
#1498
b110110001110100001111110010100010011100011101000010111110001100111001 \%
b111111000 F&
#1499
b111011111101001011010101000110101110011011010111111100100010010011100101 \%
b111111001 F&
#1500
b100000000111111110010 \%
b111111010 F&
#1501
b0 \%
b111111011 F&
#1502
b111111100 F&
#1503
b111111101 F&
#1504
b111111110 F&
#1505
b111111111 F&
#1506
b1000000000 F&
#1507
b1000000001 F&
#1508
b1000000010 F&
#1509
b1000000011 F&
#1510
b1000000100 F&
#1511
b1000000101 F&
#1512
b1000000110 F&
#1513
b1000000111 F&
#1514
b1000001000 F&
#1515
b1000001001 F&
#1516
b1000001010 F&
#1517
b1000001011 F&
#1518
b1000001100 F&
#1519
b1000001101 F&
#1520
b1000001110 F&
#1521
b1000001111 F&
#1522
b1000010000 F&
#1523
b100110001101100001010110101111111010100001010000111111101001111011101 \%
b1000010001 F&
#1524
b110000100000001001101000111110110000010010001101011110111100010001 \%
b1000010010 F&
#1525
b1111110001000000111000000110000011000001110000000011110111100100010 \%
b1000010011 F&
#1526
b1000100001010111110110001011100001101 \%
b1000010100 F&
#1527
b111110001111101111011110111100110001111111110011111101101110110000101001 \%
b1000010101 F&
#1528
b111011101111111100010111110010000000000111101001000100101110100000001111 \%
b1000010110 F&
#1529
b100010000011111111011111111001110110100000100111100101111110100000010 \%
b1000010111 F&
#1530
b1111000100001001000011111110111111111110 \%
b1000011000 F&
#1531
b1011010000111011100010111101011111110111110100000011100010001011110101 \%
b1000011001 F&
#1532
b111001111111110100010001111010011111111011100111111101111111111100001110 \%
b1000011010 F&
#1533
b111110100000110111111110000100100000110100000000111001101111101100010101 \%
b1000011011 F&
#1534
b1100001001000010110000000000001110 \%
b1000011100 F&
#1535
b110110011111010111110101000100110001001111101010111011101110010000000111 \%
b1000011101 F&
#1536
b111101101110111000010111000010101101101000011000001100011111100011100101 \%
b1000011110 F&
#1537
b11001110111111110011000010000000100111101000000001101100110000000000 \%
b1000011111 F&
#1538
b10011100011000100111100101011111111 \%
b1000100000 F&
#1539
b111100110000110011011100110001010010001011110010111101111111110100000011 \%
b1000100001 F&
#1540
b110110110010101011111101000111101101100100110000110111001111001011100011 \%
b1000100010 F&
#1541
b1100000010111110110000000011111001100100111000001011110010111010111 \%
b1000100011 F&
#1542
b1100000010101000010110000111100000100 \%
b1000100100 F&
#1543
b111010100001101111100101111111010001110011100110110010000010101111111111 \%
b1000100101 F&
#1544
b11111110001111100110111101011110010011111100111100011101000111111110 \%
b1000100110 F&
#1545
b110101110001011000011000001001011101000111111001001011100001001000000100 \%
b1000100111 F&
#1546
b1100001011101101111010000001000011110100 \%
b1000101000 F&
#1547
b10110010101100001111000001111111001111111011000010010010001011000110 \%
b1000101001 F&
#1548
b111110100010000011111011000000100000001011111001111101010010010110110101 \%
b1000101010 F&
#1549
b111110000001000000011011001010110001100111111000000001011111000100000000 \%
b1000101011 F&
#1550
b1111000111111001001000110010101011101111 \%
b1000101100 F&
#1551
b1110100111111100011010111101000000110100000110110111011110011100011011 \%
b1000101101 F&
#1552
b110011110111011111000001010100001101000101111111100111110101100010101 \%
b1000101110 F&
#1553
b101111101111000111011000111111010000010011101011110001110010111000010101 \%
b1000101111 F&
#1554
b1111010111001001101000000101100000110 \%
b1000110000 F&
#1555
b111110011111101000100110010010110000011000110010000100100100011111100011 \%
b1000110001 F&
#1556
b111101111111101100010000110011001110111100001101001100011101011111011000 \%
b1000110010 F&
#1557
b1110000001010100001010111101001111100111100011111110000000100111110010 \%
b1000110011 F&
#1558
b1111000111111100000010001111010111101010 \%
b1000110100 F&
#1559
b111110101111011100011011111100110000011100011000010000111101111000001011 \%
b1000110101 F&
#1560
b111100010000110100011101111010011110001000000010111111000010110000000011 \%
b1000110110 F&
#1561
b110001111010011110001111111000000100011111110110110011111001000011110 \%
b1000110111 F&
#1562
b1111110100111101011110111011111100 \%
b1000111000 F&
#1563
b111000000010000001101000110100001100000011100000011110011111111111110 \%
b1000111001 F&
#1564
b1011000000001100000110111100101111111000000101000000111111011100001011 \%
b1000111010 F&
#1565
b1010010010011100011000000000000011100011101111101110000110000101010 \%
b1000111011 F&
#1566
b10110011101111000100000001001000010000 \%
b1000111100 F&
#1567
b100000000110000000001000011110001001100000001111011000000001000000011 \%
b1000111101 F&
#1568
b100000000111100000101111111010000110100010011111010100000011011111000 \%
b1000111110 F&
#1569
b10001111101111110011000110000000011011111011111110011101111100001001 \%
b1000111111 F&
#1570
b1111010000000101000001001101100000001100 \%
b1001000000 F&
#1571
b111100011110100000111100000001100010100011111111111100101111011111110110 \%
b1001000001 F&
#1572
b10000011001111111101111010011111001111110010111111110000110111100111 \%
b1001000010 F&
#1573
b111111001110010000011100111010010001000000000111001000111101010111101000 \%
b1001000011 F&
#1574
b1111110100001100000001001110110011101110 \%
b1001000100 F&
#1575
b10110000000111010100000100010000110000010001111011011111001100001010 \%
b1001000101 F&
#1576
b1001010001101011101100001100110000100000001110001111111111010000001000 \%
b1001000110 F&
#1577
b111111101110011011111101111001111110111100111000111001000000010111111001 \%
b1001000111 F&
#1578
b1100101000100111111000101100101011101110 \%
b1001001000 F&
#1579
b101110000010100000111000011110010001011111011111100010000110100010100 \%
b1001001001 F&
#1580
b111001110000101011110110000010110001000000010001000001111111100111101111 \%
b1001001010 F&
#1581
b111000001110111000100010000011001111111111111100111101111110000111111001 \%
b1001001011 F&
#1582
b1000111111110111010100000100011110010 \%
b1001001100 F&
#1583
b110000111111110001010001011111101111110101000000100000110000011010 \%
b1001001101 F&
#1584
b111100110001000111101111110101000000011100100100111111101111011000010010 \%
b1001001110 F&
#1585
b1100000110111011101000011010001111111110101111111101110000000001011 \%
b1001001111 F&
#1586
b101100000000000000000000000000000010 \%
b1001010000 F&
#1587
b111000100000110100000101111100101111011100001000111111000010110011011011 \%
b1001010001 F&
#1588
b1001101001100011100111011011101110100000101111001010001111000100010 \%
b1001010010 F&
#1589
b101111110000010000000100111110001111010100010110111101101100101000000000 \%
b1001010011 F&
#1590
b1111100100010101001101101011111110101100 \%
b1001010100 F&
#1591
b100110001111011111011111101110000000011111111001001011110000011001000 \%
b1001010101 F&
#1592
b1110001001011111110111000000000011111100111001110001111000100001000 \%
b1001010110 F&
#1593
b101110011011110000111001101111101100011100111111011110100111100010 \%
b1001010111 F&
#1594
b1111100000010110001000110000011111111100 \%
b1001011000 F&
#1595
b111001111111001100000101000101110001101000001011000101010001011100000101 \%
b1001011001 F&
#1596
b111100101111101011111111001111100001011111111001110110011111011011100000 \%
b1001011010 F&
#1597
b111100110000010000011011111101110010101111110000111010001110111111110100 \%
b1001011011 F&
#1598
b1101100010011111011111100101100010100 \%
b1001011100 F&
#1599
b111110101111011011111001110110111101010111010000000011000000111011101001 \%
b1001011101 F&
#1600
b110101001110000000011010110011110000000111111011111100001111010111100100 \%
b1001011110 F&
#1601
b111011010010100111111000111101011110110111101110111101011111110000000011 \%
b1001011111 F&
#1602
b1110100100001100110111100001001100010001 \%
b1001100000 F&
#1603
b1011011110011100000101111001010000010011110111110110011111100100100001 \%
b1001100001 F&
#1604
b10000010011011000111100110001001111111001111000111110011100111010 \%
b1001100010 F&
#1605
b111110101110101111101011000011001111110000000110110100001111111000101101 \%
b1001100011 F&
#1606
b11000001110000001101111100100011100 \%
b1001100100 F&
#1607
b0 \%
b1001100101 F&
#1608
b1001100110 F&
#1609
b1001100111 F&
#1610
b1001101000 F&
#1611
b111101011111011100000000000000011110111101010100001010001110001011111011 \%
b1001101001 F&
#1612
b11101110001111110010111011010000101011110100000011010001011100000101 \%
b1001101010 F&
#1613
b111100101110100011101101001111001111111100111000001100011111011011110010 \%
b1001101011 F&
#1614
b1010110010001011111000111110011110111011110001111011100000101011110100 \%
b1001101100 F&
#1615
b10100011111100010001111000100100110100100100111110000000111000010101 \%
b1001101101 F&
#1616
b111101001111011000000100000000100001111011101100111100001111001111110101 \%
b1001101110 F&
#1617
b110111011101100000111001111101100001011000110111110111010000011011111101 \%
b1001101111 F&
#1618
b111000101110110011101000111100011110110111110011111111011111010000011111 \%
b1001110000 F&
#1619
b110111101111001011110111111100010000111111110011111101111111100111101111 \%
b1001110001 F&
#1620
b111011100001111111111100000001111111011111100101111010000000101011100110 \%
b1001110010 F&
#1621
b111000111110001100000101000011011111001100100101000101000011100100011110 \%
b1001110011 F&
#1622
b111111100001111011101100111010000000010011111100111100100000000111100110 \%
b1001110100 F&
#1623
b110111000000110100101011110110110001111011101111000011111111000011100011 \%
b1001110101 F&
#1624
b1101001011001000000001111111010100011101111100110000011000000110 \%
b1001110110 F&
#1625
b111111110000101100001011110100110000100011111010111010011110010111111101 \%
b1001110111 F&
#1626
b111100111111110100001100010000011111100111111000000101001101011011100011 \%
b1001111000 F&
#1627
b111100011111111111101100000100110100000111110001000110000010001111101011 \%
b1001111001 F&
#1628
b111100110001110100000000000010011111110111110001000000001110010111100111 \%
b1001111010 F&
#1629
b111010100010010000010100001001101111111111101100111101110001000100101000 \%
b1001111011 F&
#1630
b111110100001000000000100000001000001101011100010000011011111010011100100 \%
b1001111100 F&
#1631
b111001001110010000001110000110011111000100001010111111011111111011110110 \%
b1001111101 F&
#1632
b101110000101000011111 \%
b1001111110 F&
#1633
b11110001000011111011111100110000100011011110000010000000001100001111 \%
b1001111111 F&
#1634
b11011110000011110000000000011111001100001110000001101111111100001111 \%
b1010000000 F&
#1635
b111101001111100011111011111100000000011000000101111101001110110100101110 \%
b1010000001 F&
#1636
b101100101100100100111110100001111000001101110111100000111011101001 \%
b1010000010 F&
#1637
b110001111000000011000101111111111111100000011111111000001011011101111 \%
b1010000011 F&
#1638
b100001011000011001111111010000001011110101111011010001000011111100 \%
b1010000100 F&
#1639
b111010011111001000000110000010111111111000001110000011011110111111110001 \%
b1010000101 F&
#1640
b111010010000001011100110000001110000000000000000001101010000000000000101 \%
b1010000110 F&
#1641
b110111110001101011011010111101110000000111110111000010011111101011111011 \%
b1010000111 F&
#1642
b111111011101101100001000111110100000011011101101000001111110110000010001 \%
b1010001000 F&
#1643
b110111110001110011100101000110011111000100000001000000011111011011110011 \%
b1010001001 F&
#1644
b111011001111011111111110000001100001000111111110111111111111111111111111 \%
b1010001010 F&
#1645
b111100011110101000000101111001011111101100001100000011111101100000000001 \%
b1010001011 F&
#1646
b110011110101111011011110101011110111000011011111110100010000 \%
b1010001100 F&
#1647
b111000110001100100000111111101001110001011111100111110001111100111111001 \%
b1010001101 F&
#1648
b11010000100000101111001110010000111111000001000100101111110100001110 \%
b1010001110 F&
#1649
b1011111110011110111110100100000010100100001101111111111100111111110 \%
b1010001111 F&
#1650
b111111011111101001011010111111100000101111110110000010111111111100010101 \%
b1010010000 F&
#1651
b100010000101111111111000010101110110011110010111101011111101111110110 \%
b1010010001 F&
#1652
b110110110000010011110111111111010001001111110101110110010000011100001001 \%
b1010010010 F&
#1653
b111110111110111000000000111110100001101000000100000011100000010000001010 \%
b1010010011 F&
#1654
b111110101101100100000100 \%
b1010010100 F&
#1655
b110100000010110111010000011011110101111000010000000100010001 \%
b1010010101 F&
#1656
b111100111111111011111111111010111111111100011011111010110000011100011011 \%
b1010010110 F&
#1657
b111111100001010000010010000001011111110011110101111001110001000000001000 \%
b1010010111 F&
#1658
b101011100110111110011000100100000010000010001111111011110111100001001 \%
b1010011000 F&
#1659
b1010000000111000011100000010110000000011110101000100010001100011011111 \%
b1010011001 F&
#1660
b100001100000010100111110100000000100011001111000111111011000000011 \%
b1010011010 F&
#1661
b1011110110011100110111011111111111111111100000101010000110011011111 \%
b1010011011 F&
#1662
b111110011111100111110011000001110010001100000000111001110000000011101101 \%
b1010011100 F&
#1663
b111011001111101000011011000000111111010011111010000110001111100100010111 \%
b1010011101 F&
#1664
b111100101110111111111101000010011110100111111001111101001110111011110110 \%
b1010011110 F&
#1665
b111010000000001011010110111010111101110000000111000100001110110111011111 \%
b1010011111 F&
#1666
b1001101110111000001001000101110000101100000000000101011111101100001100 \%
b1010100000 F&
#1667
b111011100001001100000001000000111110100100001101000111000001110000001011 \%
b1010100001 F&
#1668
b110000000101000011011111101010001100111110010000000011111101000010001 \%
b1010100010 F&
#1669
b111000101110100100010001111110011110110111101111000010111111010111010010 \%
b1010100011 F&
#1670
b1011111111000011111010111011010001001111100110000000110000001111110111 \%
b1010100100 F&
#1671
b100001111001111110010111011001101011100101010000011000001001111110011 \%
b1010100101 F&
#1672
b1100000000011110100111001110000010011001101111010101111100011110001 \%
b1010100110 F&
#1673
b111111010000001000000000111100110000100011111010000001000001111111110001 \%
b1010100111 F&
#1674
b111100011111010111101101000100110000001011110010000101011111010111111100 \%
b1010101000 F&
#1675
b111110001111010011111010111101111110110011101101000001000001101000000010 \%
b1010101001 F&
#1676
b11010001000011111000 \%
b1010101010 F&
#1677
b111101111111000000010111000101110001111110011110011100010111011110100 \%
b1010101011 F&
#1678
b1001100001010011011010110111111111010011000110111101101110111011101011 \%
b1010101100 F&
#1679
b111011011011011000001101000110100011101000001010000000110010101011101110 \%
b1010101101 F&
#1680
b111000011110011011110000000111100000110000100000000100100001000011100101 \%
b1010101110 F&
#1681
b111111110001011110110001111111001101100111110101111110001110111100000011 \%
b1010101111 F&
#1682
b111001101101010011111110111001000000101011000100000000011110001011110100 \%
b1010110000 F&
#1683
b110111110000000100111010111110000011000011110100000001100000011000110100 \%
b1010110001 F&
#1684
b111101111111111110101111001001110100000000011000111100000010111101100 \%
b1010110010 F&
#1685
b11000011101000110101111100111111010100000011001100100000010100110101 \%
b1010110011 F&
#1686
b111000010110111110011111001101111000000001111111010111111001011110000 \%
b1010110100 F&
#1687
b111100010011000010111000111011000001110110111101110101000001111111111111 \%
b1010110101 F&
#1688
b111011010001010000001010101111111111101111100110000010010000011001001001 \%
b1010110110 F&
#1689
b111100110001001001001101000100100000100111101100111111110001111000100010 \%
b1010110111 F&
#1690
b1100000000100100110010000100110010101000001110111010000000101011000011 \%
b1010111000 F&
#1691
b1101011100011100011100000111010001100100011100111101001110111011110100 \%
b1010111001 F&
#1692
b11100000010011111100010010001111100000110100000100011101111100011010 \%
b1010111010 F&
#1693
b100010000100011011110000111011101000011111111111010010001100101001010 \%
b1010111011 F&
#1694
b111110111110100000101110000100010100001011110001000010011101110011101010 \%
b1010111100 F&
#1695
b110111010000110000101000110111011110001100101011111010111111001111111110 \%
b1010111101 F&
#1696
b111101101101110000010100001011100000010100000110000111101110101000100001 \%
b1010111110 F&
#1697
b110110110100101100001111000001101101000011000110001011101111010011110110 \%
b1010111111 F&
#1698
b10011001111101100010100 \%
b1011000000 F&
#1699
b0 \%
b1011000001 F&
#1700
b1011000010 F&
#1701
b1011000011 F&
#1702
b1011000100 F&
#1703
b1011000101 F&
#1704
b1011000110 F&
#1705
b1011000111 F&
#1706
b1011001000 F&
#1707
b1011001001 F&
#1708
b1011001010 F&
#1709
b1011001011 F&
#1710
b1011001100 F&
#1711
b1011001101 F&
#1712
b1011001110 F&
#1713
b1011001111 F&
#1714
b1011010000 F&
#1715
b1011010001 F&
#1716
b1011010010 F&
#1717
b1011010011 F&
#1718
b1011010100 F&
#1719
b1011010101 F&
#1720
b1011010110 F&
#1721
b111110000000000000000111111111101111010100001101111101111110101000001000 \%
b1011010111 F&
#1722
b111111000000101011110010000000111111110100010100000001010000010011111110 \%
b1011011000 F&
#1723
b11111110100000111000100010000010011011111000001001111001111101100 \%
b1011011001 F&
#1724
b1111010000010110000000100000010011111010 \%
b1011011010 F&
#1725
b10000001011011110010111010111111010100000110000100011111110011111101 \%
b1011011011 F&
#1726
b111100101110100100001011111111110000110100001111000001111111100000000010 \%
b1011011100 F&
#1727
b1001111011111110001000101101111101111110101111110010000100000000001 \%
b1011011101 F&
#1728
b100001011111101110000001000000011 \%
b1011011110 F&
#1729
b1011110011000001101111101111110100100010111101001110000010100101111 \%
b1011011111 F&
#1730
b10101110001111100111000010111110100111100011111110111010000100101100 \%
b1011100000 F&
#1731
b111101111100100100101111010101111010000011010010000101101001100001110 \%
b1011100001 F&
#1732
b1001000000011000011011100111100001101 \%
b1011100010 F&
#1733
b111111010001000000010100000011111111111000011001000000010010011011110010 \%
b1011100011 F&
#1734
b111101001111010011010010001010111111000111100111111101111110010111101010 \%
b1011100100 F&
#1735
b1000001000100011011000100010000101011101010110011111100100111111000 \%
b1011100101 F&
#1736
b111100010001000010111101111000001100 \%
b1011100110 F&
#1737
b11111110100001011000001100001011000000000111100100000100100000111 \%
b1011100111 F&
#1738
b10110000010111111011000011100000100000000111111110000000000000000110 \%
b1011101000 F&
#1739
b111110001111111000000011000010110000010000000110111111000000001111111100 \%
b1011101001 F&
#1740
b1111000011111100000000101110000100000101 \%
b1011101010 F&
#1741
b110111100000111111101000110010010000000111100110111101111101001111010101 \%
b1011101011 F&
#1742
b111000000100100100000111010110101111101011110100110110111110110100010011 \%
b1011101100 F&
#1743
b101010010000000001000000111101110110000110001111001101110010100000111 \%
b1011101101 F&
#1744
b1001011111001000000110010101100001000 \%
b1011101110 F&
#1745
b10001111111011110101000101000001101000100100111110010000010011111001 \%
b1011101111 F&
#1746
b111001100000011000100011000110100000100100001010110110110000000011011111 \%
b1011110000 F&
#1747
b110110011111000111001010111000000001000011110100110110000000011100000010 \%
b1011110001 F&
#1748
b1111010000000111111011010000101011111000 \%
b1011110010 F&
#1749
b110111110010000100010000000011010000001111111010110000100001101011100110 \%
b1011110011 F&
#1750
b100010000101011100100111111001111110111011010000010011101111011100100 \%
b1011110100 F&
#1751
b110111101111100111111001000110101111000000001000001111001111110011100110 \%
b1011110101 F&
#1752
b100011001000100001111100100101001 \%
b1011110110 F&
#1753
b1010000010011110101111110111111111111110101110010010001010011111011 \%
b1011110111 F&
#1754
b1111110000000010111011110001010011111110111110011110100100000011 \%
b1011111000 F&
#1755
b111111001111101111111010000100101111111000000011000101100000100000000001 \%
b1011111001 F&
#1756
b10011111101000000010000001011110100 \%
b1011111010 F&
#1757
b111001110000101100001100111011110000101100000000111101010000000000011011 \%
b1011111011 F&
#1758
b1110000010000010111000100000000101100100000111111111111110000010000 \%
b1011111100 F&
#1759
b101110100111101101001010111101111011111111000011000000100100001001 \%
b1011111101 F&
#1760
b1101010000000010111000111110100100000000 \%
b1011111110 F&
#1761
b1001111101111101101111110111111110111111110111011011111011111110010 \%
b1011111111 F&
#1762
b10100000000000000000000001101111111100001010000000001111111011111000 \%
b1100000000 F&
#1763
b10101111110100000000000001101111110011100100111010011110110111110101 \%
b1100000001 F&
#1764
b1111110111111111000000001111000000000101 \%
b1100000010 F&
#1765
b111101110101100001010111100001111000100100001110110001111010000000100 \%
b1100000011 F&
#1766
b110100011101111111111101111101011110001011110100111011011101111100001001 \%
b1100000100 F&
#1767
b11100001010011011100110011100000000000000100111010011101000000100001 \%
b1100000101 F&
#1768
b1101111100000000000001010010011000000010 \%
b1100000110 F&
#1769
b10010000011100000100111100111101101011110000111110111111111111111101 \%
b1100000111 F&
#1770
b111110011111000100001000111110000000000100001101000001011111010111111100 \%
b1100001000 F&
#1771
b111110110000011011101000000011101111000111111110110111110000011000001011 \%
b1100001001 F&
#1772
b11011111100111111110000111000000001 \%
b1100001010 F&
#1773
b111110100010111100100001111010000001001000011110111101010001011111110000 \%
b1100001011 F&
#1774
b111101010000010111111000111001000000000011101000111101110000000000010000 \%
b1100001100 F&
#1775
b110101111111111110001000010110000101011110101000011011110100111110111 \%
b1100001101 F&
#1776
b111011000101110000000001000001110 \%
b1100001110 F&
#1777
b10110001001011111100111000001110111000010010111111000001010100000011 \%
b1100001111 F&
#1778
b100100000111100110011001010001110111100000000001001100000000000001011 \%
b1100010000 F&
#1779
b111011110000110011101100001000001111010011101110111110001111100100101100 \%
b1100010001 F&
#1780
b10000000101111011111111001000000101 \%
b1100010010 F&
#1781
b1100010000011110001000110100001001011111000000110000010000100010011 \%
b1100010011 F&
#1782
b1111111000000001100000011101101101011101110111110001110110111101110 \%
b1100010100 F&
#1783
b111111001100000011111110011111011000000100111100001110111111110000 \%
b1100010101 F&
#1784
b1111011100001000111011110000110011010000 \%
b1100010110 F&
#1785
b111111111000000110111111010001010111111111111011100000001000000000 \%
b1100010111 F&
#1786
b10010000110000000100000011010001000100000110111101000000011000000001 \%
b1100011000 F&
#1787
b111111110000001111111111000010010000101000001100111110110000000100000010 \%
b1100011001 F&
#1788
b1111000000000011111101101110010000000011 \%
b1100011010 F&
#1789
b111111100111110110000011000000000100010100111110111111110011110001 \%
b1100011011 F&
#1790
b10001111101100011000111110011111011000010100000000100000000000000001 \%
b1100011100 F&
#1791
b1010000011100001101000011001111011111110000111111100000000011101100 \%
b1100011101 F&
#1792
b111000001101000010011111011100001001 \%
b1100011110 F&
#1793
b1001101010011101101000010011111000000010110110000000001010100000110 \%
b1100011111 F&
#1794
b111100101111011000010110111111100000011011110110111101111111101011110101 \%
b1100100000 F&
#1795
b11110010111011101000011011111101011111110111101110000111111101011 \%
b1100100001 F&
#1796
b110011011101000011010010001111001100 \%
b1100100010 F&
#1797
b100000000110011111111101100110000100011100011110110001101000111101101 \%
b1100100011 F&
#1798
b111011110001110000000111000110100001011010011101111100011111011111010011 \%
b1100100100 F&
#1799
b11111001000100010000100010000100000000110110010111101101100010000 \%
b1100100101 F&
#1800
b1110010100100100111111001111101111010001 \%
b1100100110 F&
#1801
b101110000100000001010000010100000101000001001000011000010110000011100 \%
b1100100111 F&
#1802
b11011111001111110000110110110000100100010101000001111110110111101101 \%
b1100101000 F&
#1803
b111111010000101011100011000001010000101011100110000001011111110011111010 \%
b1100101001 F&
#1804
b1111001100000001000100101101111111110111 \%
b1100101010 F&
#1805
b0 \%
b1100101011 F&
#1806
b1100101100 F&
#1807
b1100101101 F&
#1808
b1100101110 F&
#1809
b111100011110001111011111111001011110011100011001111010001110110100010000 \%
b1100101111 F&
#1810
b1001011110011000011010111011001101110011101101111010001110111111100101 \%
b1100110000 F&
#1811
b111011110100111111101000000111001001000011101011000111010001001011011011 \%
b1100110001 F&
#1812
b10110001100100011110000111100001010111101001000110101110100111101101 \%
b1100110010 F&
#1813
b110000001000000101100001111011110111011101101111010010001101011100110 \%
b1100110011 F&
#1814
b1000010000000111101110000100011110110100001110000101010001111010110011 \%
b1100110100 F&
#1815
b111010000000100100010101111010101110100000011101111010101110011111101101 \%
b1100110101 F&
#1816
b100000001101011101110000110110010011111101100000110001110111000100100 \%
b1100110110 F&
#1817
b111010000001101100000001111001111000000111101010000110011110110100010100 \%
b1100110111 F&
#1818
b101001110101000010101111010011010110100010000000001000001010100010110 \%
b1100111000 F&
#1819
b111100001000000011101110101010001111100010101000100101110100011110000 \%
b1100111001 F&
#1820
b110111111110010000010011000101011110110000100001000111000001000100010000 \%
b1100111010 F&
#1821
b111100111110101100010100111010001110111011100011110110101110001000101001 \%
b1100111011 F&
#1822
b111100011110011111101100111010000001111011101010001010001100001100100000 \%
b1100111100 F&
#1823
b110111110100000011001001100100001011100011000111010111110101111101100 \%
b1100111101 F&
#1824
b1000101011011110101110111010011110001000010110111010100001010000100100 \%
b1100111110 F&
#1825
b111010000001010000100011111101110010001100010101000011111111010100011101 \%
b1100111111 F&
#1826
b110111110100111101110111000100001010111001000111001011110001000011111 \%
b1101000000 F&
#1827
b111011011110101011101101111011000010001100011011000110110001100100100110 \%
b1101000001 F&
#1828
b111101000001010100010110000100110010000111101111111011110011010011010111 \%
b1101000010 F&
#1829
b111010011110100000011011111011011110101100100000111010110001000111100111 \%
b1101000011 F&
#1830
b1110001110001100010111 \%
b1101000100 F&
#1831
b111011111101111011010000000100010001111100100011110101010000111000001111 \%
b1101000101 F&
#1832
b1100101111100011111100111110100001111011111100111010000001011000010111 \%
b1101000110 F&
#1833
b101010000110011111100110110011111011000010010111010111110110100001111 \%
b1101000111 F&
#1834
b110110110000010000000100010010100001101000100011111111011110011011100101 \%
b1101001000 F&
#1835
b110111011110011111111101111101101111100000000010001001110001000011111111 \%
b1101001001 F&
#1836
b100001110000011100010111101111111000000010110111010000010001011111000 \%
b1101001010 F&
#1837
b111110110000001100111011000011010110000100010000001000111111110000010011 \%
b1101001011 F&
#1838
b110111111110010100001010110110111101111000000000111100010010111000000011 \%
b1101001100 F&
#1839
b11110010101111111110001010000000011111111110111001111101101111101100 \%
b1101001101 F&
#1840
b111010001111010000001011000010011101111011101111111101001101010000000001 \%
b1101001110 F&
#1841
b110011111110011111110000000110010011000010011000010101100000011101111 \%
b1101001111 F&
#1842
b111110110001000100011111000111010000110100001011010100000001010111111111 \%
b1101010000 F&
#1843
b1000001010111101000111000111100001100000100000010110011100111111011 \%
b1101010001 F&
#1844
b111100001101110011100100000011010001000100010100000100101101111000001100 \%
b1101010010 F&
#1845
b111010010000110011110011111000010000101111101110111000001111011111110011 \%
b1101010011 F&
#1846
b10001100000001000111110011111010100110010000000011111011100010110 \%
b1101010100 F&
#1847
b111010000000101000110101111111111101110011110010000011101101001000100111 \%
b1101010101 F&
#1848
b100100000011011111110111111111101010100010110001110101110110011100001 \%
b1101010110 F&
#1849
b11101111111100011010001011000010110111101010000010101111010100010001 \%
b1101010111 F&
#1850
b111011001101011000100010000110100001011011110100111110111111110000100000 \%
b1101011000 F&
#1851
b111001101111110011001111111101111110110011110101111110001110101111111110 \%
b1101011001 F&
#1852
b11110110111010111 \%
b1101011010 F&
#1853
b111000101110111011100000000101111110100000001111000000100000110100000000 \%
b1101011011 F&
#1854
b10000101111101111110001000001110000111111100100000000100001110100010101 \%
b1101011100 F&
#1855
b111011000000110111101111010001110011110100000000111011011110110000010100 \%
b1101011101 F&
#1856
b111011000000110000000101111100110010010111110000110110100001111100000001 \%
b1101011110 F&
#1857
b101111101000111101001111111111110110011111110000011101111101111111100 \%
b1101011111 F&
#1858
b11111001111101001111010111111100100000101111111110000111000011011 \%
b1101100000 F&
#1859
b111101101111011000011110111100111111111100000011111101000000001011110000 \%
b1101100001 F&
#1860
b110110100000000111111110001101111110111000001011000010010000111000011011 \%
b1101100010 F&
#1861
b111001110010100000010100111010110001000100010001111010101110100000000011 \%
b1101100011 F&
#1862
b111000011111100000011001111110110000110100001001111100110000000111110100 \%
b1101100100 F&
#1863
b111110110000100100000110111111011110101011101110111010010000111000000001 \%
b1101100101 F&
#1864
b10000000011011011001000101100001110011101000000110100011000100010010 \%
b1101100110 F&
#1865
b111111110000110011101101001000000000001000000100111001000000001011110001 \%
b1101100111 F&
#1866
b100001000100000101111010011111011100000111000100001111011011011010 \%
b1101101000 F&
#1867
b111011011111101100001100000010001110111000001000111101001101001000001001 \%
b1101101001 F&
#1868
b111111111100100000111000010100000001100001100000000011111010000011001 \%
b1101101010 F&
#1869
b111100001101110011111100111110000010011011011110111010111101101111100001 \%
b1101101011 F&
#1870
b111010110001111111101100000001010001001100001100111100100001001100001010 \%
b1101101100 F&
#1871
b110000100011110101110110001111011011110100111001101111001111101111 \%
b1101101101 F&
#1872
b110111110001110111111101110111000001011100010001000010101111101011101011 \%
b1101101110 F&
#1873
b11000000101100010101111111110000010011101110111110001111000011111110 \%
b1101101111 F&
#1874
b111111100000000100000011 \%
b1101110000 F&
#1875
b110000000011011111011000001110101001000001110111001110001110100001111 \%
b1101110001 F&
#1876
b101010000001100001001000001110000000111101111000011000000101100100010 \%
b1101110010 F&
#1877
b110101110000101111011011111010010000111000011010111010001111101011110110 \%
b1101110011 F&
#1878
b111110100001010000000110111010011111110111001110111100011100111000000111 \%
b1101110100 F&
#1879
b111111001111101100001111111110000001110011110100111001010010101011100011 \%
b1101110101 F&
#1880
b111111001110110011011101110011101111101100010000111100100000011000010001 \%
b1101110110 F&
#1881
b111100001110100100010110111110110000100011100010111111110000111000100101 \%
b1101110111 F&
#1882
b100110001000111111100111011011111010100001010111011101111101111110101 \%
b1101111000 F&
#1883
b111100001111100100001111111010000000101011110000001010011111000000011100 \%
b1101111001 F&
#1884
b110101110001111000101001000001101111011011110011110111100010001111111011 \%
b1101111010 F&
#1885
b11101010001011100101111011001111101000111010111111000000000011011110 \%
b1101111011 F&
#1886
b11111000100011101111000110000001100001100000000000001101000100011 \%
b1101111100 F&
#1887
b101001110111111100100111100100001111111111111111010001111100000001100 \%
b1101111101 F&
#1888
b1100011110010111110000001001111100011111100001000100100001100000101000 \%
b1101111110 F&
#1889
b111011011110111100011001111100110000001000010001111010001110100000001101 \%
b1101111111 F&
#1890
b1111110110000001100000000111101100011010100000100011110100011111000 \%
b1110000000 F&
#1891
b111110000000011011111110000000010000110111100100000010000000011111001010 \%
b1110000001 F&
#1892
b111110100001011111101000111100001101101111100100000010010001110100010000 \%
b1110000010 F&
#1893
b10001111110111111101000001110001110011011000001001111111111100001010 \%
b1110000011 F&
#1894
b100010001101111001010111111100001110111110001000001001111000111111101 \%
b1110000100 F&
#1895
b111101100000011011101000111111010010110111110010111100000010000000000000 \%
b1110000101 F&
#1896
b1000011101 \%
b1110000110 F&
#1897
b1001011110100100000110000010100100011100001001111010011101101000100010 \%
b1110000111 F&
#1898
b110011100000010100000101111111000000011011110101111000001110101011010100 \%
b1110001000 F&
#1899
b10000001000011101101110111110000001100010101110100100000011011110100 \%
b1110001001 F&
#1900
b110011101111110111111001111101111110010111010111111011001111000011101011 \%
b1110001010 F&
#1901
b1010011100011000011011000001110001000111111001111110111111111000100111 \%
b1110001011 F&
#1902
b111111011110011011100010001100101100110111111011000011011110110000000101 \%
b1110001100 F&
#1903
b111110010011010111111000111001101100001000001100000010001110010100100001 \%
b1110001101 F&
#1904
b10001111100111111110111100010000011111101011001011001110110100000000 \%
b1110001110 F&
#1905
b110100011111000100001011111000000000001111011110111101001111110000010101 \%
b1110001111 F&
#1906
b1010001111110100011010000011100010010000010111111011011011010100001101 \%
b1110010000 F&
#1907
b1100010111000011101000010110100000111100010001010011100100011100100 \%
b1110010001 F&
#1908
b101111001111101011111101111101000001110000000110111101000001101011111000 \%
b1110010010 F&
#1909
b111101111100011100101111011010010001101000011000101011101010100011100 \%
b1110010011 F&
#1910
b111011111110101100100000001010001101111100000010111110100001101111110101 \%
b1110010100 F&
#1911
b111111001101011000000010111100101110011011010110000010010001000011110110 \%
b1110010101 F&
#1912
b111010110000101100011110000100101110101011011101000111110010100111110111 \%
b1110010110 F&
#1913
b111001101111011110001110100010010011000011010111101011111100000011100 \%
b1110010111 F&
#1914
b100101111011100001111000000000010110011101101111101011101101100001010 \%
b1110011000 F&
#1915
b100000001010111010011111001100000101100000101111101111110101011011000 \%
b1110011001 F&
#1916
b111010101111111111111011111100001110111100000111001000010000100100101011 \%
b1110011010 F&
#1917
b111100000001111011111010000011000001101000001101111011011111100000101110 \%
b1110011011 F&
#1918
b101111110001011111110 \%
b1110011100 F&
#1919
b100011111100100010011111111111111001011110010000000011111010100001011 \%
b1110011101 F&
#1920
b10100000010111110110000010101111011111110100110110110000000011010110 \%
b1110011110 F&
#1921
b110010010000011011101000010110000010000001001000111010010000111101100 \%
b1110011111 F&
#1922
b1000110000101111001001000110001110100111100111110111010000001011101000 \%
b1110100000 F&
#1923
b111111010001100000011001111001101110110101000100110100111110101000100111 \%
b1110100001 F&
#1924
b110101110000100100001100111100000000001000001011100101101111010100010110 \%
b1110100010 F&
#1925
b111101001101001111111011001100010000001100001100000011101111000100010110 \%
b1110100011 F&
#1926
b111111101111111000100000111010111111011000100111000001011111111101001111 \%
b1110100100 F&
#1927
b111100011111001011011110111101011111110100011001111001110000011111010100 \%
b1110100101 F&
#1928
b111100101101110100001000001101111111010000000001111110111101011011001010 \%
b1110100110 F&
#1929
b1000011111110111111100000101010001100011101010000000011110011100000111 \%
b1110100111 F&
#1930
b111010000010000001000100110010111111101000010001001011100000111011001100 \%
b1110101000 F&
#1931
b111100001111111111111100000101111111110111100101111100110001100100011100 \%
b1110101001 F&
#1932
b111110010000111000000101111000010000110100101111111101001111100000000010 \%
b1110101010 F&
#1933
b110101100001101011110111111110101110001111111111111110001110001111111000 \%
b1110101011 F&
#1934
b111111101111010000001110111000000000101111010011111000000000011111110000 \%
b1110101100 F&
#1935
b111000001101101111010010001000110001011011101101111001101110101000011011 \%
b1110101101 F&
#1936
b11111111100010110000100100001000111111000111010101101100111100101 \%
b1110101110 F&
#1937
b10000000110111110111111011011110010000001010000000000000100100001110 \%
b1110101111 F&
#1938
b110011011101110100010010000010000000000011111100000110001111101011101000 \%
b1110110000 F&
#1939
b111111100000111100011111111011100000101100000010110011111101111111111000 \%
b1110110001 F&
#1940
b111101010000010000011101 \%
b1110110010 F&
#1941
b110111100000000000000110111111001110010000000010111101010000000100001001 \%
b1110110011 F&
#1942
b110001111111000010100111000110000100010110011000101011111111011110111 \%
b1110110100 F&
#1943
b110101111111011111100001110110111100111100001001111110101110111000011000 \%
b1110110101 F&
#1944
b111111110001101011100000000010100001111011111011111111010001110100010001 \%
b1110110110 F&
#1945
b1001010000101100010010000010001111001000000000111101001111111011101100 \%
b1110110111 F&
#1946
b1101110101000000101110110000010111111110011000011101011111000001100 \%
b1110111000 F&
#1947
b1001000000110000001011111010100001000100001101000001101111010011111000 \%
b1110111001 F&
#1948
b10110000111000011011000000011111011111101101000110100001101011100111 \%
b1110111010 F&
#1949
b111110110001110000010011111101001111011111110010000000111111010000100010 \%
b1110111011 F&
#1950
b111000011111000011011111111110101111011001000000000110001111100011111110 \%
b1110111100 F&
#1951
b111000100010011000001011000000000001000000011000110101101110111000000101 \%
b1110111101 F&
#1952
b111100010000111100000010000010111111110100010101000000111111011111111110 \%
b1110111110 F&
#1953
b111101011111001111111001111000100010100111100010110011110001010111110110 \%
b1110111111 F&
#1954
b111110110000011000001100111011110000001111110011000101111111000100001010 \%
b1111000000 F&
#1955
b110100100000100111001011001000001110110000000000111111101110010000010011 \%
b1111000001 F&
#1956
b111001100000100011111011000010000000110011100010000110110001010011110101 \%
b1111000010 F&
#1957
b111010101011111011111010111000010001100111100011111010110000000111101101 \%
b1111000011 F&
#1958
b11000001001000011001111101110000011010111011111111100001101000101011 \%
b1111000100 F&
#1959
b111000000001100000001100000101011111011011011000000010001110011111101000 \%
b1111000101 F&
#1960
b110101110110111100111111000100000000100101001111000011101000000011111 \%
b1111000110 F&
#1961
b1010000101000100111110011011101011100000001111010110001100000010011 \%
b1111000111 F&
#1962
b11111111000100000100 \%
b1111001000 F&
#1963
b1010101111111100100011111101100001111100000001000110010000111100001101 \%
b1111001001 F&
#1964
b111011111101101111110010111010101111000100011111000110011111001011101001 \%
b1111001010 F&
#1965
b11110100000100010000111011110001100001000111100000000110100010101 \%
b1111001011 F&
#1966
b110100010000110111101110000001111111001000100100001000101111100100000001 \%
b1111001100 F&
#1967
b111001010000011011110110111000111111010000101000000100111111101100010011 \%
b1111001101 F&
#1968
b110111000001100011110000000001100000001011011011000100101100010100010100 \%
b1111001110 F&
#1969
b110011110011000001001000010001111010100011110111000011110111111111010 \%
b1111001111 F&
#1970
b1011110010111101110000100100000110011110001111100001110010011011110 \%
b1111010000 F&
#1971
b110100001000100101010001000011111010100100010110101111111110111110111 \%
b1111010001 F&
#1972
b1001111001100001011001000010001011111110000000111111101011000001100 \%
b1111010010 F&
#1973
b111100000001010000001100000101100001101111101000000101000001101111111100 \%
b1111010011 F&
#1974
b111111101110111011101011000111100010101011110001111011001111101111011010 \%
b1111010100 F&
#1975
b111100011111100100010010111110000000010011000101000010001111011000000001 \%
b1111010101 F&
#1976
b110110010000010000000001111011100000100000000101111110011110011111110011 \%
b1111010110 F&
#1977
b101110001100110110111111010000010011110011111001010001001000000111 \%
b1111010111 F&
#1978
b111101010000111000010011111001000000001000011000111101010010100111111111 \%
b1111011000 F&
#1979
b111010011110111011110111000001001111110101001111001010010000001011101101 \%
b1111011001 F&
#1980
b111111110001101111011111111101010000011011100100111011100001000100010011 \%
b1111011010 F&
#1981
b111110011110001011110101000101011101001000001111111101001111100100000101 \%
b1111011011 F&
#1982
b1000111111011100100010000100111111010111110110111111100010001000100001 \%
b1111011100 F&
#1983
b100000001111100111111001111111110111100001000100011111011100001110 \%
b1111011101 F&
#1984
b111111111111101000000111 \%
b1111011110 F&
#1985
b0 \%
b1111011111 F&
#1986
b1111100000 F&
#1987
b1111100001 F&
#1988
b1111100010 F&
#1989
b1111100011 F&
#1990
b1111100100 F&
#1991
b1111100101 F&
#1992
b1111100110 F&
#1993
b1111100111 F&
#1994
b1111101000 F&
#1995
b1111101001 F&
#1996
b1111101010 F&
#1997
b1111101011 F&
#1998
b1111101100 F&
#1999
b1111101101 F&
#2000
b1111101110 F&
#2001
b1111101111 F&
#2002
b1111110000 F&
#2003
b1111110001 F&
#2004
b1111110010 F&
#2005
b1111110011 F&
#2006
b1111110100 F&
#2007
b110000100111110010001000100000110011101110000001111111100111110100 \%
b1111110101 F&
#2008
b111111000000110111110010000010110000001011111011001000111110100011111111 \%
b1111110110 F&
#2009
b111111100001101000000000000001100001001100001001000010000010111011111111 \%
b1111110111 F&
#2010
b1101110000010111100000000001011101110011100110111100111111100111110100 \%
b1111111000 F&
#2011
b111111001111001000001001000010100001011011110001111101000001111111110100 \%
b1111111001 F&
#2012
b10010001011000000011000100000001100100010100000010100000100100100010 \%
b1111111010 F&
#2013
b111010110000010111110100000001101111001111100111000100001111111011111100 \%
b1111111011 F&
#2014
b11110001 \%
b1111111100 F&
#2015
b111100010000011011010110111011111110000111111001111101101111000100010011 \%
b1111111101 F&
#2016
b10001110010100100101010111010110000010100000111000010001111010000001110 \%
b1111111110 F&
#2017
b111101011111000000001100000000010000001011011011111011000001001111111010 \%
b1111111111 F&
#2018
b100111111111111111000111001111111001111011010110110111111001111110110 \%
b0 F&
#2019
b10100000010100000111000100000011111011110001111110000000100100000011 \%
b1 F&
#2020
b111100011101000111100101000000100001100000001010111111110000000000000000 \%
b10 F&
#2021
b111110011111011100001110111111001110111111111011111011101000000011000000 \%
b11 F&
#2022
b111010111100010111011110000001100001001000001011111100111101000011101010 \%
b100 F&
#2023
b111111111111111000000000110011000010111111110010000000010000000000000000 \%
b101 F&
#2024
b10100000000000001010010001100010010 \%
b110 F&
#2025
b10000000100000001000000000000000000000000 \%
b111 F&
#2026
b1111011111111111001001110000010111010011000000010000001000000010 \%
b1000 F&
#2027
b1101111011011100010111000000101111101111111100 \%
b1001 F&
#2028
b11110110111110111000111100110100100111110111001101110001111110100 \%
b1010 F&
#2029
b111101111101110011101100111010101111111100001110000011011110001000010000 \%
b1011 F&
#2030
b1000000101100001000111010011101111101000000 \%
b1100 F&
#2031
b10000011000111010011110010000000010011110111001100110001101000001000 \%
b1101 F&
#2032
b1111000011101001111111010001000100000000 \%
b1110 F&
#2033
b110111111110100111111011000000000000110011111010111111010001110001000111 \%
b1111 F&
#2034
b1101101100010011111111011110101000001110 \%
b10000 F&
#2035
b1101000011100000110000111000111101111010111011111111111110011100000000 \%
b10001 F&
#2036
b1111111100000000000000000000100011111000001100010000011000000000 \%
b10010 F&
#2037
b111100110001001100001100111111111111010100101100111011111111101000000001 \%
b10011 F&
#2038
b1111101010111100000001111111111100011110 \%
b10100 F&
#2039
b111111010000100110001101000110001100011100011101111110111100101111111111 \%
b10101 F&
#2040
b1111111111111111000000000000010000000011001011100000101000000000 \%
b10110 F&
#2041
b111111100000111000001011111111111111011100000011111100010001011000010010 \%
b10111 F&
#2042
b1111001011110010000010000000100111000101 \%
b11000 F&
#2043
b111111001111001100010011000011100000000111110111000000010000000111111001 \%
b11001 F&
#2044
b11111000000110011110110011110000000000001111010011111010 \%
b11010 F&
#2045
1{
b111100101110100000000000000011000001000000010110000010011111100111101110 \%
b11011 F&
#2046
b1 )
b11101000000011100111000100000101000100000011000100000010 3
b1001111110001111111100001111000011010000001111111111 \%
b11100 F&
b11101000000011100111000100000101000100000011000100000010 X'
b1 Q(
#2047
b1100000011000001100000110111011001 3
b111101110000010011111110111111110000011000000101000001100000010100010000 \%
b11101 F&
b1100000011000001100000110111011001 X'
b10011001000001 B(
#2048
0{
1|
b11110010000001110001011100000000000011111111110000000001 \%
b11110 F&
b0 X'
b10011001000000 B(
1Z(
#2049
b0 "
b0 )
0|
0e#
b1001111100100010000000101111111101100000000111100100000111111111100 \%
b11111 F&
b11 R'
b0 U'
b0 Q(
#2050
b111111111111111111111111111111111111111111111111111111111111111111111111 {"
b111111111111111111111111111111111111111111111111111111111111111111111111 g#
b1110111111101111100100001101111010010000100000001100 \%
b100000 F&
#2051
b100010001011011111001111110100001011111011010000011000011010011001100 \%
b100001 F&
#2052
b11010110000001110001111011111101111010111110101011110001 \%
b100010 F&
#2053
b111110111110010011101101110100011110110110111010110111011110110111000110 \%
b100011 F&
#2054
b11110100000000101111111100010010000001100010101111101110 \%
b100100 F&
#2055
b111110101000100011111111101111000011101110000110100000000100001100 \%
b0 F&
b0 B(
#2056
b11101011000110010000000000011011000010100001000111110101 \%
#2057
b111100011101000111100101000000100001100000001010111111110000000000000000 \%
